[2026-04-22 22:46:09,218] [INFO] |||||||||||||||||||| PATIENT #0 | GT: C (Ceftriaxone) ||||||||||||||||||||
[2026-04-22 22:46:09,218] [INFO] ==================== Turn 1 ====================
[2026-04-22 22:46:09,218] [INFO] ++++++++++++++++++++ Start of Implicit Abstention [expert_basics.py:expert_response_choice_or_question()] ++++++++++++++++++++
[2026-04-22 22:46:09,218] [INFO] [<IMPLICIT ABSTAIN PROMPT>] [len(messages)=2] (messages[-1]):
A patient comes into the clinic presenting with a symptom as described in the conversation log below:
    
PATIENT INFORMATION: A 21-year-old sexually active male complains of fever, pain during urination, and inflammation and pain in the right knee.
CONVERSATION LOG:
None
QUESTION: The mechanism of action of the medication given blocks cell wall synthesis, which of the following was given?
OPTIONS: A: Gentamicin, B: Ciprofloxacin, C: Ceftriaxone, D: Trimethoprim
YOUR TASK: Given the information so far, if you are confident to pick an option correctly and factually, respond with the letter choice and NOTHING ELSE. Otherwise, if you are not confident to pick an option and need more information, ask ONE SPECIFIC ATOMIC QUESTION to the patient. The question should be bite-sized, NOT ask for too much at once, and NOT repeat what has already been asked. In this case, respond with the atomic question and NOTHING ELSE.
[2026-04-22 22:46:09,218] [INFO] -------------------- Self-Consistency Iteration 1 --------------------
[2026-04-22 22:46:14,608] [INFO] [<IMPLICIT ABSTAIN LM RES>]: B

[2026-04-22 22:46:14,608] [INFO] [<IMPLICIT ABSTAIN PARSED>]: B
[2026-04-22 22:46:14,608] [INFO] [<IMPLICIT ABSTAIN RETURN>]: atomic_question: None, final_answer: B, conf_score: 1.0 ([1 : 0])
[2026-04-22 22:46:14,608] [INFO] [ABSTENTION PROMPT]: [{'role': 'system', 'content': 'You are a medical doctor trying to reason through a real-life clinical case. Based on your understanding of basic and clinical science, medical knowledge, and mechanisms underlying health, disease, patient care, and modes of therapy, respond according to the task specified by the user. Base your response on the current and standard practices referenced in medical guidelines.'}, {'role': 'user', 'content': 'A patient comes into the clinic presenting with a symptom as described in the conversation log below:\n    \nPATIENT INFORMATION: A 21-year-old sexually active male complains of fever, pain during urination, and inflammation and pain in the right knee.\nCONVERSATION LOG:\nNone\nQUESTION: The mechanism of action of the medication given blocks cell wall synthesis, which of the following was given?\nOPTIONS: A: Gentamicin, B: Ciprofloxacin, C: Ceftriaxone, D: Trimethoprim\nYOUR TASK: Given the information so far, if you are confident to pick an option correctly and factually, respond with the letter choice and NOTHING ELSE. Otherwise, if you are not confident to pick an option and need more information, ask ONE SPECIFIC ATOMIC QUESTION to the patient. The question should be bite-sized, NOT ask for too much at once, and NOT repeat what has already been asked. In this case, respond with the atomic question and NOTHING ELSE.'}]
[2026-04-22 22:46:14,608] [INFO] [ABSTENTION RESPONSE]: B


[2026-04-22 22:46:14,608] [INFO] [IMPLICIT ABSTAIN RETURN]: abstain: False, confidence: 1.0, letter_choice: B, usage: {'input_tokens': 286, 'output_tokens': 3}, atomic_question: None

[2026-04-22 22:46:14,608] [INFO] [Expert System]: {'type': 'choice', 'question': None, 'letter_choice': 'B', 'confidence': 1.0, 'usage': {'input_tokens': 286, 'output_tokens': 3}}
[2026-04-22 22:46:14,608] [INFO] |||||||||||||||||||| Interaction ended for patient #0 | Predicted: B | GT: C | Correct: False ||||||||||||||||||||



[2026-04-22 22:46:14,608] [INFO] |||||||||||||||||||| PATIENT #1 | GT: A (Cyclic vomiting syndrome) ||||||||||||||||||||
[2026-04-22 22:46:14,608] [INFO] ==================== Turn 1 ====================
[2026-04-22 22:46:14,608] [INFO] ++++++++++++++++++++ Start of Implicit Abstention [expert_basics.py:expert_response_choice_or_question()] ++++++++++++++++++++
[2026-04-22 22:46:14,608] [INFO] [<IMPLICIT ABSTAIN PROMPT>] [len(messages)=2] (messages[-1]):
A patient comes into the clinic presenting with a symptom as described in the conversation log below:
    
PATIENT INFORMATION: A 5-year-old girl is brought to the emergency department by her mother because of multiple episodes of nausea and vomiting that last about 2 hours.
CONVERSATION LOG:
None
QUESTION: Which of the following is the most likely diagnosis?
OPTIONS: A: Cyclic vomiting syndrome, B: Gastroenteritis, C: Hypertrophic pyloric stenosis, D: Gastroesophageal reflux disease
YOUR TASK: Given the information so far, if you are confident to pick an option correctly and factually, respond with the letter choice and NOTHING ELSE. Otherwise, if you are not confident to pick an option and need more information, ask ONE SPECIFIC ATOMIC QUESTION to the patient. The question should be bite-sized, NOT ask for too much at once, and NOT repeat what has already been asked. In this case, respond with the atomic question and NOTHING ELSE.
[2026-04-22 22:46:14,608] [INFO] -------------------- Self-Consistency Iteration 1 --------------------
[2026-04-22 22:46:14,794] [INFO] [<IMPLICIT ABSTAIN LM RES>]: B

[2026-04-22 22:46:14,794] [INFO] [<IMPLICIT ABSTAIN PARSED>]: B
[2026-04-22 22:46:14,794] [INFO] [<IMPLICIT ABSTAIN RETURN>]: atomic_question: None, final_answer: B, conf_score: 1.0 ([1 : 0])
[2026-04-22 22:46:14,794] [INFO] [ABSTENTION PROMPT]: [{'role': 'system', 'content': 'You are a medical doctor trying to reason through a real-life clinical case. Based on your understanding of basic and clinical science, medical knowledge, and mechanisms underlying health, disease, patient care, and modes of therapy, respond according to the task specified by the user. Base your response on the current and standard practices referenced in medical guidelines.'}, {'role': 'user', 'content': 'A patient comes into the clinic presenting with a symptom as described in the conversation log below:\n    \nPATIENT INFORMATION: A 5-year-old girl is brought to the emergency department by her mother because of multiple episodes of nausea and vomiting that last about 2 hours.\nCONVERSATION LOG:\nNone\nQUESTION: Which of the following is the most likely diagnosis?\nOPTIONS: A: Cyclic vomiting syndrome, B: Gastroenteritis, C: Hypertrophic pyloric stenosis, D: Gastroesophageal reflux disease\nYOUR TASK: Given the information so far, if you are confident to pick an option correctly and factually, respond with the letter choice and NOTHING ELSE. Otherwise, if you are not confident to pick an option and need more information, ask ONE SPECIFIC ATOMIC QUESTION to the patient. The question should be bite-sized, NOT ask for too much at once, and NOT repeat what has already been asked. In this case, respond with the atomic question and NOTHING ELSE.'}]
[2026-04-22 22:46:14,794] [INFO] [ABSTENTION RESPONSE]: B


[2026-04-22 22:46:14,794] [INFO] [IMPLICIT ABSTAIN RETURN]: abstain: False, confidence: 1.0, letter_choice: B, usage: {'input_tokens': 283, 'output_tokens': 3}, atomic_question: None

[2026-04-22 22:46:14,794] [INFO] [Expert System]: {'type': 'choice', 'question': None, 'letter_choice': 'B', 'confidence': 1.0, 'usage': {'input_tokens': 283, 'output_tokens': 3}}
[2026-04-22 22:46:14,794] [INFO] |||||||||||||||||||| Interaction ended for patient #1 | Predicted: B | GT: A | Correct: False ||||||||||||||||||||



[2026-04-22 22:46:14,795] [INFO] |||||||||||||||||||| PATIENT #2 | GT: D (Trazodone) ||||||||||||||||||||
[2026-04-22 22:46:14,795] [INFO] ==================== Turn 1 ====================
[2026-04-22 22:46:14,795] [INFO] ++++++++++++++++++++ Start of Implicit Abstention [expert_basics.py:expert_response_choice_or_question()] ++++++++++++++++++++
[2026-04-22 22:46:14,795] [INFO] [<IMPLICIT ABSTAIN PROMPT>] [len(messages)=2] (messages[-1]):
A patient comes into the clinic presenting with a symptom as described in the conversation log below:
    
PATIENT INFORMATION: A 40-year-old woman presents with difficulty falling asleep, diminished appetite, and tiredness for the past 6 weeks.
CONVERSATION LOG:
None
QUESTION: Which of the following is the best course of treatment in this patient?
OPTIONS: A: Diazepam, B: Paroxetine, C: Zolpidem, D: Trazodone
YOUR TASK: Given the information so far, if you are confident to pick an option correctly and factually, respond with the letter choice and NOTHING ELSE. Otherwise, if you are not confident to pick an option and need more information, ask ONE SPECIFIC ATOMIC QUESTION to the patient. The question should be bite-sized, NOT ask for too much at once, and NOT repeat what has already been asked. In this case, respond with the atomic question and NOTHING ELSE.
[2026-04-22 22:46:14,795] [INFO] -------------------- Self-Consistency Iteration 1 --------------------
[2026-04-22 22:46:14,979] [INFO] [<IMPLICIT ABSTAIN LM RES>]: C

[2026-04-22 22:46:14,979] [INFO] [<IMPLICIT ABSTAIN PARSED>]: C
[2026-04-22 22:46:14,979] [INFO] [<IMPLICIT ABSTAIN RETURN>]: atomic_question: None, final_answer: C, conf_score: 1.0 ([1 : 0])
[2026-04-22 22:46:14,979] [INFO] [ABSTENTION PROMPT]: [{'role': 'system', 'content': 'You are a medical doctor trying to reason through a real-life clinical case. Based on your understanding of basic and clinical science, medical knowledge, and mechanisms underlying health, disease, patient care, and modes of therapy, respond according to the task specified by the user. Base your response on the current and standard practices referenced in medical guidelines.'}, {'role': 'user', 'content': 'A patient comes into the clinic presenting with a symptom as described in the conversation log below:\n    \nPATIENT INFORMATION: A 40-year-old woman presents with difficulty falling asleep, diminished appetite, and tiredness for the past 6 weeks.\nCONVERSATION LOG:\nNone\nQUESTION: Which of the following is the best course of treatment in this patient?\nOPTIONS: A: Diazepam, B: Paroxetine, C: Zolpidem, D: Trazodone\nYOUR TASK: Given the information so far, if you are confident to pick an option correctly and factually, respond with the letter choice and NOTHING ELSE. Otherwise, if you are not confident to pick an option and need more information, ask ONE SPECIFIC ATOMIC QUESTION to the patient. The question should be bite-sized, NOT ask for too much at once, and NOT repeat what has already been asked. In this case, respond with the atomic question and NOTHING ELSE.'}]
[2026-04-22 22:46:14,979] [INFO] [ABSTENTION RESPONSE]: C


[2026-04-22 22:46:14,979] [INFO] [IMPLICIT ABSTAIN RETURN]: abstain: False, confidence: 1.0, letter_choice: C, usage: {'input_tokens': 278, 'output_tokens': 3}, atomic_question: None

[2026-04-22 22:46:14,979] [INFO] [Expert System]: {'type': 'choice', 'question': None, 'letter_choice': 'C', 'confidence': 1.0, 'usage': {'input_tokens': 278, 'output_tokens': 3}}
[2026-04-22 22:46:14,979] [INFO] |||||||||||||||||||| Interaction ended for patient #2 | Predicted: C | GT: D | Correct: False ||||||||||||||||||||



[2026-04-22 22:46:14,979] [INFO] |||||||||||||||||||| PATIENT #3 | GT: B (Obtain a urine analysis and urine culture) ||||||||||||||||||||
[2026-04-22 22:46:14,979] [INFO] ==================== Turn 1 ====================
[2026-04-22 22:46:14,979] [INFO] ++++++++++++++++++++ Start of Implicit Abstention [expert_basics.py:expert_response_choice_or_question()] ++++++++++++++++++++
[2026-04-22 22:46:14,979] [INFO] [<IMPLICIT ABSTAIN PROMPT>] [len(messages)=2] (messages[-1]):
A patient comes into the clinic presenting with a symptom as described in the conversation log below:
    
PATIENT INFORMATION: A 37-year-old female with a history of type II diabetes mellitus presents to the emergency department complaining of blood in her urine, left-sided flank pain, nausea, and fever.
CONVERSATION LOG:
None
QUESTION: Which of the following is the next best step in management?
OPTIONS: A: Obtain an abdominal CT scan, B: Obtain a urine analysis and urine culture, C: Begin intravenous treatment with ceftazidime, D: No treatment is necessary
YOUR TASK: Given the information so far, if you are confident to pick an option correctly and factually, respond with the letter choice and NOTHING ELSE. Otherwise, if you are not confident to pick an option and need more information, ask ONE SPECIFIC ATOMIC QUESTION to the patient. The question should be bite-sized, NOT ask for too much at once, and NOT repeat what has already been asked. In this case, respond with the atomic question and NOTHING ELSE.
[2026-04-22 22:46:14,979] [INFO] -------------------- Self-Consistency Iteration 1 --------------------
[2026-04-22 22:46:15,169] [INFO] [<IMPLICIT ABSTAIN LM RES>]: B

[2026-04-22 22:46:15,169] [INFO] [<IMPLICIT ABSTAIN PARSED>]: B
[2026-04-22 22:46:15,169] [INFO] [<IMPLICIT ABSTAIN RETURN>]: atomic_question: None, final_answer: B, conf_score: 1.0 ([1 : 0])
[2026-04-22 22:46:15,169] [INFO] [ABSTENTION PROMPT]: [{'role': 'system', 'content': 'You are a medical doctor trying to reason through a real-life clinical case. Based on your understanding of basic and clinical science, medical knowledge, and mechanisms underlying health, disease, patient care, and modes of therapy, respond according to the task specified by the user. Base your response on the current and standard practices referenced in medical guidelines.'}, {'role': 'user', 'content': 'A patient comes into the clinic presenting with a symptom as described in the conversation log below:\n    \nPATIENT INFORMATION: A 37-year-old female with a history of type II diabetes mellitus presents to the emergency department complaining of blood in her urine, left-sided flank pain, nausea, and fever.\nCONVERSATION LOG:\nNone\nQUESTION: Which of the following is the next best step in management?\nOPTIONS: A: Obtain an abdominal CT scan, B: Obtain a urine analysis and urine culture, C: Begin intravenous treatment with ceftazidime, D: No treatment is necessary\nYOUR TASK: Given the information so far, if you are confident to pick an option correctly and factually, respond with the letter choice and NOTHING ELSE. Otherwise, if you are not confident to pick an option and need more information, ask ONE SPECIFIC ATOMIC QUESTION to the patient. The question should be bite-sized, NOT ask for too much at once, and NOT repeat what has already been asked. In this case, respond with the atomic question and NOTHING ELSE.'}]
[2026-04-22 22:46:15,169] [INFO] [ABSTENTION RESPONSE]: B


[2026-04-22 22:46:15,169] [INFO] [IMPLICIT ABSTAIN RETURN]: abstain: False, confidence: 1.0, letter_choice: B, usage: {'input_tokens': 302, 'output_tokens': 3}, atomic_question: None

[2026-04-22 22:46:15,169] [INFO] [Expert System]: {'type': 'choice', 'question': None, 'letter_choice': 'B', 'confidence': 1.0, 'usage': {'input_tokens': 302, 'output_tokens': 3}}
[2026-04-22 22:46:15,169] [INFO] |||||||||||||||||||| Interaction ended for patient #3 | Predicted: B | GT: B | Correct: True ||||||||||||||||||||



[2026-04-22 22:46:15,169] [INFO] |||||||||||||||||||| PATIENT #4 | GT: A (Hypoperfusion) ||||||||||||||||||||
[2026-04-22 22:46:15,169] [INFO] ==================== Turn 1 ====================
[2026-04-22 22:46:15,169] [INFO] ++++++++++++++++++++ Start of Implicit Abstention [expert_basics.py:expert_response_choice_or_question()] ++++++++++++++++++++
[2026-04-22 22:46:15,169] [INFO] [<IMPLICIT ABSTAIN PROMPT>] [len(messages)=2] (messages[-1]):
A patient comes into the clinic presenting with a symptom as described in the conversation log below:
    
PATIENT INFORMATION: A 19-year-old boy presents with confusion and the inability to speak properly.
CONVERSATION LOG:
None
QUESTION: Which of the following should be treated first in this patient?
OPTIONS: A: Hypoperfusion, B: Hyperglycemia, C: Metabolic acidosis, D: Hypokalemia
YOUR TASK: Given the information so far, if you are confident to pick an option correctly and factually, respond with the letter choice and NOTHING ELSE. Otherwise, if you are not confident to pick an option and need more information, ask ONE SPECIFIC ATOMIC QUESTION to the patient. The question should be bite-sized, NOT ask for too much at once, and NOT repeat what has already been asked. In this case, respond with the atomic question and NOTHING ELSE.
[2026-04-22 22:46:15,169] [INFO] -------------------- Self-Consistency Iteration 1 --------------------
[2026-04-22 22:46:15,353] [INFO] [<IMPLICIT ABSTAIN LM RES>]: A

[2026-04-22 22:46:15,353] [INFO] [<IMPLICIT ABSTAIN PARSED>]: A
[2026-04-22 22:46:15,353] [INFO] [<IMPLICIT ABSTAIN RETURN>]: atomic_question: None, final_answer: A, conf_score: 1.0 ([1 : 0])
[2026-04-22 22:46:15,353] [INFO] [ABSTENTION PROMPT]: [{'role': 'system', 'content': 'You are a medical doctor trying to reason through a real-life clinical case. Based on your understanding of basic and clinical science, medical knowledge, and mechanisms underlying health, disease, patient care, and modes of therapy, respond according to the task specified by the user. Base your response on the current and standard practices referenced in medical guidelines.'}, {'role': 'user', 'content': 'A patient comes into the clinic presenting with a symptom as described in the conversation log below:\n    \nPATIENT INFORMATION: A 19-year-old boy presents with confusion and the inability to speak properly.\nCONVERSATION LOG:\nNone\nQUESTION: Which of the following should be treated first in this patient?\nOPTIONS: A: Hypoperfusion, B: Hyperglycemia, C: Metabolic acidosis, D: Hypokalemia\nYOUR TASK: Given the information so far, if you are confident to pick an option correctly and factually, respond with the letter choice and NOTHING ELSE. Otherwise, if you are not confident to pick an option and need more information, ask ONE SPECIFIC ATOMIC QUESTION to the patient. The question should be bite-sized, NOT ask for too much at once, and NOT repeat what has already been asked. In this case, respond with the atomic question and NOTHING ELSE.'}]
[2026-04-22 22:46:15,353] [INFO] [ABSTENTION RESPONSE]: A


[2026-04-22 22:46:15,353] [INFO] [IMPLICIT ABSTAIN RETURN]: abstain: False, confidence: 1.0, letter_choice: A, usage: {'input_tokens': 267, 'output_tokens': 3}, atomic_question: None

[2026-04-22 22:46:15,353] [INFO] [Expert System]: {'type': 'choice', 'question': None, 'letter_choice': 'A', 'confidence': 1.0, 'usage': {'input_tokens': 267, 'output_tokens': 3}}
[2026-04-22 22:46:15,353] [INFO] |||||||||||||||||||| Interaction ended for patient #4 | Predicted: A | GT: A | Correct: True ||||||||||||||||||||



[2026-04-22 22:46:15,354] [INFO] |||||||||||||||||||| PATIENT #5 | GT: C (Iron deficiency) ||||||||||||||||||||
[2026-04-22 22:46:15,354] [INFO] ==================== Turn 1 ====================
[2026-04-22 22:46:15,354] [INFO] ++++++++++++++++++++ Start of Implicit Abstention [expert_basics.py:expert_response_choice_or_question()] ++++++++++++++++++++
[2026-04-22 22:46:15,354] [INFO] [<IMPLICIT ABSTAIN PROMPT>] [len(messages)=2] (messages[-1]):
A patient comes into the clinic presenting with a symptom as described in the conversation log below:
    
PATIENT INFORMATION: A 41-year-old woman presents to her primary care physician with complaints of fatigue and weakness.
CONVERSATION LOG:
None
QUESTION: Which of the following represents the most likely etiology of her anemia.
OPTIONS: A: Vitamin B12 deficiency, B: Folate deficiency, C: Iron deficiency, D: Intravascular hemolysis
YOUR TASK: Given the information so far, if you are confident to pick an option correctly and factually, respond with the letter choice and NOTHING ELSE. Otherwise, if you are not confident to pick an option and need more information, ask ONE SPECIFIC ATOMIC QUESTION to the patient. The question should be bite-sized, NOT ask for too much at once, and NOT repeat what has already been asked. In this case, respond with the atomic question and NOTHING ELSE.
[2026-04-22 22:46:15,354] [INFO] -------------------- Self-Consistency Iteration 1 --------------------
[2026-04-22 22:46:15,537] [INFO] [<IMPLICIT ABSTAIN LM RES>]: C

[2026-04-22 22:46:15,537] [INFO] [<IMPLICIT ABSTAIN PARSED>]: C
[2026-04-22 22:46:15,537] [INFO] [<IMPLICIT ABSTAIN RETURN>]: atomic_question: None, final_answer: C, conf_score: 1.0 ([1 : 0])
[2026-04-22 22:46:15,537] [INFO] [ABSTENTION PROMPT]: [{'role': 'system', 'content': 'You are a medical doctor trying to reason through a real-life clinical case. Based on your understanding of basic and clinical science, medical knowledge, and mechanisms underlying health, disease, patient care, and modes of therapy, respond according to the task specified by the user. Base your response on the current and standard practices referenced in medical guidelines.'}, {'role': 'user', 'content': 'A patient comes into the clinic presenting with a symptom as described in the conversation log below:\n    \nPATIENT INFORMATION: A 41-year-old woman presents to her primary care physician with complaints of fatigue and weakness.\nCONVERSATION LOG:\nNone\nQUESTION: Which of the following represents the most likely etiology of her anemia.\nOPTIONS: A: Vitamin B12 deficiency, B: Folate deficiency, C: Iron deficiency, D: Intravascular hemolysis\nYOUR TASK: Given the information so far, if you are confident to pick an option correctly and factually, respond with the letter choice and NOTHING ELSE. Otherwise, if you are not confident to pick an option and need more information, ask ONE SPECIFIC ATOMIC QUESTION to the patient. The question should be bite-sized, NOT ask for too much at once, and NOT repeat what has already been asked. In this case, respond with the atomic question and NOTHING ELSE.'}]
[2026-04-22 22:46:15,538] [INFO] [ABSTENTION RESPONSE]: C


[2026-04-22 22:46:15,538] [INFO] [IMPLICIT ABSTAIN RETURN]: abstain: False, confidence: 1.0, letter_choice: C, usage: {'input_tokens': 274, 'output_tokens': 3}, atomic_question: None

[2026-04-22 22:46:15,538] [INFO] [Expert System]: {'type': 'choice', 'question': None, 'letter_choice': 'C', 'confidence': 1.0, 'usage': {'input_tokens': 274, 'output_tokens': 3}}
[2026-04-22 22:46:15,538] [INFO] |||||||||||||||||||| Interaction ended for patient #5 | Predicted: C | GT: C | Correct: True ||||||||||||||||||||



[2026-04-22 22:46:15,538] [INFO] |||||||||||||||||||| PATIENT #6 | GT: D (Proteasomal degradation of ubiquitinated proteins) ||||||||||||||||||||
[2026-04-22 22:46:15,538] [INFO] ==================== Turn 1 ====================
[2026-04-22 22:46:15,538] [INFO] ++++++++++++++++++++ Start of Implicit Abstention [expert_basics.py:expert_response_choice_or_question()] ++++++++++++++++++++
[2026-04-22 22:46:15,538] [INFO] [<IMPLICIT ABSTAIN PROMPT>] [len(messages)=2] (messages[-1]):
A patient comes into the clinic presenting with a symptom as described in the conversation log below:
    
PATIENT INFORMATION: A 59-year-old woman with stage IV lung cancer comes to the physician because of progressively worsening weakness in the past 3 months.
CONVERSATION LOG:
None
QUESTION: Which of the following is the most likely primary mechanism underlying this woman's temporal muscle atrophy?
OPTIONS: A: Cytochrome c-mediated activation of proteases, B: Lipase-mediated degradation of triglycerides, C: TNF-α-mediated activation of caspases, D: Proteasomal degradation of ubiquitinated proteins
YOUR TASK: Given the information so far, if you are confident to pick an option correctly and factually, respond with the letter choice and NOTHING ELSE. Otherwise, if you are not confident to pick an option and need more information, ask ONE SPECIFIC ATOMIC QUESTION to the patient. The question should be bite-sized, NOT ask for too much at once, and NOT repeat what has already been asked. In this case, respond with the atomic question and NOTHING ELSE.
[2026-04-22 22:46:15,538] [INFO] -------------------- Self-Consistency Iteration 1 --------------------
[2026-04-22 22:46:15,722] [INFO] [<IMPLICIT ABSTAIN LM RES>]: D

[2026-04-22 22:46:15,722] [INFO] [<IMPLICIT ABSTAIN PARSED>]: D
[2026-04-22 22:46:15,722] [INFO] [<IMPLICIT ABSTAIN RETURN>]: atomic_question: None, final_answer: D, conf_score: 1.0 ([1 : 0])
[2026-04-22 22:46:15,722] [INFO] [ABSTENTION PROMPT]: [{'role': 'system', 'content': 'You are a medical doctor trying to reason through a real-life clinical case. Based on your understanding of basic and clinical science, medical knowledge, and mechanisms underlying health, disease, patient care, and modes of therapy, respond according to the task specified by the user. Base your response on the current and standard practices referenced in medical guidelines.'}, {'role': 'user', 'content': "A patient comes into the clinic presenting with a symptom as described in the conversation log below:\n    \nPATIENT INFORMATION: A 59-year-old woman with stage IV lung cancer comes to the physician because of progressively worsening weakness in the past 3 months.\nCONVERSATION LOG:\nNone\nQUESTION: Which of the following is the most likely primary mechanism underlying this woman's temporal muscle atrophy?\nOPTIONS: A: Cytochrome c-mediated activation of proteases, B: Lipase-mediated degradation of triglycerides, C: TNF-α-mediated activation of caspases, D: Proteasomal degradation of ubiquitinated proteins\nYOUR TASK: Given the information so far, if you are confident to pick an option correctly and factually, respond with the letter choice and NOTHING ELSE. Otherwise, if you are not confident to pick an option and need more information, ask ONE SPECIFIC ATOMIC QUESTION to the patient. The question should be bite-sized, NOT ask for too much at once, and NOT repeat what has already been asked. In this case, respond with the atomic question and NOTHING ELSE."}]
[2026-04-22 22:46:15,722] [INFO] [ABSTENTION RESPONSE]: D


[2026-04-22 22:46:15,722] [INFO] [IMPLICIT ABSTAIN RETURN]: abstain: False, confidence: 1.0, letter_choice: D, usage: {'input_tokens': 309, 'output_tokens': 3}, atomic_question: None

[2026-04-22 22:46:15,722] [INFO] [Expert System]: {'type': 'choice', 'question': None, 'letter_choice': 'D', 'confidence': 1.0, 'usage': {'input_tokens': 309, 'output_tokens': 3}}
[2026-04-22 22:46:15,722] [INFO] |||||||||||||||||||| Interaction ended for patient #6 | Predicted: D | GT: D | Correct: True ||||||||||||||||||||



[2026-04-22 22:46:15,722] [INFO] |||||||||||||||||||| PATIENT #7 | GT: C (Non-exertional heat stroke) ||||||||||||||||||||
[2026-04-22 22:46:15,722] [INFO] ==================== Turn 1 ====================
[2026-04-22 22:46:15,722] [INFO] ++++++++++++++++++++ Start of Implicit Abstention [expert_basics.py:expert_response_choice_or_question()] ++++++++++++++++++++
[2026-04-22 22:46:15,722] [INFO] [<IMPLICIT ABSTAIN PROMPT>] [len(messages)=2] (messages[-1]):
A patient comes into the clinic presenting with a symptom as described in the conversation log below:
    
PATIENT INFORMATION: A 67-year-old man presents to the emergency department with a fever and altered mental status.
CONVERSATION LOG:
None
QUESTION: Which of the following is the most likely diagnosis?
OPTIONS: A: Exertional heat stroke, B: Neuroleptic malignant syndrome, C: Non-exertional heat stroke, D: Septic shock
YOUR TASK: Given the information so far, if you are confident to pick an option correctly and factually, respond with the letter choice and NOTHING ELSE. Otherwise, if you are not confident to pick an option and need more information, ask ONE SPECIFIC ATOMIC QUESTION to the patient. The question should be bite-sized, NOT ask for too much at once, and NOT repeat what has already been asked. In this case, respond with the atomic question and NOTHING ELSE.
[2026-04-22 22:46:15,722] [INFO] -------------------- Self-Consistency Iteration 1 --------------------
[2026-04-22 22:46:15,906] [INFO] [<IMPLICIT ABSTAIN LM RES>]: B

[2026-04-22 22:46:15,906] [INFO] [<IMPLICIT ABSTAIN PARSED>]: B
[2026-04-22 22:46:15,906] [INFO] [<IMPLICIT ABSTAIN RETURN>]: atomic_question: None, final_answer: B, conf_score: 1.0 ([1 : 0])
[2026-04-22 22:46:15,906] [INFO] [ABSTENTION PROMPT]: [{'role': 'system', 'content': 'You are a medical doctor trying to reason through a real-life clinical case. Based on your understanding of basic and clinical science, medical knowledge, and mechanisms underlying health, disease, patient care, and modes of therapy, respond according to the task specified by the user. Base your response on the current and standard practices referenced in medical guidelines.'}, {'role': 'user', 'content': 'A patient comes into the clinic presenting with a symptom as described in the conversation log below:\n    \nPATIENT INFORMATION: A 67-year-old man presents to the emergency department with a fever and altered mental status.\nCONVERSATION LOG:\nNone\nQUESTION: Which of the following is the most likely diagnosis?\nOPTIONS: A: Exertional heat stroke, B: Neuroleptic malignant syndrome, C: Non-exertional heat stroke, D: Septic shock\nYOUR TASK: Given the information so far, if you are confident to pick an option correctly and factually, respond with the letter choice and NOTHING ELSE. Otherwise, if you are not confident to pick an option and need more information, ask ONE SPECIFIC ATOMIC QUESTION to the patient. The question should be bite-sized, NOT ask for too much at once, and NOT repeat what has already been asked. In this case, respond with the atomic question and NOTHING ELSE.'}]
[2026-04-22 22:46:15,906] [INFO] [ABSTENTION RESPONSE]: B


[2026-04-22 22:46:15,906] [INFO] [IMPLICIT ABSTAIN RETURN]: abstain: False, confidence: 1.0, letter_choice: B, usage: {'input_tokens': 277, 'output_tokens': 3}, atomic_question: None

[2026-04-22 22:46:15,906] [INFO] [Expert System]: {'type': 'choice', 'question': None, 'letter_choice': 'B', 'confidence': 1.0, 'usage': {'input_tokens': 277, 'output_tokens': 3}}
[2026-04-22 22:46:15,906] [INFO] |||||||||||||||||||| Interaction ended for patient #7 | Predicted: B | GT: C | Correct: False ||||||||||||||||||||



[2026-04-22 22:46:15,906] [INFO] |||||||||||||||||||| PATIENT #8 | GT: A (Alpha-ketoglutarate dehydrogenase) ||||||||||||||||||||
[2026-04-22 22:46:15,906] [INFO] ==================== Turn 1 ====================
[2026-04-22 22:46:15,906] [INFO] ++++++++++++++++++++ Start of Implicit Abstention [expert_basics.py:expert_response_choice_or_question()] ++++++++++++++++++++
[2026-04-22 22:46:15,906] [INFO] [<IMPLICIT ABSTAIN PROMPT>] [len(messages)=2] (messages[-1]):
A patient comes into the clinic presenting with a symptom as described in the conversation log below:
    
PATIENT INFORMATION: A 32-year-old man presents to a mission hospital in Cambodia because he has had difficulty walking from his village to the market.
CONVERSATION LOG:
None
QUESTION: The most likely cause of this patient's symptoms is associated with which of the following enzymatic reactions?
OPTIONS: A: Alpha-ketoglutarate dehydrogenase, B: Acyl transferases, C: Glycogen phosphorylase, D: Homocysteine methyltransferase
YOUR TASK: Given the information so far, if you are confident to pick an option correctly and factually, respond with the letter choice and NOTHING ELSE. Otherwise, if you are not confident to pick an option and need more information, ask ONE SPECIFIC ATOMIC QUESTION to the patient. The question should be bite-sized, NOT ask for too much at once, and NOT repeat what has already been asked. In this case, respond with the atomic question and NOTHING ELSE.
[2026-04-22 22:46:15,906] [INFO] -------------------- Self-Consistency Iteration 1 --------------------
[2026-04-22 22:46:16,088] [INFO] [<IMPLICIT ABSTAIN LM RES>]: C

[2026-04-22 22:46:16,088] [INFO] [<IMPLICIT ABSTAIN PARSED>]: C
[2026-04-22 22:46:16,088] [INFO] [<IMPLICIT ABSTAIN RETURN>]: atomic_question: None, final_answer: C, conf_score: 1.0 ([1 : 0])
[2026-04-22 22:46:16,088] [INFO] [ABSTENTION PROMPT]: [{'role': 'system', 'content': 'You are a medical doctor trying to reason through a real-life clinical case. Based on your understanding of basic and clinical science, medical knowledge, and mechanisms underlying health, disease, patient care, and modes of therapy, respond according to the task specified by the user. Base your response on the current and standard practices referenced in medical guidelines.'}, {'role': 'user', 'content': "A patient comes into the clinic presenting with a symptom as described in the conversation log below:\n    \nPATIENT INFORMATION: A 32-year-old man presents to a mission hospital in Cambodia because he has had difficulty walking from his village to the market.\nCONVERSATION LOG:\nNone\nQUESTION: The most likely cause of this patient's symptoms is associated with which of the following enzymatic reactions?\nOPTIONS: A: Alpha-ketoglutarate dehydrogenase, B: Acyl transferases, C: Glycogen phosphorylase, D: Homocysteine methyltransferase\nYOUR TASK: Given the information so far, if you are confident to pick an option correctly and factually, respond with the letter choice and NOTHING ELSE. Otherwise, if you are not confident to pick an option and need more information, ask ONE SPECIFIC ATOMIC QUESTION to the patient. The question should be bite-sized, NOT ask for too much at once, and NOT repeat what has already been asked. In this case, respond with the atomic question and NOTHING ELSE."}]
[2026-04-22 22:46:16,088] [INFO] [ABSTENTION RESPONSE]: C


[2026-04-22 22:46:16,088] [INFO] [IMPLICIT ABSTAIN RETURN]: abstain: False, confidence: 1.0, letter_choice: C, usage: {'input_tokens': 295, 'output_tokens': 3}, atomic_question: None

[2026-04-22 22:46:16,088] [INFO] [Expert System]: {'type': 'choice', 'question': None, 'letter_choice': 'C', 'confidence': 1.0, 'usage': {'input_tokens': 295, 'output_tokens': 3}}
[2026-04-22 22:46:16,088] [INFO] |||||||||||||||||||| Interaction ended for patient #8 | Predicted: C | GT: A | Correct: False ||||||||||||||||||||



[2026-04-22 22:46:16,088] [INFO] |||||||||||||||||||| PATIENT #9 | GT: A (Atenolol) ||||||||||||||||||||
[2026-04-22 22:46:16,088] [INFO] ==================== Turn 1 ====================
[2026-04-22 22:46:16,088] [INFO] ++++++++++++++++++++ Start of Implicit Abstention [expert_basics.py:expert_response_choice_or_question()] ++++++++++++++++++++
[2026-04-22 22:46:16,088] [INFO] [<IMPLICIT ABSTAIN PROMPT>] [len(messages)=2] (messages[-1]):
A patient comes into the clinic presenting with a symptom as described in the conversation log below:
    
PATIENT INFORMATION: A 60-year-old woman presents to her primary care physician for a wellness checkup.
CONVERSATION LOG:
None
QUESTION: Which of the following is the best next step in management?
OPTIONS: A: Atenolol, B: Furosemide, C: Hydrochlorothiazide, D: Nitroglycerin
YOUR TASK: Given the information so far, if you are confident to pick an option correctly and factually, respond with the letter choice and NOTHING ELSE. Otherwise, if you are not confident to pick an option and need more information, ask ONE SPECIFIC ATOMIC QUESTION to the patient. The question should be bite-sized, NOT ask for too much at once, and NOT repeat what has already been asked. In this case, respond with the atomic question and NOTHING ELSE.
[2026-04-22 22:46:16,088] [INFO] -------------------- Self-Consistency Iteration 1 --------------------
[2026-04-22 22:46:17,041] [INFO] [<IMPLICIT ABSTAIN LM RES>]: I am not confident in choosing the best next step without more information.

What is your blood pressure reading today?

[2026-04-22 22:46:17,042] [INFO] [<IMPLICIT ABSTAIN PARSED>]: What is your blood pressure reading today?
[2026-04-22 22:46:17,042] [INFO] [<IMPLICIT ABSTAIN RETURN>]: atomic_question: What is your blood pressure reading today?, final_answer: None, conf_score: 0.0 ([0 : 1])
[2026-04-22 22:46:17,042] [INFO] [ABSTENTION PROMPT]: [{'role': 'system', 'content': 'You are a medical doctor trying to reason through a real-life clinical case. Based on your understanding of basic and clinical science, medical knowledge, and mechanisms underlying health, disease, patient care, and modes of therapy, respond according to the task specified by the user. Base your response on the current and standard practices referenced in medical guidelines.'}, {'role': 'user', 'content': 'A patient comes into the clinic presenting with a symptom as described in the conversation log below:\n    \nPATIENT INFORMATION: A 60-year-old woman presents to her primary care physician for a wellness checkup.\nCONVERSATION LOG:\nNone\nQUESTION: Which of the following is the best next step in management?\nOPTIONS: A: Atenolol, B: Furosemide, C: Hydrochlorothiazide, D: Nitroglycerin\nYOUR TASK: Given the information so far, if you are confident to pick an option correctly and factually, respond with the letter choice and NOTHING ELSE. Otherwise, if you are not confident to pick an option and need more information, ask ONE SPECIFIC ATOMIC QUESTION to the patient. The question should be bite-sized, NOT ask for too much at once, and NOT repeat what has already been asked. In this case, respond with the atomic question and NOTHING ELSE.'}]
[2026-04-22 22:46:17,042] [INFO] [ABSTENTION RESPONSE]: I am not confident in choosing the best next step without more information.

What is your blood pressure reading today?


[2026-04-22 22:46:17,042] [INFO] ++++++++++++++++++++ Start of Multiple Chocie Decision [expert_basics.py:expert_response_choice()] ++++++++++++++++++++
[2026-04-22 22:46:17,042] [INFO] [<CHOICE PROMPT>] [len(messages)=2] (messages[-1]):
A patient comes into the clinic presenting with a symptom as described in the conversation log below:
    
PATIENT INFORMATION: A 60-year-old woman presents to her primary care physician for a wellness checkup.
CONVERSATION LOG:
None
QUESTION: Which of the following is the best next step in management?
OPTIONS: A: Atenolol, B: Furosemide, C: Hydrochlorothiazide, D: Nitroglycerin
YOUR TASK: Assume that you already have enough information from the above question-answer pairs to answer the patient inquiry, use the above information to produce a factual conclusion. Respond with the correct letter choice (A, B, C, or D) and NOTHING ELSE.
LETTER CHOICE: 
[2026-04-22 22:46:17,237] [INFO] [<CHOICE LM RES>]: C

[2026-04-22 22:46:17,237] [INFO] [<CHOICE PARSED>]: C
[2026-04-22 22:46:17,237] [INFO] [IMPLICIT ABSTAIN RETURN]: abstain: True, confidence: 0.0, letter_choice: C, usage: {'input_tokens': 503, 'output_tokens': 28}, atomic_question: What is your blood pressure reading today?

[2026-04-22 22:46:17,237] [INFO] [Expert System]: {'type': 'question', 'question': 'What is your blood pressure reading today?', 'letter_choice': 'C', 'confidence': 0.0, 'usage': {'input_tokens': 503, 'output_tokens': 28}}
[2026-04-22 22:46:18,019] [INFO] [Patient System]: 5. The patient's blood pressure is 147/98 mmHg.

[2026-04-22 22:46:18,019] [INFO] ==================== Turn 2 ====================
[2026-04-22 22:46:18,019] [INFO] ++++++++++++++++++++ Start of Implicit Abstention [expert_basics.py:expert_response_choice_or_question()] ++++++++++++++++++++
[2026-04-22 22:46:18,019] [INFO] [<IMPLICIT ABSTAIN PROMPT>] [len(messages)=2] (messages[-1]):
A patient comes into the clinic presenting with a symptom as described in the conversation log below:
    
PATIENT INFORMATION: A 60-year-old woman presents to her primary care physician for a wellness checkup.
CONVERSATION LOG:
Doctor Question: What is your blood pressure reading today?
Patient Response: 5. The patient's blood pressure is 147/98 mmHg.

QUESTION: Which of the following is the best next step in management?
OPTIONS: A: Atenolol, B: Furosemide, C: Hydrochlorothiazide, D: Nitroglycerin
YOUR TASK: Given the information so far, if you are confident to pick an option correctly and factually, respond with the letter choice and NOTHING ELSE. Otherwise, if you are not confident to pick an option and need more information, ask ONE SPECIFIC ATOMIC QUESTION to the patient. The question should be bite-sized, NOT ask for too much at once, and NOT repeat what has already been asked. In this case, respond with the atomic question and NOTHING ELSE.
[2026-04-22 22:46:18,019] [INFO] -------------------- Self-Consistency Iteration 1 --------------------
[2026-04-22 22:46:18,215] [INFO] [<IMPLICIT ABSTAIN LM RES>]: C

[2026-04-22 22:46:18,215] [INFO] [<IMPLICIT ABSTAIN PARSED>]: C
[2026-04-22 22:46:18,215] [INFO] [<IMPLICIT ABSTAIN RETURN>]: atomic_question: None, final_answer: C, conf_score: 1.0 ([1 : 0])
[2026-04-22 22:46:18,215] [INFO] [ABSTENTION PROMPT]: [{'role': 'system', 'content': 'You are a medical doctor trying to reason through a real-life clinical case. Based on your understanding of basic and clinical science, medical knowledge, and mechanisms underlying health, disease, patient care, and modes of therapy, respond according to the task specified by the user. Base your response on the current and standard practices referenced in medical guidelines.'}, {'role': 'user', 'content': "A patient comes into the clinic presenting with a symptom as described in the conversation log below:\n    \nPATIENT INFORMATION: A 60-year-old woman presents to her primary care physician for a wellness checkup.\nCONVERSATION LOG:\nDoctor Question: What is your blood pressure reading today?\nPatient Response: 5. The patient's blood pressure is 147/98 mmHg.\n\nQUESTION: Which of the following is the best next step in management?\nOPTIONS: A: Atenolol, B: Furosemide, C: Hydrochlorothiazide, D: Nitroglycerin\nYOUR TASK: Given the information so far, if you are confident to pick an option correctly and factually, respond with the letter choice and NOTHING ELSE. Otherwise, if you are not confident to pick an option and need more information, ask ONE SPECIFIC ATOMIC QUESTION to the patient. The question should be bite-sized, NOT ask for too much at once, and NOT repeat what has already been asked. In this case, respond with the atomic question and NOTHING ELSE."}]
[2026-04-22 22:46:18,215] [INFO] [ABSTENTION RESPONSE]: C


[2026-04-22 22:46:18,215] [INFO] [IMPLICIT ABSTAIN RETURN]: abstain: False, confidence: 1.0, letter_choice: C, usage: {'input_tokens': 304, 'output_tokens': 3}, atomic_question: None

[2026-04-22 22:46:18,215] [INFO] [Expert System]: {'type': 'choice', 'question': None, 'letter_choice': 'C', 'confidence': 1.0, 'usage': {'input_tokens': 304, 'output_tokens': 3}}
[2026-04-22 22:46:18,215] [INFO] |||||||||||||||||||| Interaction ended for patient #9 | Predicted: C | GT: A | Correct: False ||||||||||||||||||||



[2026-04-22 22:46:18,215] [INFO] |||||||||||||||||||| PATIENT #10 | GT: A (Decrease production of growth hormone) ||||||||||||||||||||
[2026-04-22 22:46:18,215] [INFO] ==================== Turn 1 ====================
[2026-04-22 22:46:18,215] [INFO] ++++++++++++++++++++ Start of Implicit Abstention [expert_basics.py:expert_response_choice_or_question()] ++++++++++++++++++++
[2026-04-22 22:46:18,215] [INFO] [<IMPLICIT ABSTAIN PROMPT>] [len(messages)=2] (messages[-1]):
A patient comes into the clinic presenting with a symptom as described in the conversation log below:
    
PATIENT INFORMATION: A 42-year-old male presents to his primary care physician complaining of abdominal pain.
CONVERSATION LOG:
None
QUESTION: When this hormone is produced by the hypothalamus, it has which of the following effects?
OPTIONS: A: Decrease production of growth hormone, B: Decrease production of prolactin, C: Decrease production of gastrin, D: Decrease production of thyrotropin-releasing hormone
YOUR TASK: Given the information so far, if you are confident to pick an option correctly and factually, respond with the letter choice and NOTHING ELSE. Otherwise, if you are not confident to pick an option and need more information, ask ONE SPECIFIC ATOMIC QUESTION to the patient. The question should be bite-sized, NOT ask for too much at once, and NOT repeat what has already been asked. In this case, respond with the atomic question and NOTHING ELSE.
[2026-04-22 22:46:18,215] [INFO] -------------------- Self-Consistency Iteration 1 --------------------
[2026-04-22 22:46:18,403] [INFO] [<IMPLICIT ABSTAIN LM RES>]: A

[2026-04-22 22:46:18,403] [INFO] [<IMPLICIT ABSTAIN PARSED>]: A
[2026-04-22 22:46:18,403] [INFO] [<IMPLICIT ABSTAIN RETURN>]: atomic_question: None, final_answer: A, conf_score: 1.0 ([1 : 0])
[2026-04-22 22:46:18,403] [INFO] [ABSTENTION PROMPT]: [{'role': 'system', 'content': 'You are a medical doctor trying to reason through a real-life clinical case. Based on your understanding of basic and clinical science, medical knowledge, and mechanisms underlying health, disease, patient care, and modes of therapy, respond according to the task specified by the user. Base your response on the current and standard practices referenced in medical guidelines.'}, {'role': 'user', 'content': 'A patient comes into the clinic presenting with a symptom as described in the conversation log below:\n    \nPATIENT INFORMATION: A 42-year-old male presents to his primary care physician complaining of abdominal pain.\nCONVERSATION LOG:\nNone\nQUESTION: When this hormone is produced by the hypothalamus, it has which of the following effects?\nOPTIONS: A: Decrease production of growth hormone, B: Decrease production of prolactin, C: Decrease production of gastrin, D: Decrease production of thyrotropin-releasing hormone\nYOUR TASK: Given the information so far, if you are confident to pick an option correctly and factually, respond with the letter choice and NOTHING ELSE. Otherwise, if you are not confident to pick an option and need more information, ask ONE SPECIFIC ATOMIC QUESTION to the patient. The question should be bite-sized, NOT ask for too much at once, and NOT repeat what has already been asked. In this case, respond with the atomic question and NOTHING ELSE.'}]
[2026-04-22 22:46:18,403] [INFO] [ABSTENTION RESPONSE]: A


[2026-04-22 22:46:18,403] [INFO] [IMPLICIT ABSTAIN RETURN]: abstain: False, confidence: 1.0, letter_choice: A, usage: {'input_tokens': 288, 'output_tokens': 3}, atomic_question: None

[2026-04-22 22:46:18,403] [INFO] [Expert System]: {'type': 'choice', 'question': None, 'letter_choice': 'A', 'confidence': 1.0, 'usage': {'input_tokens': 288, 'output_tokens': 3}}
[2026-04-22 22:46:18,403] [INFO] |||||||||||||||||||| Interaction ended for patient #10 | Predicted: A | GT: A | Correct: True ||||||||||||||||||||



[2026-04-22 22:46:18,403] [INFO] |||||||||||||||||||| PATIENT #11 | GT: C (2 years) ||||||||||||||||||||
[2026-04-22 22:46:18,403] [INFO] ==================== Turn 1 ====================
[2026-04-22 22:46:18,403] [INFO] ++++++++++++++++++++ Start of Implicit Abstention [expert_basics.py:expert_response_choice_or_question()] ++++++++++++++++++++
[2026-04-22 22:46:18,403] [INFO] [<IMPLICIT ABSTAIN PROMPT>] [len(messages)=2] (messages[-1]):
A patient comes into the clinic presenting with a symptom as described in the conversation log below:
    
PATIENT INFORMATION: A 28-year-old female reports that, for more days than not over the past 3 years, she has felt "down" and, at times, "mildly depressed." Over this period, she also endorses feeling fatigued, difficulty concentrating, and often sleeping more than in the past.
CONVERSATION LOG:
None
QUESTION: What is the minimum amount of time this patient must exhibit these symptoms in order to meet the diagnostic criteria for dysthymia?
OPTIONS: A: 2 months, B: 6 months, C: 2 years, D: 5 years
YOUR TASK: Given the information so far, if you are confident to pick an option correctly and factually, respond with the letter choice and NOTHING ELSE. Otherwise, if you are not confident to pick an option and need more information, ask ONE SPECIFIC ATOMIC QUESTION to the patient. The question should be bite-sized, NOT ask for too much at once, and NOT repeat what has already been asked. In this case, respond with the atomic question and NOTHING ELSE.
[2026-04-22 22:46:18,403] [INFO] -------------------- Self-Consistency Iteration 1 --------------------
[2026-04-22 22:46:18,583] [INFO] [<IMPLICIT ABSTAIN LM RES>]: B

[2026-04-22 22:46:18,583] [INFO] [<IMPLICIT ABSTAIN PARSED>]: B
[2026-04-22 22:46:18,583] [INFO] [<IMPLICIT ABSTAIN RETURN>]: atomic_question: None, final_answer: B, conf_score: 1.0 ([1 : 0])
[2026-04-22 22:46:18,583] [INFO] [ABSTENTION PROMPT]: [{'role': 'system', 'content': 'You are a medical doctor trying to reason through a real-life clinical case. Based on your understanding of basic and clinical science, medical knowledge, and mechanisms underlying health, disease, patient care, and modes of therapy, respond according to the task specified by the user. Base your response on the current and standard practices referenced in medical guidelines.'}, {'role': 'user', 'content': 'A patient comes into the clinic presenting with a symptom as described in the conversation log below:\n    \nPATIENT INFORMATION: A 28-year-old female reports that, for more days than not over the past 3 years, she has felt "down" and, at times, "mildly depressed." Over this period, she also endorses feeling fatigued, difficulty concentrating, and often sleeping more than in the past.\nCONVERSATION LOG:\nNone\nQUESTION: What is the minimum amount of time this patient must exhibit these symptoms in order to meet the diagnostic criteria for dysthymia?\nOPTIONS: A: 2 months, B: 6 months, C: 2 years, D: 5 years\nYOUR TASK: Given the information so far, if you are confident to pick an option correctly and factually, respond with the letter choice and NOTHING ELSE. Otherwise, if you are not confident to pick an option and need more information, ask ONE SPECIFIC ATOMIC QUESTION to the patient. The question should be bite-sized, NOT ask for too much at once, and NOT repeat what has already been asked. In this case, respond with the atomic question and NOTHING ELSE.'}]
[2026-04-22 22:46:18,583] [INFO] [ABSTENTION RESPONSE]: B


[2026-04-22 22:46:18,583] [INFO] [IMPLICIT ABSTAIN RETURN]: abstain: False, confidence: 1.0, letter_choice: B, usage: {'input_tokens': 326, 'output_tokens': 3}, atomic_question: None

[2026-04-22 22:46:18,583] [INFO] [Expert System]: {'type': 'choice', 'question': None, 'letter_choice': 'B', 'confidence': 1.0, 'usage': {'input_tokens': 326, 'output_tokens': 3}}
[2026-04-22 22:46:18,583] [INFO] |||||||||||||||||||| Interaction ended for patient #11 | Predicted: B | GT: C | Correct: False ||||||||||||||||||||



[2026-04-22 22:46:18,583] [INFO] |||||||||||||||||||| PATIENT #12 | GT: B (Ask closed-ended questions and use a chaperone for future visits) ||||||||||||||||||||
[2026-04-22 22:46:18,583] [INFO] ==================== Turn 1 ====================
[2026-04-22 22:46:18,583] [INFO] ++++++++++++++++++++ Start of Implicit Abstention [expert_basics.py:expert_response_choice_or_question()] ++++++++++++++++++++
[2026-04-22 22:46:18,583] [INFO] [<IMPLICIT ABSTAIN PROMPT>] [len(messages)=2] (messages[-1]):
A patient comes into the clinic presenting with a symptom as described in the conversation log below:
    
PATIENT INFORMATION: A 42-year-old man is being treated by his female family medicine physician for chronic depression.
CONVERSATION LOG:
None
QUESTION: Which of the following is the most appropriate next step in management?
OPTIONS: A: Re-evaluate this patient for borderline personality disorder, B: Ask closed-ended questions and use a chaperone for future visits, C: Immediately tell this patient that you can not continue to treat him and avoid any further communication, D: Increase the dosage of this patient’s SSRI
YOUR TASK: Given the information so far, if you are confident to pick an option correctly and factually, respond with the letter choice and NOTHING ELSE. Otherwise, if you are not confident to pick an option and need more information, ask ONE SPECIFIC ATOMIC QUESTION to the patient. The question should be bite-sized, NOT ask for too much at once, and NOT repeat what has already been asked. In this case, respond with the atomic question and NOTHING ELSE.
[2026-04-22 22:46:18,583] [INFO] -------------------- Self-Consistency Iteration 1 --------------------
[2026-04-22 22:46:18,760] [INFO] [<IMPLICIT ABSTAIN LM RES>]: B

[2026-04-22 22:46:18,760] [INFO] [<IMPLICIT ABSTAIN PARSED>]: B
[2026-04-22 22:46:18,760] [INFO] [<IMPLICIT ABSTAIN RETURN>]: atomic_question: None, final_answer: B, conf_score: 1.0 ([1 : 0])
[2026-04-22 22:46:18,760] [INFO] [ABSTENTION PROMPT]: [{'role': 'system', 'content': 'You are a medical doctor trying to reason through a real-life clinical case. Based on your understanding of basic and clinical science, medical knowledge, and mechanisms underlying health, disease, patient care, and modes of therapy, respond according to the task specified by the user. Base your response on the current and standard practices referenced in medical guidelines.'}, {'role': 'user', 'content': 'A patient comes into the clinic presenting with a symptom as described in the conversation log below:\n    \nPATIENT INFORMATION: A 42-year-old man is being treated by his female family medicine physician for chronic depression.\nCONVERSATION LOG:\nNone\nQUESTION: Which of the following is the most appropriate next step in management?\nOPTIONS: A: Re-evaluate this patient for borderline personality disorder, B: Ask closed-ended questions and use a chaperone for future visits, C: Immediately tell this patient that you can not continue to treat him and avoid any further communication, D: Increase the dosage of this patient’s SSRI\nYOUR TASK: Given the information so far, if you are confident to pick an option correctly and factually, respond with the letter choice and NOTHING ELSE. Otherwise, if you are not confident to pick an option and need more information, ask ONE SPECIFIC ATOMIC QUESTION to the patient. The question should be bite-sized, NOT ask for too much at once, and NOT repeat what has already been asked. In this case, respond with the atomic question and NOTHING ELSE.'}]
[2026-04-22 22:46:18,760] [INFO] [ABSTENTION RESPONSE]: B


[2026-04-22 22:46:18,760] [INFO] [IMPLICIT ABSTAIN RETURN]: abstain: False, confidence: 1.0, letter_choice: B, usage: {'input_tokens': 308, 'output_tokens': 3}, atomic_question: None

[2026-04-22 22:46:18,760] [INFO] [Expert System]: {'type': 'choice', 'question': None, 'letter_choice': 'B', 'confidence': 1.0, 'usage': {'input_tokens': 308, 'output_tokens': 3}}
[2026-04-22 22:46:18,760] [INFO] |||||||||||||||||||| Interaction ended for patient #12 | Predicted: B | GT: B | Correct: True ||||||||||||||||||||



[2026-04-22 22:46:18,760] [INFO] |||||||||||||||||||| PATIENT #13 | GT: A (E. coli infection; beta-glucoronidase release) ||||||||||||||||||||
[2026-04-22 22:46:18,760] [INFO] ==================== Turn 1 ====================
[2026-04-22 22:46:18,761] [INFO] ++++++++++++++++++++ Start of Implicit Abstention [expert_basics.py:expert_response_choice_or_question()] ++++++++++++++++++++
[2026-04-22 22:46:18,761] [INFO] [<IMPLICIT ABSTAIN PROMPT>] [len(messages)=2] (messages[-1]):
A patient comes into the clinic presenting with a symptom as described in the conversation log below:
    
PATIENT INFORMATION: A 51-year-old female presents with intermittent right upper quadrant discomfort.
CONVERSATION LOG:
None
QUESTION: What is the most likely cause of the gallstone coloring?
OPTIONS: A: E. coli infection; beta-glucoronidase release, B: Shigella infection; HMG-CoA reductase release, C: Shigella infection; beta-glucoronidase release, D: Bile supersaturated with cholesterol; beta-glucoronidase release
YOUR TASK: Given the information so far, if you are confident to pick an option correctly and factually, respond with the letter choice and NOTHING ELSE. Otherwise, if you are not confident to pick an option and need more information, ask ONE SPECIFIC ATOMIC QUESTION to the patient. The question should be bite-sized, NOT ask for too much at once, and NOT repeat what has already been asked. In this case, respond with the atomic question and NOTHING ELSE.
[2026-04-22 22:46:18,761] [INFO] -------------------- Self-Consistency Iteration 1 --------------------
[2026-04-22 22:46:18,937] [INFO] [<IMPLICIT ABSTAIN LM RES>]: D

[2026-04-22 22:46:18,937] [INFO] [<IMPLICIT ABSTAIN PARSED>]: D
[2026-04-22 22:46:18,937] [INFO] [<IMPLICIT ABSTAIN RETURN>]: atomic_question: None, final_answer: D, conf_score: 1.0 ([1 : 0])
[2026-04-22 22:46:18,937] [INFO] [ABSTENTION PROMPT]: [{'role': 'system', 'content': 'You are a medical doctor trying to reason through a real-life clinical case. Based on your understanding of basic and clinical science, medical knowledge, and mechanisms underlying health, disease, patient care, and modes of therapy, respond according to the task specified by the user. Base your response on the current and standard practices referenced in medical guidelines.'}, {'role': 'user', 'content': 'A patient comes into the clinic presenting with a symptom as described in the conversation log below:\n    \nPATIENT INFORMATION: A 51-year-old female presents with intermittent right upper quadrant discomfort.\nCONVERSATION LOG:\nNone\nQUESTION: What is the most likely cause of the gallstone coloring?\nOPTIONS: A: E. coli infection; beta-glucoronidase release, B: Shigella infection; HMG-CoA reductase release, C: Shigella infection; beta-glucoronidase release, D: Bile supersaturated with cholesterol; beta-glucoronidase release\nYOUR TASK: Given the information so far, if you are confident to pick an option correctly and factually, respond with the letter choice and NOTHING ELSE. Otherwise, if you are not confident to pick an option and need more information, ask ONE SPECIFIC ATOMIC QUESTION to the patient. The question should be bite-sized, NOT ask for too much at once, and NOT repeat what has already been asked. In this case, respond with the atomic question and NOTHING ELSE.'}]
[2026-04-22 22:46:18,937] [INFO] [ABSTENTION RESPONSE]: D


[2026-04-22 22:46:18,937] [INFO] [IMPLICIT ABSTAIN RETURN]: abstain: False, confidence: 1.0, letter_choice: D, usage: {'input_tokens': 297, 'output_tokens': 3}, atomic_question: None

[2026-04-22 22:46:18,937] [INFO] [Expert System]: {'type': 'choice', 'question': None, 'letter_choice': 'D', 'confidence': 1.0, 'usage': {'input_tokens': 297, 'output_tokens': 3}}
[2026-04-22 22:46:18,937] [INFO] |||||||||||||||||||| Interaction ended for patient #13 | Predicted: D | GT: A | Correct: False ||||||||||||||||||||



[2026-04-22 22:46:18,937] [INFO] |||||||||||||||||||| PATIENT #14 | GT: A (Monomorphic ventricular tachycardia) ||||||||||||||||||||
[2026-04-22 22:46:18,937] [INFO] ==================== Turn 1 ====================
[2026-04-22 22:46:18,937] [INFO] ++++++++++++++++++++ Start of Implicit Abstention [expert_basics.py:expert_response_choice_or_question()] ++++++++++++++++++++
[2026-04-22 22:46:18,937] [INFO] [<IMPLICIT ABSTAIN PROMPT>] [len(messages)=2] (messages[-1]):
A patient comes into the clinic presenting with a symptom as described in the conversation log below:
    
PATIENT INFORMATION: A 56-year-old man with known coronary artery disease presents to the emergency department complaining of chest discomfort and palpitations for 2 hours.
CONVERSATION LOG:
None
QUESTION: What is the most likely cause of his condition?
OPTIONS: A: Monomorphic ventricular tachycardia, B: Mitral regurgitation, C: Third-degree heart block, D: Acute pericarditis
YOUR TASK: Given the information so far, if you are confident to pick an option correctly and factually, respond with the letter choice and NOTHING ELSE. Otherwise, if you are not confident to pick an option and need more information, ask ONE SPECIFIC ATOMIC QUESTION to the patient. The question should be bite-sized, NOT ask for too much at once, and NOT repeat what has already been asked. In this case, respond with the atomic question and NOTHING ELSE.
[2026-04-22 22:46:18,937] [INFO] -------------------- Self-Consistency Iteration 1 --------------------
[2026-04-22 22:46:19,116] [INFO] [<IMPLICIT ABSTAIN LM RES>]: A

[2026-04-22 22:46:19,116] [INFO] [<IMPLICIT ABSTAIN PARSED>]: A
[2026-04-22 22:46:19,116] [INFO] [<IMPLICIT ABSTAIN RETURN>]: atomic_question: None, final_answer: A, conf_score: 1.0 ([1 : 0])
[2026-04-22 22:46:19,116] [INFO] [ABSTENTION PROMPT]: [{'role': 'system', 'content': 'You are a medical doctor trying to reason through a real-life clinical case. Based on your understanding of basic and clinical science, medical knowledge, and mechanisms underlying health, disease, patient care, and modes of therapy, respond according to the task specified by the user. Base your response on the current and standard practices referenced in medical guidelines.'}, {'role': 'user', 'content': 'A patient comes into the clinic presenting with a symptom as described in the conversation log below:\n    \nPATIENT INFORMATION: A 56-year-old man with known coronary artery disease presents to the emergency department complaining of chest discomfort and palpitations for 2 hours.\nCONVERSATION LOG:\nNone\nQUESTION: What is the most likely cause of his condition?\nOPTIONS: A: Monomorphic ventricular tachycardia, B: Mitral regurgitation, C: Third-degree heart block, D: Acute pericarditis\nYOUR TASK: Given the information so far, if you are confident to pick an option correctly and factually, respond with the letter choice and NOTHING ELSE. Otherwise, if you are not confident to pick an option and need more information, ask ONE SPECIFIC ATOMIC QUESTION to the patient. The question should be bite-sized, NOT ask for too much at once, and NOT repeat what has already been asked. In this case, respond with the atomic question and NOTHING ELSE.'}]
[2026-04-22 22:46:19,116] [INFO] [ABSTENTION RESPONSE]: A


[2026-04-22 22:46:19,116] [INFO] [IMPLICIT ABSTAIN RETURN]: abstain: False, confidence: 1.0, letter_choice: A, usage: {'input_tokens': 281, 'output_tokens': 3}, atomic_question: None

[2026-04-22 22:46:19,116] [INFO] [Expert System]: {'type': 'choice', 'question': None, 'letter_choice': 'A', 'confidence': 1.0, 'usage': {'input_tokens': 281, 'output_tokens': 3}}
[2026-04-22 22:46:19,116] [INFO] |||||||||||||||||||| Interaction ended for patient #14 | Predicted: A | GT: A | Correct: True ||||||||||||||||||||



[2026-04-22 22:46:19,117] [INFO] |||||||||||||||||||| PATIENT #15 | GT: D (Oppositional defiant disorder) ||||||||||||||||||||
[2026-04-22 22:46:19,117] [INFO] ==================== Turn 1 ====================
[2026-04-22 22:46:19,117] [INFO] ++++++++++++++++++++ Start of Implicit Abstention [expert_basics.py:expert_response_choice_or_question()] ++++++++++++++++++++
[2026-04-22 22:46:19,117] [INFO] [<IMPLICIT ABSTAIN PROMPT>] [len(messages)=2] (messages[-1]):
A patient comes into the clinic presenting with a symptom as described in the conversation log below:
    
PATIENT INFORMATION: A 16-year-old female high school student is brought to the physician by her parents for her repeated behavioral problems at home and school during the past 10 months.
CONVERSATION LOG:
None
QUESTION: Which of the following is the most likely diagnosis in this patient?
OPTIONS: A: Reactive attachment disorder, B: Conduct disorder, C: Antisocial personality disorder, D: Oppositional defiant disorder
YOUR TASK: Given the information so far, if you are confident to pick an option correctly and factually, respond with the letter choice and NOTHING ELSE. Otherwise, if you are not confident to pick an option and need more information, ask ONE SPECIFIC ATOMIC QUESTION to the patient. The question should be bite-sized, NOT ask for too much at once, and NOT repeat what has already been asked. In this case, respond with the atomic question and NOTHING ELSE.
[2026-04-22 22:46:19,117] [INFO] -------------------- Self-Consistency Iteration 1 --------------------
[2026-04-22 22:46:19,299] [INFO] [<IMPLICIT ABSTAIN LM RES>]: D

[2026-04-22 22:46:19,299] [INFO] [<IMPLICIT ABSTAIN PARSED>]: D
[2026-04-22 22:46:19,299] [INFO] [<IMPLICIT ABSTAIN RETURN>]: atomic_question: None, final_answer: D, conf_score: 1.0 ([1 : 0])
[2026-04-22 22:46:19,299] [INFO] [ABSTENTION PROMPT]: [{'role': 'system', 'content': 'You are a medical doctor trying to reason through a real-life clinical case. Based on your understanding of basic and clinical science, medical knowledge, and mechanisms underlying health, disease, patient care, and modes of therapy, respond according to the task specified by the user. Base your response on the current and standard practices referenced in medical guidelines.'}, {'role': 'user', 'content': 'A patient comes into the clinic presenting with a symptom as described in the conversation log below:\n    \nPATIENT INFORMATION: A 16-year-old female high school student is brought to the physician by her parents for her repeated behavioral problems at home and school during the past 10 months.\nCONVERSATION LOG:\nNone\nQUESTION: Which of the following is the most likely diagnosis in this patient?\nOPTIONS: A: Reactive attachment disorder, B: Conduct disorder, C: Antisocial personality disorder, D: Oppositional defiant disorder\nYOUR TASK: Given the information so far, if you are confident to pick an option correctly and factually, respond with the letter choice and NOTHING ELSE. Otherwise, if you are not confident to pick an option and need more information, ask ONE SPECIFIC ATOMIC QUESTION to the patient. The question should be bite-sized, NOT ask for too much at once, and NOT repeat what has already been asked. In this case, respond with the atomic question and NOTHING ELSE.'}]
[2026-04-22 22:46:19,299] [INFO] [ABSTENTION RESPONSE]: D


[2026-04-22 22:46:19,299] [INFO] [IMPLICIT ABSTAIN RETURN]: abstain: False, confidence: 1.0, letter_choice: D, usage: {'input_tokens': 289, 'output_tokens': 3}, atomic_question: None

[2026-04-22 22:46:19,299] [INFO] [Expert System]: {'type': 'choice', 'question': None, 'letter_choice': 'D', 'confidence': 1.0, 'usage': {'input_tokens': 289, 'output_tokens': 3}}
[2026-04-22 22:46:19,299] [INFO] |||||||||||||||||||| Interaction ended for patient #15 | Predicted: D | GT: D | Correct: True ||||||||||||||||||||



[2026-04-22 22:46:19,299] [INFO] |||||||||||||||||||| PATIENT #16 | GT: B (High central venous pressure (CPV)) ||||||||||||||||||||
[2026-04-22 22:46:19,299] [INFO] ==================== Turn 1 ====================
[2026-04-22 22:46:19,299] [INFO] ++++++++++++++++++++ Start of Implicit Abstention [expert_basics.py:expert_response_choice_or_question()] ++++++++++++++++++++
[2026-04-22 22:46:19,299] [INFO] [<IMPLICIT ABSTAIN PROMPT>] [len(messages)=2] (messages[-1]):
A patient comes into the clinic presenting with a symptom as described in the conversation log below:
    
PATIENT INFORMATION: A 22-year-old man is brought to the emergency room with a penetrating stab injury to his left chest.
CONVERSATION LOG:
None
QUESTION: Which of the following findings indicates that the cause of shock is cardiogenic?
OPTIONS: A: Elevated serum creatinine, B: High central venous pressure (CPV), C: Arterial blood gas (ABG) showing base deficit and metabolic acidosis, D: White blood cell (WBC) count < 4000/mm3
YOUR TASK: Given the information so far, if you are confident to pick an option correctly and factually, respond with the letter choice and NOTHING ELSE. Otherwise, if you are not confident to pick an option and need more information, ask ONE SPECIFIC ATOMIC QUESTION to the patient. The question should be bite-sized, NOT ask for too much at once, and NOT repeat what has already been asked. In this case, respond with the atomic question and NOTHING ELSE.
[2026-04-22 22:46:19,299] [INFO] -------------------- Self-Consistency Iteration 1 --------------------
[2026-04-22 22:46:19,474] [INFO] [<IMPLICIT ABSTAIN LM RES>]: B

[2026-04-22 22:46:19,474] [INFO] [<IMPLICIT ABSTAIN PARSED>]: B
[2026-04-22 22:46:19,474] [INFO] [<IMPLICIT ABSTAIN RETURN>]: atomic_question: None, final_answer: B, conf_score: 1.0 ([1 : 0])
[2026-04-22 22:46:19,474] [INFO] [ABSTENTION PROMPT]: [{'role': 'system', 'content': 'You are a medical doctor trying to reason through a real-life clinical case. Based on your understanding of basic and clinical science, medical knowledge, and mechanisms underlying health, disease, patient care, and modes of therapy, respond according to the task specified by the user. Base your response on the current and standard practices referenced in medical guidelines.'}, {'role': 'user', 'content': 'A patient comes into the clinic presenting with a symptom as described in the conversation log below:\n    \nPATIENT INFORMATION: A 22-year-old man is brought to the emergency room with a penetrating stab injury to his left chest.\nCONVERSATION LOG:\nNone\nQUESTION: Which of the following findings indicates that the cause of shock is cardiogenic?\nOPTIONS: A: Elevated serum creatinine, B: High central venous pressure (CPV), C: Arterial blood gas (ABG) showing base deficit and metabolic acidosis, D: White blood cell (WBC) count < 4000/mm3\nYOUR TASK: Given the information so far, if you are confident to pick an option correctly and factually, respond with the letter choice and NOTHING ELSE. Otherwise, if you are not confident to pick an option and need more information, ask ONE SPECIFIC ATOMIC QUESTION to the patient. The question should be bite-sized, NOT ask for too much at once, and NOT repeat what has already been asked. In this case, respond with the atomic question and NOTHING ELSE.'}]
[2026-04-22 22:46:19,474] [INFO] [ABSTENTION RESPONSE]: B


[2026-04-22 22:46:19,474] [INFO] [IMPLICIT ABSTAIN RETURN]: abstain: False, confidence: 1.0, letter_choice: B, usage: {'input_tokens': 306, 'output_tokens': 3}, atomic_question: None

[2026-04-22 22:46:19,474] [INFO] [Expert System]: {'type': 'choice', 'question': None, 'letter_choice': 'B', 'confidence': 1.0, 'usage': {'input_tokens': 306, 'output_tokens': 3}}
[2026-04-22 22:46:19,474] [INFO] |||||||||||||||||||| Interaction ended for patient #16 | Predicted: B | GT: B | Correct: True ||||||||||||||||||||



[2026-04-22 22:46:19,474] [INFO] |||||||||||||||||||| PATIENT #17 | GT: A (Gram-negative coccobacillus) ||||||||||||||||||||
[2026-04-22 22:46:19,474] [INFO] ==================== Turn 1 ====================
[2026-04-22 22:46:19,474] [INFO] ++++++++++++++++++++ Start of Implicit Abstention [expert_basics.py:expert_response_choice_or_question()] ++++++++++++++++++++
[2026-04-22 22:46:19,474] [INFO] [<IMPLICIT ABSTAIN PROMPT>] [len(messages)=2] (messages[-1]):
A patient comes into the clinic presenting with a symptom as described in the conversation log below:
    
PATIENT INFORMATION: A 56-year-old woman is brought to the physician by her husband because of a two-day history of fever, malaise, headaches, and confusion.
CONVERSATION LOG:
None
QUESTION: Which of the following characteristics best describes the most likely causal pathogen?
OPTIONS: A: Gram-negative coccobacillus, B: Gram-positive, lancet-shaped diplococcus, C: Gram-negative diplococcus, D: Gram-positive, facultative intracellular bacillus
YOUR TASK: Given the information so far, if you are confident to pick an option correctly and factually, respond with the letter choice and NOTHING ELSE. Otherwise, if you are not confident to pick an option and need more information, ask ONE SPECIFIC ATOMIC QUESTION to the patient. The question should be bite-sized, NOT ask for too much at once, and NOT repeat what has already been asked. In this case, respond with the atomic question and NOTHING ELSE.
[2026-04-22 22:46:19,474] [INFO] -------------------- Self-Consistency Iteration 1 --------------------
[2026-04-22 22:46:19,649] [INFO] [<IMPLICIT ABSTAIN LM RES>]: D

[2026-04-22 22:46:19,649] [INFO] [<IMPLICIT ABSTAIN PARSED>]: D
[2026-04-22 22:46:19,649] [INFO] [<IMPLICIT ABSTAIN RETURN>]: atomic_question: None, final_answer: D, conf_score: 1.0 ([1 : 0])
[2026-04-22 22:46:19,650] [INFO] [ABSTENTION PROMPT]: [{'role': 'system', 'content': 'You are a medical doctor trying to reason through a real-life clinical case. Based on your understanding of basic and clinical science, medical knowledge, and mechanisms underlying health, disease, patient care, and modes of therapy, respond according to the task specified by the user. Base your response on the current and standard practices referenced in medical guidelines.'}, {'role': 'user', 'content': 'A patient comes into the clinic presenting with a symptom as described in the conversation log below:\n    \nPATIENT INFORMATION: A 56-year-old woman is brought to the physician by her husband because of a two-day history of fever, malaise, headaches, and confusion.\nCONVERSATION LOG:\nNone\nQUESTION: Which of the following characteristics best describes the most likely causal pathogen?\nOPTIONS: A: Gram-negative coccobacillus, B: Gram-positive, lancet-shaped diplococcus, C: Gram-negative diplococcus, D: Gram-positive, facultative intracellular bacillus\nYOUR TASK: Given the information so far, if you are confident to pick an option correctly and factually, respond with the letter choice and NOTHING ELSE. Otherwise, if you are not confident to pick an option and need more information, ask ONE SPECIFIC ATOMIC QUESTION to the patient. The question should be bite-sized, NOT ask for too much at once, and NOT repeat what has already been asked. In this case, respond with the atomic question and NOTHING ELSE.'}]
[2026-04-22 22:46:19,650] [INFO] [ABSTENTION RESPONSE]: D


[2026-04-22 22:46:19,650] [INFO] [IMPLICIT ABSTAIN RETURN]: abstain: False, confidence: 1.0, letter_choice: D, usage: {'input_tokens': 302, 'output_tokens': 3}, atomic_question: None

[2026-04-22 22:46:19,650] [INFO] [Expert System]: {'type': 'choice', 'question': None, 'letter_choice': 'D', 'confidence': 1.0, 'usage': {'input_tokens': 302, 'output_tokens': 3}}
[2026-04-22 22:46:19,650] [INFO] |||||||||||||||||||| Interaction ended for patient #17 | Predicted: D | GT: A | Correct: False ||||||||||||||||||||



[2026-04-22 22:46:19,650] [INFO] |||||||||||||||||||| PATIENT #18 | GT: B (Erythema infectiosum) ||||||||||||||||||||
[2026-04-22 22:46:19,650] [INFO] ==================== Turn 1 ====================
[2026-04-22 22:46:19,650] [INFO] ++++++++++++++++++++ Start of Implicit Abstention [expert_basics.py:expert_response_choice_or_question()] ++++++++++++++++++++
[2026-04-22 22:46:19,650] [INFO] [<IMPLICIT ABSTAIN PROMPT>] [len(messages)=2] (messages[-1]):
A patient comes into the clinic presenting with a symptom as described in the conversation log below:
    
PATIENT INFORMATION: A 35-year-old male presents to his primary care physician complaining of a one-month history of progressively worsening fatigue.
CONVERSATION LOG:
None
QUESTION: The pathogen associated with this patient’s condition is also known to cause which of the following?
OPTIONS: A: Kaposi’s sarcoma, B: Erythema infectiosum, C: Mononucleosis, D: Croup
YOUR TASK: Given the information so far, if you are confident to pick an option correctly and factually, respond with the letter choice and NOTHING ELSE. Otherwise, if you are not confident to pick an option and need more information, ask ONE SPECIFIC ATOMIC QUESTION to the patient. The question should be bite-sized, NOT ask for too much at once, and NOT repeat what has already been asked. In this case, respond with the atomic question and NOTHING ELSE.
[2026-04-22 22:46:19,650] [INFO] -------------------- Self-Consistency Iteration 1 --------------------
[2026-04-22 22:46:19,821] [INFO] [<IMPLICIT ABSTAIN LM RES>]: C

[2026-04-22 22:46:19,821] [INFO] [<IMPLICIT ABSTAIN PARSED>]: C
[2026-04-22 22:46:19,821] [INFO] [<IMPLICIT ABSTAIN RETURN>]: atomic_question: None, final_answer: C, conf_score: 1.0 ([1 : 0])
[2026-04-22 22:46:19,822] [INFO] [ABSTENTION PROMPT]: [{'role': 'system', 'content': 'You are a medical doctor trying to reason through a real-life clinical case. Based on your understanding of basic and clinical science, medical knowledge, and mechanisms underlying health, disease, patient care, and modes of therapy, respond according to the task specified by the user. Base your response on the current and standard practices referenced in medical guidelines.'}, {'role': 'user', 'content': 'A patient comes into the clinic presenting with a symptom as described in the conversation log below:\n    \nPATIENT INFORMATION: A 35-year-old male presents to his primary care physician complaining of a one-month history of progressively worsening fatigue.\nCONVERSATION LOG:\nNone\nQUESTION: The pathogen associated with this patient’s condition is also known to cause which of the following?\nOPTIONS: A: Kaposi’s sarcoma, B: Erythema infectiosum, C: Mononucleosis, D: Croup\nYOUR TASK: Given the information so far, if you are confident to pick an option correctly and factually, respond with the letter choice and NOTHING ELSE. Otherwise, if you are not confident to pick an option and need more information, ask ONE SPECIFIC ATOMIC QUESTION to the patient. The question should be bite-sized, NOT ask for too much at once, and NOT repeat what has already been asked. In this case, respond with the atomic question and NOTHING ELSE.'}]
[2026-04-22 22:46:19,822] [INFO] [ABSTENTION RESPONSE]: C


[2026-04-22 22:46:19,822] [INFO] [IMPLICIT ABSTAIN RETURN]: abstain: False, confidence: 1.0, letter_choice: C, usage: {'input_tokens': 286, 'output_tokens': 3}, atomic_question: None

[2026-04-22 22:46:19,822] [INFO] [Expert System]: {'type': 'choice', 'question': None, 'letter_choice': 'C', 'confidence': 1.0, 'usage': {'input_tokens': 286, 'output_tokens': 3}}
[2026-04-22 22:46:19,822] [INFO] |||||||||||||||||||| Interaction ended for patient #18 | Predicted: C | GT: B | Correct: False ||||||||||||||||||||



[2026-04-22 22:46:19,822] [INFO] |||||||||||||||||||| PATIENT #19 | GT: A (Modafinil) ||||||||||||||||||||
[2026-04-22 22:46:19,822] [INFO] ==================== Turn 1 ====================
[2026-04-22 22:46:19,822] [INFO] ++++++++++++++++++++ Start of Implicit Abstention [expert_basics.py:expert_response_choice_or_question()] ++++++++++++++++++++
[2026-04-22 22:46:19,822] [INFO] [<IMPLICIT ABSTAIN PROMPT>] [len(messages)=2] (messages[-1]):
A patient comes into the clinic presenting with a symptom as described in the conversation log below:
    
PATIENT INFORMATION: A 30-year-old man is brought to the doctor's office by his wife.
CONVERSATION LOG:
None
QUESTION: Which of the following is the best treatment for the most likely cause for this patient’s illness?
OPTIONS: A: Modafinil, B: Taking longer naps, C: Continuous positive airway pressure, D: Changing bedtime to earlier in the evening
YOUR TASK: Given the information so far, if you are confident to pick an option correctly and factually, respond with the letter choice and NOTHING ELSE. Otherwise, if you are not confident to pick an option and need more information, ask ONE SPECIFIC ATOMIC QUESTION to the patient. The question should be bite-sized, NOT ask for too much at once, and NOT repeat what has already been asked. In this case, respond with the atomic question and NOTHING ELSE.
[2026-04-22 22:46:19,822] [INFO] -------------------- Self-Consistency Iteration 1 --------------------
[2026-04-22 22:46:19,995] [INFO] [<IMPLICIT ABSTAIN LM RES>]: C

[2026-04-22 22:46:19,995] [INFO] [<IMPLICIT ABSTAIN PARSED>]: C
[2026-04-22 22:46:19,995] [INFO] [<IMPLICIT ABSTAIN RETURN>]: atomic_question: None, final_answer: C, conf_score: 1.0 ([1 : 0])
[2026-04-22 22:46:19,995] [INFO] [ABSTENTION PROMPT]: [{'role': 'system', 'content': 'You are a medical doctor trying to reason through a real-life clinical case. Based on your understanding of basic and clinical science, medical knowledge, and mechanisms underlying health, disease, patient care, and modes of therapy, respond according to the task specified by the user. Base your response on the current and standard practices referenced in medical guidelines.'}, {'role': 'user', 'content': "A patient comes into the clinic presenting with a symptom as described in the conversation log below:\n    \nPATIENT INFORMATION: A 30-year-old man is brought to the doctor's office by his wife.\nCONVERSATION LOG:\nNone\nQUESTION: Which of the following is the best treatment for the most likely cause for this patient’s illness?\nOPTIONS: A: Modafinil, B: Taking longer naps, C: Continuous positive airway pressure, D: Changing bedtime to earlier in the evening\nYOUR TASK: Given the information so far, if you are confident to pick an option correctly and factually, respond with the letter choice and NOTHING ELSE. Otherwise, if you are not confident to pick an option and need more information, ask ONE SPECIFIC ATOMIC QUESTION to the patient. The question should be bite-sized, NOT ask for too much at once, and NOT repeat what has already been asked. In this case, respond with the atomic question and NOTHING ELSE."}]
[2026-04-22 22:46:19,995] [INFO] [ABSTENTION RESPONSE]: C


[2026-04-22 22:46:19,995] [INFO] [IMPLICIT ABSTAIN RETURN]: abstain: False, confidence: 1.0, letter_choice: C, usage: {'input_tokens': 283, 'output_tokens': 3}, atomic_question: None

[2026-04-22 22:46:19,995] [INFO] [Expert System]: {'type': 'choice', 'question': None, 'letter_choice': 'C', 'confidence': 1.0, 'usage': {'input_tokens': 283, 'output_tokens': 3}}
[2026-04-22 22:46:19,995] [INFO] |||||||||||||||||||| Interaction ended for patient #19 | Predicted: C | GT: A | Correct: False ||||||||||||||||||||



[2026-04-22 22:46:19,995] [INFO] |||||||||||||||||||| PATIENT #20 | GT: C (Thiamine) ||||||||||||||||||||
[2026-04-22 22:46:19,995] [INFO] ==================== Turn 1 ====================
[2026-04-22 22:46:19,995] [INFO] ++++++++++++++++++++ Start of Implicit Abstention [expert_basics.py:expert_response_choice_or_question()] ++++++++++++++++++++
[2026-04-22 22:46:19,996] [INFO] [<IMPLICIT ABSTAIN PROMPT>] [len(messages)=2] (messages[-1]):
A patient comes into the clinic presenting with a symptom as described in the conversation log below:
    
PATIENT INFORMATION: A 55-year-old homeless man presents to the emergency department acutely confused.
CONVERSATION LOG:
None
QUESTION: Which of the following is the best next treatment for this patient?
OPTIONS: A: Folate, B: Magnesium, C: Thiamine, D: Vitamin C
YOUR TASK: Given the information so far, if you are confident to pick an option correctly and factually, respond with the letter choice and NOTHING ELSE. Otherwise, if you are not confident to pick an option and need more information, ask ONE SPECIFIC ATOMIC QUESTION to the patient. The question should be bite-sized, NOT ask for too much at once, and NOT repeat what has already been asked. In this case, respond with the atomic question and NOTHING ELSE.
[2026-04-22 22:46:19,996] [INFO] -------------------- Self-Consistency Iteration 1 --------------------
[2026-04-22 22:46:20,167] [INFO] [<IMPLICIT ABSTAIN LM RES>]: C

[2026-04-22 22:46:20,167] [INFO] [<IMPLICIT ABSTAIN PARSED>]: C
[2026-04-22 22:46:20,167] [INFO] [<IMPLICIT ABSTAIN RETURN>]: atomic_question: None, final_answer: C, conf_score: 1.0 ([1 : 0])
[2026-04-22 22:46:20,167] [INFO] [ABSTENTION PROMPT]: [{'role': 'system', 'content': 'You are a medical doctor trying to reason through a real-life clinical case. Based on your understanding of basic and clinical science, medical knowledge, and mechanisms underlying health, disease, patient care, and modes of therapy, respond according to the task specified by the user. Base your response on the current and standard practices referenced in medical guidelines.'}, {'role': 'user', 'content': 'A patient comes into the clinic presenting with a symptom as described in the conversation log below:\n    \nPATIENT INFORMATION: A 55-year-old homeless man presents to the emergency department acutely confused.\nCONVERSATION LOG:\nNone\nQUESTION: Which of the following is the best next treatment for this patient?\nOPTIONS: A: Folate, B: Magnesium, C: Thiamine, D: Vitamin C\nYOUR TASK: Given the information so far, if you are confident to pick an option correctly and factually, respond with the letter choice and NOTHING ELSE. Otherwise, if you are not confident to pick an option and need more information, ask ONE SPECIFIC ATOMIC QUESTION to the patient. The question should be bite-sized, NOT ask for too much at once, and NOT repeat what has already been asked. In this case, respond with the atomic question and NOTHING ELSE.'}]
[2026-04-22 22:46:20,167] [INFO] [ABSTENTION RESPONSE]: C


[2026-04-22 22:46:20,167] [INFO] [IMPLICIT ABSTAIN RETURN]: abstain: False, confidence: 1.0, letter_choice: C, usage: {'input_tokens': 263, 'output_tokens': 3}, atomic_question: None

[2026-04-22 22:46:20,167] [INFO] [Expert System]: {'type': 'choice', 'question': None, 'letter_choice': 'C', 'confidence': 1.0, 'usage': {'input_tokens': 263, 'output_tokens': 3}}
[2026-04-22 22:46:20,167] [INFO] |||||||||||||||||||| Interaction ended for patient #20 | Predicted: C | GT: C | Correct: True ||||||||||||||||||||



[2026-04-22 22:46:20,168] [INFO] |||||||||||||||||||| PATIENT #21 | GT: C (Endothelial cell dysfunction) ||||||||||||||||||||
[2026-04-22 22:46:20,168] [INFO] ==================== Turn 1 ====================
[2026-04-22 22:46:20,168] [INFO] ++++++++++++++++++++ Start of Implicit Abstention [expert_basics.py:expert_response_choice_or_question()] ++++++++++++++++++++
[2026-04-22 22:46:20,168] [INFO] [<IMPLICIT ABSTAIN PROMPT>] [len(messages)=2] (messages[-1]):
A patient comes into the clinic presenting with a symptom as described in the conversation log below:
    
PATIENT INFORMATION: A 61-year-old woman is brought to the emergency department because of crushing substernal chest pain at rest for the past 2 hours.
CONVERSATION LOG:
None
QUESTION: Which of the following is the most likely initial step in the pathogenesis of this patient's coronary condition?
OPTIONS: A: Intimal monocyte infiltration, B: Platelet activation, C: Endothelial cell dysfunction, D: Fibrous plaque formation
YOUR TASK: Given the information so far, if you are confident to pick an option correctly and factually, respond with the letter choice and NOTHING ELSE. Otherwise, if you are not confident to pick an option and need more information, ask ONE SPECIFIC ATOMIC QUESTION to the patient. The question should be bite-sized, NOT ask for too much at once, and NOT repeat what has already been asked. In this case, respond with the atomic question and NOTHING ELSE.
[2026-04-22 22:46:20,168] [INFO] -------------------- Self-Consistency Iteration 1 --------------------
[2026-04-22 22:46:20,341] [INFO] [<IMPLICIT ABSTAIN LM RES>]: B

[2026-04-22 22:46:20,341] [INFO] [<IMPLICIT ABSTAIN PARSED>]: B
[2026-04-22 22:46:20,341] [INFO] [<IMPLICIT ABSTAIN RETURN>]: atomic_question: None, final_answer: B, conf_score: 1.0 ([1 : 0])
[2026-04-22 22:46:20,341] [INFO] [ABSTENTION PROMPT]: [{'role': 'system', 'content': 'You are a medical doctor trying to reason through a real-life clinical case. Based on your understanding of basic and clinical science, medical knowledge, and mechanisms underlying health, disease, patient care, and modes of therapy, respond according to the task specified by the user. Base your response on the current and standard practices referenced in medical guidelines.'}, {'role': 'user', 'content': "A patient comes into the clinic presenting with a symptom as described in the conversation log below:\n    \nPATIENT INFORMATION: A 61-year-old woman is brought to the emergency department because of crushing substernal chest pain at rest for the past 2 hours.\nCONVERSATION LOG:\nNone\nQUESTION: Which of the following is the most likely initial step in the pathogenesis of this patient's coronary condition?\nOPTIONS: A: Intimal monocyte infiltration, B: Platelet activation, C: Endothelial cell dysfunction, D: Fibrous plaque formation\nYOUR TASK: Given the information so far, if you are confident to pick an option correctly and factually, respond with the letter choice and NOTHING ELSE. Otherwise, if you are not confident to pick an option and need more information, ask ONE SPECIFIC ATOMIC QUESTION to the patient. The question should be bite-sized, NOT ask for too much at once, and NOT repeat what has already been asked. In this case, respond with the atomic question and NOTHING ELSE."}]
[2026-04-22 22:46:20,341] [INFO] [ABSTENTION RESPONSE]: B


[2026-04-22 22:46:20,341] [INFO] [IMPLICIT ABSTAIN RETURN]: abstain: False, confidence: 1.0, letter_choice: B, usage: {'input_tokens': 294, 'output_tokens': 3}, atomic_question: None

[2026-04-22 22:46:20,341] [INFO] [Expert System]: {'type': 'choice', 'question': None, 'letter_choice': 'B', 'confidence': 1.0, 'usage': {'input_tokens': 294, 'output_tokens': 3}}
[2026-04-22 22:46:20,341] [INFO] |||||||||||||||||||| Interaction ended for patient #21 | Predicted: B | GT: C | Correct: False ||||||||||||||||||||



[2026-04-22 22:46:20,341] [INFO] |||||||||||||||||||| PATIENT #22 | GT: A (Patent processus vaginalis) ||||||||||||||||||||
[2026-04-22 22:46:20,341] [INFO] ==================== Turn 1 ====================
[2026-04-22 22:46:20,341] [INFO] ++++++++++++++++++++ Start of Implicit Abstention [expert_basics.py:expert_response_choice_or_question()] ++++++++++++++++++++
[2026-04-22 22:46:20,341] [INFO] [<IMPLICIT ABSTAIN PROMPT>] [len(messages)=2] (messages[-1]):
A patient comes into the clinic presenting with a symptom as described in the conversation log below:
    
PATIENT INFORMATION: A 4-year-old boy presents to the office with his mother.
CONVERSATION LOG:
None
QUESTION: What is the most likely etiology of this patient’s presentation?
OPTIONS: A: Patent processus vaginalis, B: Collection of fluid in the tunica vaginalis, C: Infection of the epididymis, D: Neoplasm of the testicle
YOUR TASK: Given the information so far, if you are confident to pick an option correctly and factually, respond with the letter choice and NOTHING ELSE. Otherwise, if you are not confident to pick an option and need more information, ask ONE SPECIFIC ATOMIC QUESTION to the patient. The question should be bite-sized, NOT ask for too much at once, and NOT repeat what has already been asked. In this case, respond with the atomic question and NOTHING ELSE.
[2026-04-22 22:46:20,341] [INFO] -------------------- Self-Consistency Iteration 1 --------------------
[2026-04-22 22:46:20,510] [INFO] [<IMPLICIT ABSTAIN LM RES>]: B

[2026-04-22 22:46:20,510] [INFO] [<IMPLICIT ABSTAIN PARSED>]: B
[2026-04-22 22:46:20,510] [INFO] [<IMPLICIT ABSTAIN RETURN>]: atomic_question: None, final_answer: B, conf_score: 1.0 ([1 : 0])
[2026-04-22 22:46:20,510] [INFO] [ABSTENTION PROMPT]: [{'role': 'system', 'content': 'You are a medical doctor trying to reason through a real-life clinical case. Based on your understanding of basic and clinical science, medical knowledge, and mechanisms underlying health, disease, patient care, and modes of therapy, respond according to the task specified by the user. Base your response on the current and standard practices referenced in medical guidelines.'}, {'role': 'user', 'content': 'A patient comes into the clinic presenting with a symptom as described in the conversation log below:\n    \nPATIENT INFORMATION: A 4-year-old boy presents to the office with his mother.\nCONVERSATION LOG:\nNone\nQUESTION: What is the most likely etiology of this patient’s presentation?\nOPTIONS: A: Patent processus vaginalis, B: Collection of fluid in the tunica vaginalis, C: Infection of the epididymis, D: Neoplasm of the testicle\nYOUR TASK: Given the information so far, if you are confident to pick an option correctly and factually, respond with the letter choice and NOTHING ELSE. Otherwise, if you are not confident to pick an option and need more information, ask ONE SPECIFIC ATOMIC QUESTION to the patient. The question should be bite-sized, NOT ask for too much at once, and NOT repeat what has already been asked. In this case, respond with the atomic question and NOTHING ELSE.'}]
[2026-04-22 22:46:20,510] [INFO] [ABSTENTION RESPONSE]: B


[2026-04-22 22:46:20,510] [INFO] [IMPLICIT ABSTAIN RETURN]: abstain: False, confidence: 1.0, letter_choice: B, usage: {'input_tokens': 278, 'output_tokens': 3}, atomic_question: None

[2026-04-22 22:46:20,510] [INFO] [Expert System]: {'type': 'choice', 'question': None, 'letter_choice': 'B', 'confidence': 1.0, 'usage': {'input_tokens': 278, 'output_tokens': 3}}
[2026-04-22 22:46:20,510] [INFO] |||||||||||||||||||| Interaction ended for patient #22 | Predicted: B | GT: A | Correct: False ||||||||||||||||||||



[2026-04-22 22:46:20,510] [INFO] |||||||||||||||||||| PATIENT #23 | GT: D (Dysthymia) ||||||||||||||||||||
[2026-04-22 22:46:20,510] [INFO] ==================== Turn 1 ====================
[2026-04-22 22:46:20,510] [INFO] ++++++++++++++++++++ Start of Implicit Abstention [expert_basics.py:expert_response_choice_or_question()] ++++++++++++++++++++
[2026-04-22 22:46:20,510] [INFO] [<IMPLICIT ABSTAIN PROMPT>] [len(messages)=2] (messages[-1]):
A patient comes into the clinic presenting with a symptom as described in the conversation log below:
    
PATIENT INFORMATION: A 59-year-old man presents to his primary care physician, accompanied by his wife, who requests treatment for his “chronic pessimism.” The patient admits to feeling tired and “down” most of the time for the past several years but insists that it is “just part of getting old.” His wife believes that he has become more self-critical and less confident than he used to be.
CONVERSATION LOG:
None
QUESTION: What is the most likely diagnosis?
OPTIONS: A: Adjustment disorder with depressive features, B: Bipolar disorder, C: Cyclothymia, D: Dysthymia
YOUR TASK: Given the information so far, if you are confident to pick an option correctly and factually, respond with the letter choice and NOTHING ELSE. Otherwise, if you are not confident to pick an option and need more information, ask ONE SPECIFIC ATOMIC QUESTION to the patient. The question should be bite-sized, NOT ask for too much at once, and NOT repeat what has already been asked. In this case, respond with the atomic question and NOTHING ELSE.
[2026-04-22 22:46:20,510] [INFO] -------------------- Self-Consistency Iteration 1 --------------------
[2026-04-22 22:46:20,685] [INFO] [<IMPLICIT ABSTAIN LM RES>]: D

[2026-04-22 22:46:20,685] [INFO] [<IMPLICIT ABSTAIN PARSED>]: D
[2026-04-22 22:46:20,685] [INFO] [<IMPLICIT ABSTAIN RETURN>]: atomic_question: None, final_answer: D, conf_score: 1.0 ([1 : 0])
[2026-04-22 22:46:20,685] [INFO] [ABSTENTION PROMPT]: [{'role': 'system', 'content': 'You are a medical doctor trying to reason through a real-life clinical case. Based on your understanding of basic and clinical science, medical knowledge, and mechanisms underlying health, disease, patient care, and modes of therapy, respond according to the task specified by the user. Base your response on the current and standard practices referenced in medical guidelines.'}, {'role': 'user', 'content': 'A patient comes into the clinic presenting with a symptom as described in the conversation log below:\n    \nPATIENT INFORMATION: A 59-year-old man presents to his primary care physician, accompanied by his wife, who requests treatment for his “chronic pessimism.” The patient admits to feeling tired and “down” most of the time for the past several years but insists that it is “just part of getting old.” His wife believes that he has become more self-critical and less confident than he used to be.\nCONVERSATION LOG:\nNone\nQUESTION: What is the most likely diagnosis?\nOPTIONS: A: Adjustment disorder with depressive features, B: Bipolar disorder, C: Cyclothymia, D: Dysthymia\nYOUR TASK: Given the information so far, if you are confident to pick an option correctly and factually, respond with the letter choice and NOTHING ELSE. Otherwise, if you are not confident to pick an option and need more information, ask ONE SPECIFIC ATOMIC QUESTION to the patient. The question should be bite-sized, NOT ask for too much at once, and NOT repeat what has already been asked. In this case, respond with the atomic question and NOTHING ELSE.'}]
[2026-04-22 22:46:20,685] [INFO] [ABSTENTION RESPONSE]: D


[2026-04-22 22:46:20,685] [INFO] [IMPLICIT ABSTAIN RETURN]: abstain: False, confidence: 1.0, letter_choice: D, usage: {'input_tokens': 330, 'output_tokens': 3}, atomic_question: None

[2026-04-22 22:46:20,685] [INFO] [Expert System]: {'type': 'choice', 'question': None, 'letter_choice': 'D', 'confidence': 1.0, 'usage': {'input_tokens': 330, 'output_tokens': 3}}
[2026-04-22 22:46:20,685] [INFO] |||||||||||||||||||| Interaction ended for patient #23 | Predicted: D | GT: D | Correct: True ||||||||||||||||||||



[2026-04-22 22:46:20,685] [INFO] |||||||||||||||||||| PATIENT #24 | GT: B (Defective type 1 collagen gene) ||||||||||||||||||||
[2026-04-22 22:46:20,685] [INFO] ==================== Turn 1 ====================
[2026-04-22 22:46:20,685] [INFO] ++++++++++++++++++++ Start of Implicit Abstention [expert_basics.py:expert_response_choice_or_question()] ++++++++++++++++++++
[2026-04-22 22:46:20,685] [INFO] [<IMPLICIT ABSTAIN PROMPT>] [len(messages)=2] (messages[-1]):
A patient comes into the clinic presenting with a symptom as described in the conversation log below:
    
PATIENT INFORMATION: A 17-month-old girl was brought to the emergency department by her mom following a fall.
CONVERSATION LOG:
None
QUESTION: What is the most likely explanation for the patient’s presentation?
OPTIONS: A: Child abuse, B: Defective type 1 collagen gene, C: Low levels of phosphate, D: Low levels of vitamin D
YOUR TASK: Given the information so far, if you are confident to pick an option correctly and factually, respond with the letter choice and NOTHING ELSE. Otherwise, if you are not confident to pick an option and need more information, ask ONE SPECIFIC ATOMIC QUESTION to the patient. The question should be bite-sized, NOT ask for too much at once, and NOT repeat what has already been asked. In this case, respond with the atomic question and NOTHING ELSE.
[2026-04-22 22:46:20,685] [INFO] -------------------- Self-Consistency Iteration 1 --------------------
[2026-04-22 22:46:20,852] [INFO] [<IMPLICIT ABSTAIN LM RES>]: B

[2026-04-22 22:46:20,852] [INFO] [<IMPLICIT ABSTAIN PARSED>]: B
[2026-04-22 22:46:20,852] [INFO] [<IMPLICIT ABSTAIN RETURN>]: atomic_question: None, final_answer: B, conf_score: 1.0 ([1 : 0])
[2026-04-22 22:46:20,852] [INFO] [ABSTENTION PROMPT]: [{'role': 'system', 'content': 'You are a medical doctor trying to reason through a real-life clinical case. Based on your understanding of basic and clinical science, medical knowledge, and mechanisms underlying health, disease, patient care, and modes of therapy, respond according to the task specified by the user. Base your response on the current and standard practices referenced in medical guidelines.'}, {'role': 'user', 'content': 'A patient comes into the clinic presenting with a symptom as described in the conversation log below:\n    \nPATIENT INFORMATION: A 17-month-old girl was brought to the emergency department by her mom following a fall.\nCONVERSATION LOG:\nNone\nQUESTION: What is the most likely explanation for the patient’s presentation?\nOPTIONS: A: Child abuse, B: Defective type 1 collagen gene, C: Low levels of phosphate, D: Low levels of vitamin D\nYOUR TASK: Given the information so far, if you are confident to pick an option correctly and factually, respond with the letter choice and NOTHING ELSE. Otherwise, if you are not confident to pick an option and need more information, ask ONE SPECIFIC ATOMIC QUESTION to the patient. The question should be bite-sized, NOT ask for too much at once, and NOT repeat what has already been asked. In this case, respond with the atomic question and NOTHING ELSE.'}]
[2026-04-22 22:46:20,852] [INFO] [ABSTENTION RESPONSE]: B


[2026-04-22 22:46:20,852] [INFO] [IMPLICIT ABSTAIN RETURN]: abstain: False, confidence: 1.0, letter_choice: B, usage: {'input_tokens': 278, 'output_tokens': 3}, atomic_question: None

[2026-04-22 22:46:20,852] [INFO] [Expert System]: {'type': 'choice', 'question': None, 'letter_choice': 'B', 'confidence': 1.0, 'usage': {'input_tokens': 278, 'output_tokens': 3}}
[2026-04-22 22:46:20,852] [INFO] |||||||||||||||||||| Interaction ended for patient #24 | Predicted: B | GT: B | Correct: True ||||||||||||||||||||



[2026-04-22 22:46:20,852] [INFO] |||||||||||||||||||| PATIENT #25 | GT: C (Volvulus) ||||||||||||||||||||
[2026-04-22 22:46:20,852] [INFO] ==================== Turn 1 ====================
[2026-04-22 22:46:20,852] [INFO] ++++++++++++++++++++ Start of Implicit Abstention [expert_basics.py:expert_response_choice_or_question()] ++++++++++++++++++++
[2026-04-22 22:46:20,852] [INFO] [<IMPLICIT ABSTAIN PROMPT>] [len(messages)=2] (messages[-1]):
A patient comes into the clinic presenting with a symptom as described in the conversation log below:
    
PATIENT INFORMATION: ِA 62-year-old man comes to the emergency department because of colicky pain in the lower abdomen and abdominal distension for the past 12 hours.
CONVERSATION LOG:
None
QUESTION: Which of the following is the most likely diagnosis?
OPTIONS: A: Infectious colitis, B: Bowel adhesions, C: Volvulus, D: Acute diverticulitis
YOUR TASK: Given the information so far, if you are confident to pick an option correctly and factually, respond with the letter choice and NOTHING ELSE. Otherwise, if you are not confident to pick an option and need more information, ask ONE SPECIFIC ATOMIC QUESTION to the patient. The question should be bite-sized, NOT ask for too much at once, and NOT repeat what has already been asked. In this case, respond with the atomic question and NOTHING ELSE.
[2026-04-22 22:46:20,852] [INFO] -------------------- Self-Consistency Iteration 1 --------------------
[2026-04-22 22:46:21,023] [INFO] [<IMPLICIT ABSTAIN LM RES>]: C

[2026-04-22 22:46:21,023] [INFO] [<IMPLICIT ABSTAIN PARSED>]: C
[2026-04-22 22:46:21,023] [INFO] [<IMPLICIT ABSTAIN RETURN>]: atomic_question: None, final_answer: C, conf_score: 1.0 ([1 : 0])
[2026-04-22 22:46:21,023] [INFO] [ABSTENTION PROMPT]: [{'role': 'system', 'content': 'You are a medical doctor trying to reason through a real-life clinical case. Based on your understanding of basic and clinical science, medical knowledge, and mechanisms underlying health, disease, patient care, and modes of therapy, respond according to the task specified by the user. Base your response on the current and standard practices referenced in medical guidelines.'}, {'role': 'user', 'content': 'A patient comes into the clinic presenting with a symptom as described in the conversation log below:\n    \nPATIENT INFORMATION: ِA 62-year-old man comes to the emergency department because of colicky pain in the lower abdomen and abdominal distension for the past 12 hours.\nCONVERSATION LOG:\nNone\nQUESTION: Which of the following is the most likely diagnosis?\nOPTIONS: A: Infectious colitis, B: Bowel adhesions, C: Volvulus, D: Acute diverticulitis\nYOUR TASK: Given the information so far, if you are confident to pick an option correctly and factually, respond with the letter choice and NOTHING ELSE. Otherwise, if you are not confident to pick an option and need more information, ask ONE SPECIFIC ATOMIC QUESTION to the patient. The question should be bite-sized, NOT ask for too much at once, and NOT repeat what has already been asked. In this case, respond with the atomic question and NOTHING ELSE.'}]
[2026-04-22 22:46:21,023] [INFO] [ABSTENTION RESPONSE]: C


[2026-04-22 22:46:21,023] [INFO] [IMPLICIT ABSTAIN RETURN]: abstain: False, confidence: 1.0, letter_choice: C, usage: {'input_tokens': 284, 'output_tokens': 3}, atomic_question: None

[2026-04-22 22:46:21,023] [INFO] [Expert System]: {'type': 'choice', 'question': None, 'letter_choice': 'C', 'confidence': 1.0, 'usage': {'input_tokens': 284, 'output_tokens': 3}}
[2026-04-22 22:46:21,023] [INFO] |||||||||||||||||||| Interaction ended for patient #25 | Predicted: C | GT: C | Correct: True ||||||||||||||||||||



[2026-04-22 22:46:21,023] [INFO] |||||||||||||||||||| PATIENT #26 | GT: A (Hepatotoxicity) ||||||||||||||||||||
[2026-04-22 22:46:21,023] [INFO] ==================== Turn 1 ====================
[2026-04-22 22:46:21,023] [INFO] ++++++++++++++++++++ Start of Implicit Abstention [expert_basics.py:expert_response_choice_or_question()] ++++++++++++++++++++
[2026-04-22 22:46:21,023] [INFO] [<IMPLICIT ABSTAIN PROMPT>] [len(messages)=2] (messages[-1]):
A patient comes into the clinic presenting with a symptom as described in the conversation log below:
    
PATIENT INFORMATION: A 73-year-old African American man comes to the physician for a routine health maintenance examination.
CONVERSATION LOG:
None
QUESTION: The addition of this drug is most likely to increase the risk of which of the following adverse effects?"
OPTIONS: A: Hepatotoxicity, B: Hyperkalemia, C: Cutaneous flushing, D: Hyperuricemia
YOUR TASK: Given the information so far, if you are confident to pick an option correctly and factually, respond with the letter choice and NOTHING ELSE. Otherwise, if you are not confident to pick an option and need more information, ask ONE SPECIFIC ATOMIC QUESTION to the patient. The question should be bite-sized, NOT ask for too much at once, and NOT repeat what has already been asked. In this case, respond with the atomic question and NOTHING ELSE.
[2026-04-22 22:46:21,024] [INFO] -------------------- Self-Consistency Iteration 1 --------------------
[2026-04-22 22:46:21,190] [INFO] [<IMPLICIT ABSTAIN LM RES>]: C

[2026-04-22 22:46:21,190] [INFO] [<IMPLICIT ABSTAIN PARSED>]: C
[2026-04-22 22:46:21,190] [INFO] [<IMPLICIT ABSTAIN RETURN>]: atomic_question: None, final_answer: C, conf_score: 1.0 ([1 : 0])
[2026-04-22 22:46:21,190] [INFO] [ABSTENTION PROMPT]: [{'role': 'system', 'content': 'You are a medical doctor trying to reason through a real-life clinical case. Based on your understanding of basic and clinical science, medical knowledge, and mechanisms underlying health, disease, patient care, and modes of therapy, respond according to the task specified by the user. Base your response on the current and standard practices referenced in medical guidelines.'}, {'role': 'user', 'content': 'A patient comes into the clinic presenting with a symptom as described in the conversation log below:\n    \nPATIENT INFORMATION: A 73-year-old African American man comes to the physician for a routine health maintenance examination.\nCONVERSATION LOG:\nNone\nQUESTION: The addition of this drug is most likely to increase the risk of which of the following adverse effects?"\nOPTIONS: A: Hepatotoxicity, B: Hyperkalemia, C: Cutaneous flushing, D: Hyperuricemia\nYOUR TASK: Given the information so far, if you are confident to pick an option correctly and factually, respond with the letter choice and NOTHING ELSE. Otherwise, if you are not confident to pick an option and need more information, ask ONE SPECIFIC ATOMIC QUESTION to the patient. The question should be bite-sized, NOT ask for too much at once, and NOT repeat what has already been asked. In this case, respond with the atomic question and NOTHING ELSE.'}]
[2026-04-22 22:46:21,190] [INFO] [ABSTENTION RESPONSE]: C


[2026-04-22 22:46:21,190] [INFO] [IMPLICIT ABSTAIN RETURN]: abstain: False, confidence: 1.0, letter_choice: C, usage: {'input_tokens': 278, 'output_tokens': 3}, atomic_question: None

[2026-04-22 22:46:21,190] [INFO] [Expert System]: {'type': 'choice', 'question': None, 'letter_choice': 'C', 'confidence': 1.0, 'usage': {'input_tokens': 278, 'output_tokens': 3}}
[2026-04-22 22:46:21,190] [INFO] |||||||||||||||||||| Interaction ended for patient #26 | Predicted: C | GT: A | Correct: False ||||||||||||||||||||



[2026-04-22 22:46:21,190] [INFO] |||||||||||||||||||| PATIENT #27 | GT: D (Karotype) ||||||||||||||||||||
[2026-04-22 22:46:21,190] [INFO] ==================== Turn 1 ====================
[2026-04-22 22:46:21,190] [INFO] ++++++++++++++++++++ Start of Implicit Abstention [expert_basics.py:expert_response_choice_or_question()] ++++++++++++++++++++
[2026-04-22 22:46:21,190] [INFO] [<IMPLICIT ABSTAIN PROMPT>] [len(messages)=2] (messages[-1]):
A patient comes into the clinic presenting with a symptom as described in the conversation log below:
    
PATIENT INFORMATION: A 15-year-old girl is brought to the clinic by her mother because she is worried the patient has not yet had her period.
CONVERSATION LOG:
None
QUESTION: Which of the following is the next best diagnostic step?
OPTIONS: A: CYP17 gene work-up, B: Estrogen levels, C: Gonadotrophin-releasing hormone stimulation test, D: Karotype
YOUR TASK: Given the information so far, if you are confident to pick an option correctly and factually, respond with the letter choice and NOTHING ELSE. Otherwise, if you are not confident to pick an option and need more information, ask ONE SPECIFIC ATOMIC QUESTION to the patient. The question should be bite-sized, NOT ask for too much at once, and NOT repeat what has already been asked. In this case, respond with the atomic question and NOTHING ELSE.
[2026-04-22 22:46:21,190] [INFO] -------------------- Self-Consistency Iteration 1 --------------------
[2026-04-22 22:46:21,357] [INFO] [<IMPLICIT ABSTAIN LM RES>]: C

[2026-04-22 22:46:21,357] [INFO] [<IMPLICIT ABSTAIN PARSED>]: C
[2026-04-22 22:46:21,357] [INFO] [<IMPLICIT ABSTAIN RETURN>]: atomic_question: None, final_answer: C, conf_score: 1.0 ([1 : 0])
[2026-04-22 22:46:21,357] [INFO] [ABSTENTION PROMPT]: [{'role': 'system', 'content': 'You are a medical doctor trying to reason through a real-life clinical case. Based on your understanding of basic and clinical science, medical knowledge, and mechanisms underlying health, disease, patient care, and modes of therapy, respond according to the task specified by the user. Base your response on the current and standard practices referenced in medical guidelines.'}, {'role': 'user', 'content': 'A patient comes into the clinic presenting with a symptom as described in the conversation log below:\n    \nPATIENT INFORMATION: A 15-year-old girl is brought to the clinic by her mother because she is worried the patient has not yet had her period.\nCONVERSATION LOG:\nNone\nQUESTION: Which of the following is the next best diagnostic step?\nOPTIONS: A: CYP17 gene work-up, B: Estrogen levels, C: Gonadotrophin-releasing hormone stimulation test, D: Karotype\nYOUR TASK: Given the information so far, if you are confident to pick an option correctly and factually, respond with the letter choice and NOTHING ELSE. Otherwise, if you are not confident to pick an option and need more information, ask ONE SPECIFIC ATOMIC QUESTION to the patient. The question should be bite-sized, NOT ask for too much at once, and NOT repeat what has already been asked. In this case, respond with the atomic question and NOTHING ELSE.'}]
[2026-04-22 22:46:21,357] [INFO] [ABSTENTION RESPONSE]: C


[2026-04-22 22:46:21,357] [INFO] [IMPLICIT ABSTAIN RETURN]: abstain: False, confidence: 1.0, letter_choice: C, usage: {'input_tokens': 288, 'output_tokens': 3}, atomic_question: None

[2026-04-22 22:46:21,357] [INFO] [Expert System]: {'type': 'choice', 'question': None, 'letter_choice': 'C', 'confidence': 1.0, 'usage': {'input_tokens': 288, 'output_tokens': 3}}
[2026-04-22 22:46:21,357] [INFO] |||||||||||||||||||| Interaction ended for patient #27 | Predicted: C | GT: D | Correct: False ||||||||||||||||||||



[2026-04-22 22:46:21,357] [INFO] |||||||||||||||||||| PATIENT #28 | GT: D (Ectopic gastric mucosa on Technetium-99m pertechnetate scan) ||||||||||||||||||||
[2026-04-22 22:46:21,357] [INFO] ==================== Turn 1 ====================
[2026-04-22 22:46:21,357] [INFO] ++++++++++++++++++++ Start of Implicit Abstention [expert_basics.py:expert_response_choice_or_question()] ++++++++++++++++++++
[2026-04-22 22:46:21,357] [INFO] [<IMPLICIT ABSTAIN PROMPT>] [len(messages)=2] (messages[-1]):
A patient comes into the clinic presenting with a symptom as described in the conversation log below:
    
PATIENT INFORMATION: A 15-month-old girl is brought to the physician by her mother for grossly bloody diarrhea for 2 days.
CONVERSATION LOG:
None
QUESTION: Further evaluation is most likely to show which of the following findings?
OPTIONS: A: Neutrophil infiltrated crypts on colonic biopsy, B: Absent ganglionic cells on rectal suction biopsy, C: Target sign on abdominal ultrasound, D: Ectopic gastric mucosa on Technetium-99m pertechnetate scan
YOUR TASK: Given the information so far, if you are confident to pick an option correctly and factually, respond with the letter choice and NOTHING ELSE. Otherwise, if you are not confident to pick an option and need more information, ask ONE SPECIFIC ATOMIC QUESTION to the patient. The question should be bite-sized, NOT ask for too much at once, and NOT repeat what has already been asked. In this case, respond with the atomic question and NOTHING ELSE.
[2026-04-22 22:46:21,357] [INFO] -------------------- Self-Consistency Iteration 1 --------------------
[2026-04-22 22:46:21,526] [INFO] [<IMPLICIT ABSTAIN LM RES>]: D

[2026-04-22 22:46:21,526] [INFO] [<IMPLICIT ABSTAIN PARSED>]: D
[2026-04-22 22:46:21,526] [INFO] [<IMPLICIT ABSTAIN RETURN>]: atomic_question: None, final_answer: D, conf_score: 1.0 ([1 : 0])
[2026-04-22 22:46:21,526] [INFO] [ABSTENTION PROMPT]: [{'role': 'system', 'content': 'You are a medical doctor trying to reason through a real-life clinical case. Based on your understanding of basic and clinical science, medical knowledge, and mechanisms underlying health, disease, patient care, and modes of therapy, respond according to the task specified by the user. Base your response on the current and standard practices referenced in medical guidelines.'}, {'role': 'user', 'content': 'A patient comes into the clinic presenting with a symptom as described in the conversation log below:\n    \nPATIENT INFORMATION: A 15-month-old girl is brought to the physician by her mother for grossly bloody diarrhea for 2 days.\nCONVERSATION LOG:\nNone\nQUESTION: Further evaluation is most likely to show which of the following findings?\nOPTIONS: A: Neutrophil infiltrated crypts on colonic biopsy, B: Absent ganglionic cells on rectal suction biopsy, C: Target sign on abdominal ultrasound, D: Ectopic gastric mucosa on Technetium-99m pertechnetate scan\nYOUR TASK: Given the information so far, if you are confident to pick an option correctly and factually, respond with the letter choice and NOTHING ELSE. Otherwise, if you are not confident to pick an option and need more information, ask ONE SPECIFIC ATOMIC QUESTION to the patient. The question should be bite-sized, NOT ask for too much at once, and NOT repeat what has already been asked. In this case, respond with the atomic question and NOTHING ELSE.'}]
[2026-04-22 22:46:21,526] [INFO] [ABSTENTION RESPONSE]: D


[2026-04-22 22:46:21,526] [INFO] [IMPLICIT ABSTAIN RETURN]: abstain: False, confidence: 1.0, letter_choice: D, usage: {'input_tokens': 306, 'output_tokens': 3}, atomic_question: None

[2026-04-22 22:46:21,526] [INFO] [Expert System]: {'type': 'choice', 'question': None, 'letter_choice': 'D', 'confidence': 1.0, 'usage': {'input_tokens': 306, 'output_tokens': 3}}
[2026-04-22 22:46:21,526] [INFO] |||||||||||||||||||| Interaction ended for patient #28 | Predicted: D | GT: D | Correct: True ||||||||||||||||||||



[2026-04-22 22:46:21,526] [INFO] |||||||||||||||||||| PATIENT #29 | GT: C (Abnormal development of the acetabulum) ||||||||||||||||||||
[2026-04-22 22:46:21,526] [INFO] ==================== Turn 1 ====================
[2026-04-22 22:46:21,526] [INFO] ++++++++++++++++++++ Start of Implicit Abstention [expert_basics.py:expert_response_choice_or_question()] ++++++++++++++++++++
[2026-04-22 22:46:21,526] [INFO] [<IMPLICIT ABSTAIN PROMPT>] [len(messages)=2] (messages[-1]):
A patient comes into the clinic presenting with a symptom as described in the conversation log below:
    
PATIENT INFORMATION: A 3855-g (8-lb 8-oz) newborn is examined shortly after birth.
CONVERSATION LOG:
None
QUESTION: Which of the following is the most likely underlying cause of this patient's findings?
OPTIONS: A: Fracture of the femoral neck, B: Inflammation of the hip synovium, C: Abnormal development of the acetabulum, D: Displacement of the femoral epiphysis
YOUR TASK: Given the information so far, if you are confident to pick an option correctly and factually, respond with the letter choice and NOTHING ELSE. Otherwise, if you are not confident to pick an option and need more information, ask ONE SPECIFIC ATOMIC QUESTION to the patient. The question should be bite-sized, NOT ask for too much at once, and NOT repeat what has already been asked. In this case, respond with the atomic question and NOTHING ELSE.
[2026-04-22 22:46:21,526] [INFO] -------------------- Self-Consistency Iteration 1 --------------------
[2026-04-22 22:46:21,696] [INFO] [<IMPLICIT ABSTAIN LM RES>]: C

[2026-04-22 22:46:21,696] [INFO] [<IMPLICIT ABSTAIN PARSED>]: C
[2026-04-22 22:46:21,696] [INFO] [<IMPLICIT ABSTAIN RETURN>]: atomic_question: None, final_answer: C, conf_score: 1.0 ([1 : 0])
[2026-04-22 22:46:21,696] [INFO] [ABSTENTION PROMPT]: [{'role': 'system', 'content': 'You are a medical doctor trying to reason through a real-life clinical case. Based on your understanding of basic and clinical science, medical knowledge, and mechanisms underlying health, disease, patient care, and modes of therapy, respond according to the task specified by the user. Base your response on the current and standard practices referenced in medical guidelines.'}, {'role': 'user', 'content': "A patient comes into the clinic presenting with a symptom as described in the conversation log below:\n    \nPATIENT INFORMATION: A 3855-g (8-lb 8-oz) newborn is examined shortly after birth.\nCONVERSATION LOG:\nNone\nQUESTION: Which of the following is the most likely underlying cause of this patient's findings?\nOPTIONS: A: Fracture of the femoral neck, B: Inflammation of the hip synovium, C: Abnormal development of the acetabulum, D: Displacement of the femoral epiphysis\nYOUR TASK: Given the information so far, if you are confident to pick an option correctly and factually, respond with the letter choice and NOTHING ELSE. Otherwise, if you are not confident to pick an option and need more information, ask ONE SPECIFIC ATOMIC QUESTION to the patient. The question should be bite-sized, NOT ask for too much at once, and NOT repeat what has already been asked. In this case, respond with the atomic question and NOTHING ELSE."}]
[2026-04-22 22:46:21,696] [INFO] [ABSTENTION RESPONSE]: C


[2026-04-22 22:46:21,696] [INFO] [IMPLICIT ABSTAIN RETURN]: abstain: False, confidence: 1.0, letter_choice: C, usage: {'input_tokens': 290, 'output_tokens': 3}, atomic_question: None

[2026-04-22 22:46:21,696] [INFO] [Expert System]: {'type': 'choice', 'question': None, 'letter_choice': 'C', 'confidence': 1.0, 'usage': {'input_tokens': 290, 'output_tokens': 3}}
[2026-04-22 22:46:21,696] [INFO] |||||||||||||||||||| Interaction ended for patient #29 | Predicted: C | GT: C | Correct: True ||||||||||||||||||||



[2026-04-22 22:46:21,696] [INFO] |||||||||||||||||||| PATIENT #30 | GT: D (Thalassemia trait) ||||||||||||||||||||
[2026-04-22 22:46:21,696] [INFO] ==================== Turn 1 ====================
[2026-04-22 22:46:21,696] [INFO] ++++++++++++++++++++ Start of Implicit Abstention [expert_basics.py:expert_response_choice_or_question()] ++++++++++++++++++++
[2026-04-22 22:46:21,696] [INFO] [<IMPLICIT ABSTAIN PROMPT>] [len(messages)=2] (messages[-1]):
A patient comes into the clinic presenting with a symptom as described in the conversation log below:
    
PATIENT INFORMATION: A 27-year-old G1P0 woman at 9 weeks estimated gestational age presents for a prenatal visit.
CONVERSATION LOG:
None
QUESTION: Which of the following is the most likely cause of this patient's anemia?
OPTIONS: A: Vitamin B12 deficiency, B: Zinc deficiency, C: Gestational anemia, D: Thalassemia trait
YOUR TASK: Given the information so far, if you are confident to pick an option correctly and factually, respond with the letter choice and NOTHING ELSE. Otherwise, if you are not confident to pick an option and need more information, ask ONE SPECIFIC ATOMIC QUESTION to the patient. The question should be bite-sized, NOT ask for too much at once, and NOT repeat what has already been asked. In this case, respond with the atomic question and NOTHING ELSE.
[2026-04-22 22:46:21,696] [INFO] -------------------- Self-Consistency Iteration 1 --------------------
[2026-04-22 22:46:21,869] [INFO] [<IMPLICIT ABSTAIN LM RES>]: C

[2026-04-22 22:46:21,869] [INFO] [<IMPLICIT ABSTAIN PARSED>]: C
[2026-04-22 22:46:21,869] [INFO] [<IMPLICIT ABSTAIN RETURN>]: atomic_question: None, final_answer: C, conf_score: 1.0 ([1 : 0])
[2026-04-22 22:46:21,869] [INFO] [ABSTENTION PROMPT]: [{'role': 'system', 'content': 'You are a medical doctor trying to reason through a real-life clinical case. Based on your understanding of basic and clinical science, medical knowledge, and mechanisms underlying health, disease, patient care, and modes of therapy, respond according to the task specified by the user. Base your response on the current and standard practices referenced in medical guidelines.'}, {'role': 'user', 'content': "A patient comes into the clinic presenting with a symptom as described in the conversation log below:\n    \nPATIENT INFORMATION: A 27-year-old G1P0 woman at 9 weeks estimated gestational age presents for a prenatal visit.\nCONVERSATION LOG:\nNone\nQUESTION: Which of the following is the most likely cause of this patient's anemia?\nOPTIONS: A: Vitamin B12 deficiency, B: Zinc deficiency, C: Gestational anemia, D: Thalassemia trait\nYOUR TASK: Given the information so far, if you are confident to pick an option correctly and factually, respond with the letter choice and NOTHING ELSE. Otherwise, if you are not confident to pick an option and need more information, ask ONE SPECIFIC ATOMIC QUESTION to the patient. The question should be bite-sized, NOT ask for too much at once, and NOT repeat what has already been asked. In this case, respond with the atomic question and NOTHING ELSE."}]
[2026-04-22 22:46:21,869] [INFO] [ABSTENTION RESPONSE]: C


[2026-04-22 22:46:21,869] [INFO] [IMPLICIT ABSTAIN RETURN]: abstain: False, confidence: 1.0, letter_choice: C, usage: {'input_tokens': 280, 'output_tokens': 3}, atomic_question: None

[2026-04-22 22:46:21,869] [INFO] [Expert System]: {'type': 'choice', 'question': None, 'letter_choice': 'C', 'confidence': 1.0, 'usage': {'input_tokens': 280, 'output_tokens': 3}}
[2026-04-22 22:46:21,869] [INFO] |||||||||||||||||||| Interaction ended for patient #30 | Predicted: C | GT: D | Correct: False ||||||||||||||||||||



[2026-04-22 22:46:21,870] [INFO] |||||||||||||||||||| PATIENT #31 | GT: A (Activation energy (Ea) will increase) ||||||||||||||||||||
[2026-04-22 22:46:21,870] [INFO] ==================== Turn 1 ====================
[2026-04-22 22:46:21,870] [INFO] ++++++++++++++++++++ Start of Implicit Abstention [expert_basics.py:expert_response_choice_or_question()] ++++++++++++++++++++
[2026-04-22 22:46:21,870] [INFO] [<IMPLICIT ABSTAIN PROMPT>] [len(messages)=2] (messages[-1]):
A patient comes into the clinic presenting with a symptom as described in the conversation log below:
    
PATIENT INFORMATION: A 31-year-old woman presents to your clinic with a persistent headache.
CONVERSATION LOG:
None
QUESTION: What will be the change in the kinetics of the reaction catalyzed by carbonic anhydrase under the influence of acetazolamide?
OPTIONS: A: Activation energy (Ea) will increase, B: Activation energy (Ea) will decrease, C: Free energy (G) of the reactants will increase, D: Increase reaction free energy change (∆G) by increasing free energy (G) of reactants and decreasing G of products
YOUR TASK: Given the information so far, if you are confident to pick an option correctly and factually, respond with the letter choice and NOTHING ELSE. Otherwise, if you are not confident to pick an option and need more information, ask ONE SPECIFIC ATOMIC QUESTION to the patient. The question should be bite-sized, NOT ask for too much at once, and NOT repeat what has already been asked. In this case, respond with the atomic question and NOTHING ELSE.
[2026-04-22 22:46:21,870] [INFO] -------------------- Self-Consistency Iteration 1 --------------------
[2026-04-22 22:46:22,039] [INFO] [<IMPLICIT ABSTAIN LM RES>]: B

[2026-04-22 22:46:22,039] [INFO] [<IMPLICIT ABSTAIN PARSED>]: B
[2026-04-22 22:46:22,039] [INFO] [<IMPLICIT ABSTAIN RETURN>]: atomic_question: None, final_answer: B, conf_score: 1.0 ([1 : 0])
[2026-04-22 22:46:22,039] [INFO] [ABSTENTION PROMPT]: [{'role': 'system', 'content': 'You are a medical doctor trying to reason through a real-life clinical case. Based on your understanding of basic and clinical science, medical knowledge, and mechanisms underlying health, disease, patient care, and modes of therapy, respond according to the task specified by the user. Base your response on the current and standard practices referenced in medical guidelines.'}, {'role': 'user', 'content': 'A patient comes into the clinic presenting with a symptom as described in the conversation log below:\n    \nPATIENT INFORMATION: A 31-year-old woman presents to your clinic with a persistent headache.\nCONVERSATION LOG:\nNone\nQUESTION: What will be the change in the kinetics of the reaction catalyzed by carbonic anhydrase under the influence of acetazolamide?\nOPTIONS: A: Activation energy (Ea) will increase, B: Activation energy (Ea) will decrease, C: Free energy (G) of the reactants will increase, D: Increase reaction free energy change (∆G) by increasing free energy (G) of reactants and decreasing G of products\nYOUR TASK: Given the information so far, if you are confident to pick an option correctly and factually, respond with the letter choice and NOTHING ELSE. Otherwise, if you are not confident to pick an option and need more information, ask ONE SPECIFIC ATOMIC QUESTION to the patient. The question should be bite-sized, NOT ask for too much at once, and NOT repeat what has already been asked. In this case, respond with the atomic question and NOTHING ELSE.'}]
[2026-04-22 22:46:22,039] [INFO] [ABSTENTION RESPONSE]: B


[2026-04-22 22:46:22,039] [INFO] [IMPLICIT ABSTAIN RETURN]: abstain: False, confidence: 1.0, letter_choice: B, usage: {'input_tokens': 316, 'output_tokens': 3}, atomic_question: None

[2026-04-22 22:46:22,039] [INFO] [Expert System]: {'type': 'choice', 'question': None, 'letter_choice': 'B', 'confidence': 1.0, 'usage': {'input_tokens': 316, 'output_tokens': 3}}
[2026-04-22 22:46:22,039] [INFO] |||||||||||||||||||| Interaction ended for patient #31 | Predicted: B | GT: A | Correct: False ||||||||||||||||||||



[2026-04-22 22:46:22,040] [INFO] |||||||||||||||||||| PATIENT #32 | GT: D (Dressler syndrome) ||||||||||||||||||||
[2026-04-22 22:46:22,040] [INFO] ==================== Turn 1 ====================
[2026-04-22 22:46:22,040] [INFO] ++++++++++++++++++++ Start of Implicit Abstention [expert_basics.py:expert_response_choice_or_question()] ++++++++++++++++++++
[2026-04-22 22:46:22,040] [INFO] [<IMPLICIT ABSTAIN PROMPT>] [len(messages)=2] (messages[-1]):
A patient comes into the clinic presenting with a symptom as described in the conversation log below:
    
PATIENT INFORMATION: A 55-year-old man comes to the emergency department because of a dry cough and severe chest pain beginning that morning.
CONVERSATION LOG:
None
QUESTION: Which of the following is the most likely cause of this patient's symptoms?
OPTIONS: A: Cardiac tamponade, B: Constrictive pericarditis, C: Reinfarction, D: Dressler syndrome
YOUR TASK: Given the information so far, if you are confident to pick an option correctly and factually, respond with the letter choice and NOTHING ELSE. Otherwise, if you are not confident to pick an option and need more information, ask ONE SPECIFIC ATOMIC QUESTION to the patient. The question should be bite-sized, NOT ask for too much at once, and NOT repeat what has already been asked. In this case, respond with the atomic question and NOTHING ELSE.
[2026-04-22 22:46:22,040] [INFO] -------------------- Self-Consistency Iteration 1 --------------------
[2026-04-22 22:46:22,208] [INFO] [<IMPLICIT ABSTAIN LM RES>]: C

[2026-04-22 22:46:22,208] [INFO] [<IMPLICIT ABSTAIN PARSED>]: C
[2026-04-22 22:46:22,208] [INFO] [<IMPLICIT ABSTAIN RETURN>]: atomic_question: None, final_answer: C, conf_score: 1.0 ([1 : 0])
[2026-04-22 22:46:22,208] [INFO] [ABSTENTION PROMPT]: [{'role': 'system', 'content': 'You are a medical doctor trying to reason through a real-life clinical case. Based on your understanding of basic and clinical science, medical knowledge, and mechanisms underlying health, disease, patient care, and modes of therapy, respond according to the task specified by the user. Base your response on the current and standard practices referenced in medical guidelines.'}, {'role': 'user', 'content': "A patient comes into the clinic presenting with a symptom as described in the conversation log below:\n    \nPATIENT INFORMATION: A 55-year-old man comes to the emergency department because of a dry cough and severe chest pain beginning that morning.\nCONVERSATION LOG:\nNone\nQUESTION: Which of the following is the most likely cause of this patient's symptoms?\nOPTIONS: A: Cardiac tamponade, B: Constrictive pericarditis, C: Reinfarction, D: Dressler syndrome\nYOUR TASK: Given the information so far, if you are confident to pick an option correctly and factually, respond with the letter choice and NOTHING ELSE. Otherwise, if you are not confident to pick an option and need more information, ask ONE SPECIFIC ATOMIC QUESTION to the patient. The question should be bite-sized, NOT ask for too much at once, and NOT repeat what has already been asked. In this case, respond with the atomic question and NOTHING ELSE."}]
[2026-04-22 22:46:22,208] [INFO] [ABSTENTION RESPONSE]: C


[2026-04-22 22:46:22,208] [INFO] [IMPLICIT ABSTAIN RETURN]: abstain: False, confidence: 1.0, letter_choice: C, usage: {'input_tokens': 283, 'output_tokens': 3}, atomic_question: None

[2026-04-22 22:46:22,208] [INFO] [Expert System]: {'type': 'choice', 'question': None, 'letter_choice': 'C', 'confidence': 1.0, 'usage': {'input_tokens': 283, 'output_tokens': 3}}
[2026-04-22 22:46:22,208] [INFO] |||||||||||||||||||| Interaction ended for patient #32 | Predicted: C | GT: D | Correct: False ||||||||||||||||||||



[2026-04-22 22:46:22,208] [INFO] |||||||||||||||||||| PATIENT #33 | GT: C (Indomethacin) ||||||||||||||||||||
[2026-04-22 22:46:22,208] [INFO] ==================== Turn 1 ====================
[2026-04-22 22:46:22,208] [INFO] ++++++++++++++++++++ Start of Implicit Abstention [expert_basics.py:expert_response_choice_or_question()] ++++++++++++++++++++
[2026-04-22 22:46:22,208] [INFO] [<IMPLICIT ABSTAIN PROMPT>] [len(messages)=2] (messages[-1]):
A patient comes into the clinic presenting with a symptom as described in the conversation log below:
    
PATIENT INFORMATION: A 27-year-old man presents to the physician with concern for pain in both of his knees that he is unable to attribute to any activities that he has recently performed.
CONVERSATION LOG:
None
QUESTION: Which of the following is the most appropriate treatment for this patient’s condition?
OPTIONS: A: Acetaminophen, B: Allopurinol, C: Indomethacin, D: Leflunomide
YOUR TASK: Given the information so far, if you are confident to pick an option correctly and factually, respond with the letter choice and NOTHING ELSE. Otherwise, if you are not confident to pick an option and need more information, ask ONE SPECIFIC ATOMIC QUESTION to the patient. The question should be bite-sized, NOT ask for too much at once, and NOT repeat what has already been asked. In this case, respond with the atomic question and NOTHING ELSE.
[2026-04-22 22:46:22,208] [INFO] -------------------- Self-Consistency Iteration 1 --------------------
[2026-04-22 22:46:22,378] [INFO] [<IMPLICIT ABSTAIN LM RES>]: C

[2026-04-22 22:46:22,378] [INFO] [<IMPLICIT ABSTAIN PARSED>]: C
[2026-04-22 22:46:22,378] [INFO] [<IMPLICIT ABSTAIN RETURN>]: atomic_question: None, final_answer: C, conf_score: 1.0 ([1 : 0])
[2026-04-22 22:46:22,378] [INFO] [ABSTENTION PROMPT]: [{'role': 'system', 'content': 'You are a medical doctor trying to reason through a real-life clinical case. Based on your understanding of basic and clinical science, medical knowledge, and mechanisms underlying health, disease, patient care, and modes of therapy, respond according to the task specified by the user. Base your response on the current and standard practices referenced in medical guidelines.'}, {'role': 'user', 'content': 'A patient comes into the clinic presenting with a symptom as described in the conversation log below:\n    \nPATIENT INFORMATION: A 27-year-old man presents to the physician with concern for pain in both of his knees that he is unable to attribute to any activities that he has recently performed.\nCONVERSATION LOG:\nNone\nQUESTION: Which of the following is the most appropriate treatment for this patient’s condition?\nOPTIONS: A: Acetaminophen, B: Allopurinol, C: Indomethacin, D: Leflunomide\nYOUR TASK: Given the information so far, if you are confident to pick an option correctly and factually, respond with the letter choice and NOTHING ELSE. Otherwise, if you are not confident to pick an option and need more information, ask ONE SPECIFIC ATOMIC QUESTION to the patient. The question should be bite-sized, NOT ask for too much at once, and NOT repeat what has already been asked. In this case, respond with the atomic question and NOTHING ELSE.'}]
[2026-04-22 22:46:22,378] [INFO] [ABSTENTION RESPONSE]: C


[2026-04-22 22:46:22,378] [INFO] [IMPLICIT ABSTAIN RETURN]: abstain: False, confidence: 1.0, letter_choice: C, usage: {'input_tokens': 291, 'output_tokens': 3}, atomic_question: None

[2026-04-22 22:46:22,378] [INFO] [Expert System]: {'type': 'choice', 'question': None, 'letter_choice': 'C', 'confidence': 1.0, 'usage': {'input_tokens': 291, 'output_tokens': 3}}
[2026-04-22 22:46:22,378] [INFO] |||||||||||||||||||| Interaction ended for patient #33 | Predicted: C | GT: C | Correct: True ||||||||||||||||||||



[2026-04-22 22:46:22,378] [INFO] |||||||||||||||||||| PATIENT #34 | GT: B (Schistosoma mansoni) ||||||||||||||||||||
[2026-04-22 22:46:22,378] [INFO] ==================== Turn 1 ====================
[2026-04-22 22:46:22,378] [INFO] ++++++++++++++++++++ Start of Implicit Abstention [expert_basics.py:expert_response_choice_or_question()] ++++++++++++++++++++
[2026-04-22 22:46:22,378] [INFO] [<IMPLICIT ABSTAIN PROMPT>] [len(messages)=2] (messages[-1]):
A patient comes into the clinic presenting with a symptom as described in the conversation log below:
    
PATIENT INFORMATION: A 22-year old active duty soldier presents to your clinic with complaints of intense fatigue, fevers, abdominal pain, and a nonproductive cough.
CONVERSATION LOG:
None
QUESTION: Of the following organisms, infection with which one is most consistent with her symptoms?
OPTIONS: A: Plasmodium falciparum, B: Schistosoma mansoni, C: Mycobacterium tuberculosis, D: Trypanosoma brucei rhodesiense
YOUR TASK: Given the information so far, if you are confident to pick an option correctly and factually, respond with the letter choice and NOTHING ELSE. Otherwise, if you are not confident to pick an option and need more information, ask ONE SPECIFIC ATOMIC QUESTION to the patient. The question should be bite-sized, NOT ask for too much at once, and NOT repeat what has already been asked. In this case, respond with the atomic question and NOTHING ELSE.
[2026-04-22 22:46:22,378] [INFO] -------------------- Self-Consistency Iteration 1 --------------------
[2026-04-22 22:46:22,545] [INFO] [<IMPLICIT ABSTAIN LM RES>]: C

[2026-04-22 22:46:22,545] [INFO] [<IMPLICIT ABSTAIN PARSED>]: C
[2026-04-22 22:46:22,545] [INFO] [<IMPLICIT ABSTAIN RETURN>]: atomic_question: None, final_answer: C, conf_score: 1.0 ([1 : 0])
[2026-04-22 22:46:22,545] [INFO] [ABSTENTION PROMPT]: [{'role': 'system', 'content': 'You are a medical doctor trying to reason through a real-life clinical case. Based on your understanding of basic and clinical science, medical knowledge, and mechanisms underlying health, disease, patient care, and modes of therapy, respond according to the task specified by the user. Base your response on the current and standard practices referenced in medical guidelines.'}, {'role': 'user', 'content': 'A patient comes into the clinic presenting with a symptom as described in the conversation log below:\n    \nPATIENT INFORMATION: A 22-year old active duty soldier presents to your clinic with complaints of intense fatigue, fevers, abdominal pain, and a nonproductive cough.\nCONVERSATION LOG:\nNone\nQUESTION: Of the following organisms, infection with which one is most consistent with her symptoms?\nOPTIONS: A: Plasmodium falciparum, B: Schistosoma mansoni, C: Mycobacterium tuberculosis, D: Trypanosoma brucei rhodesiense\nYOUR TASK: Given the information so far, if you are confident to pick an option correctly and factually, respond with the letter choice and NOTHING ELSE. Otherwise, if you are not confident to pick an option and need more information, ask ONE SPECIFIC ATOMIC QUESTION to the patient. The question should be bite-sized, NOT ask for too much at once, and NOT repeat what has already been asked. In this case, respond with the atomic question and NOTHING ELSE.'}]
[2026-04-22 22:46:22,545] [INFO] [ABSTENTION RESPONSE]: C


[2026-04-22 22:46:22,545] [INFO] [IMPLICIT ABSTAIN RETURN]: abstain: False, confidence: 1.0, letter_choice: C, usage: {'input_tokens': 291, 'output_tokens': 3}, atomic_question: None

[2026-04-22 22:46:22,545] [INFO] [Expert System]: {'type': 'choice', 'question': None, 'letter_choice': 'C', 'confidence': 1.0, 'usage': {'input_tokens': 291, 'output_tokens': 3}}
[2026-04-22 22:46:22,545] [INFO] |||||||||||||||||||| Interaction ended for patient #34 | Predicted: C | GT: B | Correct: False ||||||||||||||||||||



[2026-04-22 22:46:22,545] [INFO] |||||||||||||||||||| PATIENT #35 | GT: D (Binding to hydroxyapatite) ||||||||||||||||||||
[2026-04-22 22:46:22,545] [INFO] ==================== Turn 1 ====================
[2026-04-22 22:46:22,545] [INFO] ++++++++++++++++++++ Start of Implicit Abstention [expert_basics.py:expert_response_choice_or_question()] ++++++++++++++++++++
[2026-04-22 22:46:22,545] [INFO] [<IMPLICIT ABSTAIN PROMPT>] [len(messages)=2] (messages[-1]):
A patient comes into the clinic presenting with a symptom as described in the conversation log below:
    
PATIENT INFORMATION: A 72-year-old man comes to the emergency room because of a 4-day history of progressively worsening pain and swelling on the right side of his face.
CONVERSATION LOG:
None
QUESTION: Which of the following best describes the mechanism of action of the drug that is most likely responsible for this patient's symptoms?
OPTIONS: A: Cross-linking DNA at guanine, B: Inhibition of proteosome activity, C: Stimulation of PTH receptor, D: Binding to hydroxyapatite
YOUR TASK: Given the information so far, if you are confident to pick an option correctly and factually, respond with the letter choice and NOTHING ELSE. Otherwise, if you are not confident to pick an option and need more information, ask ONE SPECIFIC ATOMIC QUESTION to the patient. The question should be bite-sized, NOT ask for too much at once, and NOT repeat what has already been asked. In this case, respond with the atomic question and NOTHING ELSE.
[2026-04-22 22:46:22,545] [INFO] -------------------- Self-Consistency Iteration 1 --------------------
[2026-04-22 22:46:22,715] [INFO] [<IMPLICIT ABSTAIN LM RES>]: D

[2026-04-22 22:46:22,715] [INFO] [<IMPLICIT ABSTAIN PARSED>]: D
[2026-04-22 22:46:22,715] [INFO] [<IMPLICIT ABSTAIN RETURN>]: atomic_question: None, final_answer: D, conf_score: 1.0 ([1 : 0])
[2026-04-22 22:46:22,715] [INFO] [ABSTENTION PROMPT]: [{'role': 'system', 'content': 'You are a medical doctor trying to reason through a real-life clinical case. Based on your understanding of basic and clinical science, medical knowledge, and mechanisms underlying health, disease, patient care, and modes of therapy, respond according to the task specified by the user. Base your response on the current and standard practices referenced in medical guidelines.'}, {'role': 'user', 'content': "A patient comes into the clinic presenting with a symptom as described in the conversation log below:\n    \nPATIENT INFORMATION: A 72-year-old man comes to the emergency room because of a 4-day history of progressively worsening pain and swelling on the right side of his face.\nCONVERSATION LOG:\nNone\nQUESTION: Which of the following best describes the mechanism of action of the drug that is most likely responsible for this patient's symptoms?\nOPTIONS: A: Cross-linking DNA at guanine, B: Inhibition of proteosome activity, C: Stimulation of PTH receptor, D: Binding to hydroxyapatite\nYOUR TASK: Given the information so far, if you are confident to pick an option correctly and factually, respond with the letter choice and NOTHING ELSE. Otherwise, if you are not confident to pick an option and need more information, ask ONE SPECIFIC ATOMIC QUESTION to the patient. The question should be bite-sized, NOT ask for too much at once, and NOT repeat what has already been asked. In this case, respond with the atomic question and NOTHING ELSE."}]
[2026-04-22 22:46:22,715] [INFO] [ABSTENTION RESPONSE]: D


[2026-04-22 22:46:22,715] [INFO] [IMPLICIT ABSTAIN RETURN]: abstain: False, confidence: 1.0, letter_choice: D, usage: {'input_tokens': 307, 'output_tokens': 3}, atomic_question: None

[2026-04-22 22:46:22,715] [INFO] [Expert System]: {'type': 'choice', 'question': None, 'letter_choice': 'D', 'confidence': 1.0, 'usage': {'input_tokens': 307, 'output_tokens': 3}}
[2026-04-22 22:46:22,715] [INFO] |||||||||||||||||||| Interaction ended for patient #35 | Predicted: D | GT: D | Correct: True ||||||||||||||||||||



[2026-04-22 22:46:22,715] [INFO] |||||||||||||||||||| PATIENT #36 | GT: A (Premature birth) ||||||||||||||||||||
[2026-04-22 22:46:22,715] [INFO] ==================== Turn 1 ====================
[2026-04-22 22:46:22,715] [INFO] ++++++++++++++++++++ Start of Implicit Abstention [expert_basics.py:expert_response_choice_or_question()] ++++++++++++++++++++
[2026-04-22 22:46:22,715] [INFO] [<IMPLICIT ABSTAIN PROMPT>] [len(messages)=2] (messages[-1]):
A patient comes into the clinic presenting with a symptom as described in the conversation log below:
    
PATIENT INFORMATION: A 12-month-old girl is brought to the physician because she is unable to sit and has not learned how to crawl.
CONVERSATION LOG:
None
QUESTION: Which of the following is the most important risk factor for the development of this condition?
OPTIONS: A: Premature birth, B: Congenital rubella infection, C: Congenital CMV infection, D: Advanced maternal age
YOUR TASK: Given the information so far, if you are confident to pick an option correctly and factually, respond with the letter choice and NOTHING ELSE. Otherwise, if you are not confident to pick an option and need more information, ask ONE SPECIFIC ATOMIC QUESTION to the patient. The question should be bite-sized, NOT ask for too much at once, and NOT repeat what has already been asked. In this case, respond with the atomic question and NOTHING ELSE.
[2026-04-22 22:46:22,715] [INFO] -------------------- Self-Consistency Iteration 1 --------------------
[2026-04-22 22:46:22,889] [INFO] [<IMPLICIT ABSTAIN LM RES>]: B

[2026-04-22 22:46:22,890] [INFO] [<IMPLICIT ABSTAIN PARSED>]: B
[2026-04-22 22:46:22,890] [INFO] [<IMPLICIT ABSTAIN RETURN>]: atomic_question: None, final_answer: B, conf_score: 1.0 ([1 : 0])
[2026-04-22 22:46:22,890] [INFO] [ABSTENTION PROMPT]: [{'role': 'system', 'content': 'You are a medical doctor trying to reason through a real-life clinical case. Based on your understanding of basic and clinical science, medical knowledge, and mechanisms underlying health, disease, patient care, and modes of therapy, respond according to the task specified by the user. Base your response on the current and standard practices referenced in medical guidelines.'}, {'role': 'user', 'content': 'A patient comes into the clinic presenting with a symptom as described in the conversation log below:\n    \nPATIENT INFORMATION: A 12-month-old girl is brought to the physician because she is unable to sit and has not learned how to crawl.\nCONVERSATION LOG:\nNone\nQUESTION: Which of the following is the most important risk factor for the development of this condition?\nOPTIONS: A: Premature birth, B: Congenital rubella infection, C: Congenital CMV infection, D: Advanced maternal age\nYOUR TASK: Given the information so far, if you are confident to pick an option correctly and factually, respond with the letter choice and NOTHING ELSE. Otherwise, if you are not confident to pick an option and need more information, ask ONE SPECIFIC ATOMIC QUESTION to the patient. The question should be bite-sized, NOT ask for too much at once, and NOT repeat what has already been asked. In this case, respond with the atomic question and NOTHING ELSE.'}]
[2026-04-22 22:46:22,890] [INFO] [ABSTENTION RESPONSE]: B


[2026-04-22 22:46:22,890] [INFO] [IMPLICIT ABSTAIN RETURN]: abstain: False, confidence: 1.0, letter_choice: B, usage: {'input_tokens': 287, 'output_tokens': 3}, atomic_question: None

[2026-04-22 22:46:22,890] [INFO] [Expert System]: {'type': 'choice', 'question': None, 'letter_choice': 'B', 'confidence': 1.0, 'usage': {'input_tokens': 287, 'output_tokens': 3}}
[2026-04-22 22:46:22,890] [INFO] |||||||||||||||||||| Interaction ended for patient #36 | Predicted: B | GT: A | Correct: False ||||||||||||||||||||



[2026-04-22 22:46:22,890] [INFO] |||||||||||||||||||| PATIENT #37 | GT: D (Traveler’s diarrhea due to ETEC) ||||||||||||||||||||
[2026-04-22 22:46:22,890] [INFO] ==================== Turn 1 ====================
[2026-04-22 22:46:22,890] [INFO] ++++++++++++++++++++ Start of Implicit Abstention [expert_basics.py:expert_response_choice_or_question()] ++++++++++++++++++++
[2026-04-22 22:46:22,890] [INFO] [<IMPLICIT ABSTAIN PROMPT>] [len(messages)=2] (messages[-1]):
A patient comes into the clinic presenting with a symptom as described in the conversation log below:
    
PATIENT INFORMATION: A 31-year-old male presents with a 2-day history of watery diarrhea that began 8 days after his arrival from Africa.
CONVERSATION LOG:
None
QUESTION: What is the most likely diagnosis?
OPTIONS: A: Giardiasis, B: Irritable bowel syndrome (IBS), C: Traveler’s diarrhea due to Norovirus, D: Traveler’s diarrhea due to ETEC
YOUR TASK: Given the information so far, if you are confident to pick an option correctly and factually, respond with the letter choice and NOTHING ELSE. Otherwise, if you are not confident to pick an option and need more information, ask ONE SPECIFIC ATOMIC QUESTION to the patient. The question should be bite-sized, NOT ask for too much at once, and NOT repeat what has already been asked. In this case, respond with the atomic question and NOTHING ELSE.
[2026-04-22 22:46:22,890] [INFO] -------------------- Self-Consistency Iteration 1 --------------------
[2026-04-22 22:46:23,056] [INFO] [<IMPLICIT ABSTAIN LM RES>]: D

[2026-04-22 22:46:23,056] [INFO] [<IMPLICIT ABSTAIN PARSED>]: D
[2026-04-22 22:46:23,057] [INFO] [<IMPLICIT ABSTAIN RETURN>]: atomic_question: None, final_answer: D, conf_score: 1.0 ([1 : 0])
[2026-04-22 22:46:23,057] [INFO] [ABSTENTION PROMPT]: [{'role': 'system', 'content': 'You are a medical doctor trying to reason through a real-life clinical case. Based on your understanding of basic and clinical science, medical knowledge, and mechanisms underlying health, disease, patient care, and modes of therapy, respond according to the task specified by the user. Base your response on the current and standard practices referenced in medical guidelines.'}, {'role': 'user', 'content': 'A patient comes into the clinic presenting with a symptom as described in the conversation log below:\n    \nPATIENT INFORMATION: A 31-year-old male presents with a 2-day history of watery diarrhea that began 8 days after his arrival from Africa.\nCONVERSATION LOG:\nNone\nQUESTION: What is the most likely diagnosis?\nOPTIONS: A: Giardiasis, B: Irritable bowel syndrome (IBS), C: Traveler’s diarrhea due to Norovirus, D: Traveler’s diarrhea due to ETEC\nYOUR TASK: Given the information so far, if you are confident to pick an option correctly and factually, respond with the letter choice and NOTHING ELSE. Otherwise, if you are not confident to pick an option and need more information, ask ONE SPECIFIC ATOMIC QUESTION to the patient. The question should be bite-sized, NOT ask for too much at once, and NOT repeat what has already been asked. In this case, respond with the atomic question and NOTHING ELSE.'}]
[2026-04-22 22:46:23,057] [INFO] [ABSTENTION RESPONSE]: D


[2026-04-22 22:46:23,057] [INFO] [IMPLICIT ABSTAIN RETURN]: abstain: False, confidence: 1.0, letter_choice: D, usage: {'input_tokens': 289, 'output_tokens': 3}, atomic_question: None

[2026-04-22 22:46:23,057] [INFO] [Expert System]: {'type': 'choice', 'question': None, 'letter_choice': 'D', 'confidence': 1.0, 'usage': {'input_tokens': 289, 'output_tokens': 3}}
[2026-04-22 22:46:23,057] [INFO] |||||||||||||||||||| Interaction ended for patient #37 | Predicted: D | GT: D | Correct: True ||||||||||||||||||||



[2026-04-22 22:46:23,057] [INFO] |||||||||||||||||||| PATIENT #38 | GT: B (Immune-mediated destruction) ||||||||||||||||||||
[2026-04-22 22:46:23,057] [INFO] ==================== Turn 1 ====================
[2026-04-22 22:46:23,057] [INFO] ++++++++++++++++++++ Start of Implicit Abstention [expert_basics.py:expert_response_choice_or_question()] ++++++++++++++++++++
[2026-04-22 22:46:23,057] [INFO] [<IMPLICIT ABSTAIN PROMPT>] [len(messages)=2] (messages[-1]):
A patient comes into the clinic presenting with a symptom as described in the conversation log below:
    
PATIENT INFORMATION: A 46-year-old woman presents to the emergency department with progressive dyspnea and chest pain.
CONVERSATION LOG:
None
QUESTION: Which of the following is the primary cause of the patient’s lab results?
OPTIONS: A: Hematologic malignancy, B: Immune-mediated destruction, C: Mechanical shearing, D: Viral infection
YOUR TASK: Given the information so far, if you are confident to pick an option correctly and factually, respond with the letter choice and NOTHING ELSE. Otherwise, if you are not confident to pick an option and need more information, ask ONE SPECIFIC ATOMIC QUESTION to the patient. The question should be bite-sized, NOT ask for too much at once, and NOT repeat what has already been asked. In this case, respond with the atomic question and NOTHING ELSE.
[2026-04-22 22:46:23,057] [INFO] -------------------- Self-Consistency Iteration 1 --------------------
[2026-04-22 22:46:23,228] [INFO] [<IMPLICIT ABSTAIN LM RES>]: C

[2026-04-22 22:46:23,228] [INFO] [<IMPLICIT ABSTAIN PARSED>]: C
[2026-04-22 22:46:23,228] [INFO] [<IMPLICIT ABSTAIN RETURN>]: atomic_question: None, final_answer: C, conf_score: 1.0 ([1 : 0])
[2026-04-22 22:46:23,228] [INFO] [ABSTENTION PROMPT]: [{'role': 'system', 'content': 'You are a medical doctor trying to reason through a real-life clinical case. Based on your understanding of basic and clinical science, medical knowledge, and mechanisms underlying health, disease, patient care, and modes of therapy, respond according to the task specified by the user. Base your response on the current and standard practices referenced in medical guidelines.'}, {'role': 'user', 'content': 'A patient comes into the clinic presenting with a symptom as described in the conversation log below:\n    \nPATIENT INFORMATION: A 46-year-old woman presents to the emergency department with progressive dyspnea and chest pain.\nCONVERSATION LOG:\nNone\nQUESTION: Which of the following is the primary cause of the patient’s lab results?\nOPTIONS: A: Hematologic malignancy, B: Immune-mediated destruction, C: Mechanical shearing, D: Viral infection\nYOUR TASK: Given the information so far, if you are confident to pick an option correctly and factually, respond with the letter choice and NOTHING ELSE. Otherwise, if you are not confident to pick an option and need more information, ask ONE SPECIFIC ATOMIC QUESTION to the patient. The question should be bite-sized, NOT ask for too much at once, and NOT repeat what has already been asked. In this case, respond with the atomic question and NOTHING ELSE.'}]
[2026-04-22 22:46:23,228] [INFO] [ABSTENTION RESPONSE]: C


[2026-04-22 22:46:23,228] [INFO] [IMPLICIT ABSTAIN RETURN]: abstain: False, confidence: 1.0, letter_choice: C, usage: {'input_tokens': 275, 'output_tokens': 3}, atomic_question: None

[2026-04-22 22:46:23,228] [INFO] [Expert System]: {'type': 'choice', 'question': None, 'letter_choice': 'C', 'confidence': 1.0, 'usage': {'input_tokens': 275, 'output_tokens': 3}}
[2026-04-22 22:46:23,228] [INFO] |||||||||||||||||||| Interaction ended for patient #38 | Predicted: C | GT: B | Correct: False ||||||||||||||||||||



[2026-04-22 22:46:23,228] [INFO] |||||||||||||||||||| PATIENT #39 | GT: C (Surfactant secretion) ||||||||||||||||||||
[2026-04-22 22:46:23,228] [INFO] ==================== Turn 1 ====================
[2026-04-22 22:46:23,228] [INFO] ++++++++++++++++++++ Start of Implicit Abstention [expert_basics.py:expert_response_choice_or_question()] ++++++++++++++++++++
[2026-04-22 22:46:23,228] [INFO] [<IMPLICIT ABSTAIN PROMPT>] [len(messages)=2] (messages[-1]):
A patient comes into the clinic presenting with a symptom as described in the conversation log below:
    
PATIENT INFORMATION: A 48-year-old patient is recovering from acute lung injury following a diffuse pulmonary viral infection.
CONVERSATION LOG:
None
QUESTION: The cell type responsible for the regeneration of the patient's alveolar epithelium is also functions in:
OPTIONS: A: Protease release, B: Phagocytosis, C: Surfactant secretion, D: Recruitment of neutrophils
YOUR TASK: Given the information so far, if you are confident to pick an option correctly and factually, respond with the letter choice and NOTHING ELSE. Otherwise, if you are not confident to pick an option and need more information, ask ONE SPECIFIC ATOMIC QUESTION to the patient. The question should be bite-sized, NOT ask for too much at once, and NOT repeat what has already been asked. In this case, respond with the atomic question and NOTHING ELSE.
[2026-04-22 22:46:23,228] [INFO] -------------------- Self-Consistency Iteration 1 --------------------
[2026-04-22 22:46:23,399] [INFO] [<IMPLICIT ABSTAIN LM RES>]: C

[2026-04-22 22:46:23,399] [INFO] [<IMPLICIT ABSTAIN PARSED>]: C
[2026-04-22 22:46:23,399] [INFO] [<IMPLICIT ABSTAIN RETURN>]: atomic_question: None, final_answer: C, conf_score: 1.0 ([1 : 0])
[2026-04-22 22:46:23,399] [INFO] [ABSTENTION PROMPT]: [{'role': 'system', 'content': 'You are a medical doctor trying to reason through a real-life clinical case. Based on your understanding of basic and clinical science, medical knowledge, and mechanisms underlying health, disease, patient care, and modes of therapy, respond according to the task specified by the user. Base your response on the current and standard practices referenced in medical guidelines.'}, {'role': 'user', 'content': "A patient comes into the clinic presenting with a symptom as described in the conversation log below:\n    \nPATIENT INFORMATION: A 48-year-old patient is recovering from acute lung injury following a diffuse pulmonary viral infection.\nCONVERSATION LOG:\nNone\nQUESTION: The cell type responsible for the regeneration of the patient's alveolar epithelium is also functions in:\nOPTIONS: A: Protease release, B: Phagocytosis, C: Surfactant secretion, D: Recruitment of neutrophils\nYOUR TASK: Given the information so far, if you are confident to pick an option correctly and factually, respond with the letter choice and NOTHING ELSE. Otherwise, if you are not confident to pick an option and need more information, ask ONE SPECIFIC ATOMIC QUESTION to the patient. The question should be bite-sized, NOT ask for too much at once, and NOT repeat what has already been asked. In this case, respond with the atomic question and NOTHING ELSE."}]
[2026-04-22 22:46:23,399] [INFO] [ABSTENTION RESPONSE]: C


[2026-04-22 22:46:23,399] [INFO] [IMPLICIT ABSTAIN RETURN]: abstain: False, confidence: 1.0, letter_choice: C, usage: {'input_tokens': 279, 'output_tokens': 3}, atomic_question: None

[2026-04-22 22:46:23,399] [INFO] [Expert System]: {'type': 'choice', 'question': None, 'letter_choice': 'C', 'confidence': 1.0, 'usage': {'input_tokens': 279, 'output_tokens': 3}}
[2026-04-22 22:46:23,399] [INFO] |||||||||||||||||||| Interaction ended for patient #39 | Predicted: C | GT: C | Correct: True ||||||||||||||||||||



[2026-04-22 22:46:23,399] [INFO] |||||||||||||||||||| PATIENT #40 | GT: D (Ursodeoxycholic acid) ||||||||||||||||||||
[2026-04-22 22:46:23,399] [INFO] ==================== Turn 1 ====================
[2026-04-22 22:46:23,399] [INFO] ++++++++++++++++++++ Start of Implicit Abstention [expert_basics.py:expert_response_choice_or_question()] ++++++++++++++++++++
[2026-04-22 22:46:23,399] [INFO] [<IMPLICIT ABSTAIN PROMPT>] [len(messages)=2] (messages[-1]):
A patient comes into the clinic presenting with a symptom as described in the conversation log below:
    
PATIENT INFORMATION: A 36-year-old woman comes to the physician because of fatigue for 4 months.
CONVERSATION LOG:
None
QUESTION: Which of the following is the most appropriate next step in management?"
OPTIONS: A: Liver biopsy, B: Atorvastatin, C: Cholestyramine, D: Ursodeoxycholic acid
YOUR TASK: Given the information so far, if you are confident to pick an option correctly and factually, respond with the letter choice and NOTHING ELSE. Otherwise, if you are not confident to pick an option and need more information, ask ONE SPECIFIC ATOMIC QUESTION to the patient. The question should be bite-sized, NOT ask for too much at once, and NOT repeat what has already been asked. In this case, respond with the atomic question and NOTHING ELSE.
[2026-04-22 22:46:23,399] [INFO] -------------------- Self-Consistency Iteration 1 --------------------
[2026-04-22 22:46:30,654] [INFO] [<IMPLICIT ABSTAIN LM RES>]: Fatigue for 4 months in a 36-year-old woman warrants a thorough investigation to rule out common causes. While fatigue is a nonspecific symptom, the duration of 4 months suggests a potentially underlying medical condition.

The options provided are:
A: Liver biopsy
B: Atorvastatin
C: Cholestyramine
D: Ursodeoxycholic acid

Without further information, it's difficult to determine the most appropriate next step. However, given the options, liver biopsy (A) is the most invasive and should be reserved for cases with strong suspicion of liver disease. Atorvastatin (B) is a statin used to lower cholesterol, and cholestyramine (C) is a bile acid sequestrant used to lower cholesterol. Ursodeoxycholic acid (D) is used to treat certain liver conditions like primary biliary cholangitis.

Since I don't have enough information to confidently choose the best answer, I need to ask a specific question to narrow down the possibilities.

What is your history of alcohol consumption?

[2026-04-22 22:46:30,655] [INFO] [<IMPLICIT ABSTAIN PARSED>]: What is your history of alcohol consumption?
[2026-04-22 22:46:30,655] [INFO] [<IMPLICIT ABSTAIN RETURN>]: atomic_question: What is your history of alcohol consumption?, final_answer: None, conf_score: 0.0 ([0 : 1])
[2026-04-22 22:46:30,655] [INFO] [ABSTENTION PROMPT]: [{'role': 'system', 'content': 'You are a medical doctor trying to reason through a real-life clinical case. Based on your understanding of basic and clinical science, medical knowledge, and mechanisms underlying health, disease, patient care, and modes of therapy, respond according to the task specified by the user. Base your response on the current and standard practices referenced in medical guidelines.'}, {'role': 'user', 'content': 'A patient comes into the clinic presenting with a symptom as described in the conversation log below:\n    \nPATIENT INFORMATION: A 36-year-old woman comes to the physician because of fatigue for 4 months.\nCONVERSATION LOG:\nNone\nQUESTION: Which of the following is the most appropriate next step in management?"\nOPTIONS: A: Liver biopsy, B: Atorvastatin, C: Cholestyramine, D: Ursodeoxycholic acid\nYOUR TASK: Given the information so far, if you are confident to pick an option correctly and factually, respond with the letter choice and NOTHING ELSE. Otherwise, if you are not confident to pick an option and need more information, ask ONE SPECIFIC ATOMIC QUESTION to the patient. The question should be bite-sized, NOT ask for too much at once, and NOT repeat what has already been asked. In this case, respond with the atomic question and NOTHING ELSE.'}]
[2026-04-22 22:46:30,655] [INFO] [ABSTENTION RESPONSE]: Fatigue for 4 months in a 36-year-old woman warrants a thorough investigation to rule out common causes. While fatigue is a nonspecific symptom, the duration of 4 months suggests a potentially underlying medical condition.

The options provided are:
A: Liver biopsy
B: Atorvastatin
C: Cholestyramine
D: Ursodeoxycholic acid

Without further information, it's difficult to determine the most appropriate next step. However, given the options, liver biopsy (A) is the most invasive and should be reserved for cases with strong suspicion of liver disease. Atorvastatin (B) is a statin used to lower cholesterol, and cholestyramine (C) is a bile acid sequestrant used to lower cholesterol. Ursodeoxycholic acid (D) is used to treat certain liver conditions like primary biliary cholangitis.

Since I don't have enough information to confidently choose the best answer, I need to ask a specific question to narrow down the possibilities.

What is your history of alcohol consumption?


[2026-04-22 22:46:30,655] [INFO] ++++++++++++++++++++ Start of Multiple Chocie Decision [expert_basics.py:expert_response_choice()] ++++++++++++++++++++
[2026-04-22 22:46:30,655] [INFO] [<CHOICE PROMPT>] [len(messages)=2] (messages[-1]):
A patient comes into the clinic presenting with a symptom as described in the conversation log below:
    
PATIENT INFORMATION: A 36-year-old woman comes to the physician because of fatigue for 4 months.
CONVERSATION LOG:
None
QUESTION: Which of the following is the most appropriate next step in management?"
OPTIONS: A: Liver biopsy, B: Atorvastatin, C: Cholestyramine, D: Ursodeoxycholic acid
YOUR TASK: Assume that you already have enough information from the above question-answer pairs to answer the patient inquiry, use the above information to produce a factual conclusion. Respond with the correct letter choice (A, B, C, or D) and NOTHING ELSE.
LETTER CHOICE: 
[2026-04-22 22:46:30,822] [INFO] [<CHOICE LM RES>]: C

[2026-04-22 22:46:30,822] [INFO] [<CHOICE PARSED>]: C
[2026-04-22 22:46:30,822] [INFO] [IMPLICIT ABSTAIN RETURN]: abstain: True, confidence: 0.0, letter_choice: C, usage: {'input_tokens': 503, 'output_tokens': 218}, atomic_question: What is your history of alcohol consumption?

[2026-04-22 22:46:30,822] [INFO] [Expert System]: {'type': 'question', 'question': 'What is your history of alcohol consumption?', 'letter_choice': 'C', 'confidence': 0.0, 'usage': {'input_tokens': 503, 'output_tokens': 218}}
[2026-04-22 22:46:31,482] [INFO] [Patient System]: The patient cannot answer this question, please do not ask this question again.

[2026-04-22 22:46:31,482] [INFO] ==================== Turn 2 ====================
[2026-04-22 22:46:31,482] [INFO] ++++++++++++++++++++ Start of Implicit Abstention [expert_basics.py:expert_response_choice_or_question()] ++++++++++++++++++++
[2026-04-22 22:46:31,482] [INFO] [<IMPLICIT ABSTAIN PROMPT>] [len(messages)=2] (messages[-1]):
A patient comes into the clinic presenting with a symptom as described in the conversation log below:
    
PATIENT INFORMATION: A 36-year-old woman comes to the physician because of fatigue for 4 months.
CONVERSATION LOG:
Doctor Question: What is your history of alcohol consumption?
Patient Response: The patient cannot answer this question, please do not ask this question again.

QUESTION: Which of the following is the most appropriate next step in management?"
OPTIONS: A: Liver biopsy, B: Atorvastatin, C: Cholestyramine, D: Ursodeoxycholic acid
YOUR TASK: Given the information so far, if you are confident to pick an option correctly and factually, respond with the letter choice and NOTHING ELSE. Otherwise, if you are not confident to pick an option and need more information, ask ONE SPECIFIC ATOMIC QUESTION to the patient. The question should be bite-sized, NOT ask for too much at once, and NOT repeat what has already been asked. In this case, respond with the atomic question and NOTHING ELSE.
[2026-04-22 22:46:31,482] [INFO] -------------------- Self-Consistency Iteration 1 --------------------
[2026-04-22 22:46:31,654] [INFO] [<IMPLICIT ABSTAIN LM RES>]: C

[2026-04-22 22:46:31,654] [INFO] [<IMPLICIT ABSTAIN PARSED>]: C
[2026-04-22 22:46:31,654] [INFO] [<IMPLICIT ABSTAIN RETURN>]: atomic_question: None, final_answer: C, conf_score: 1.0 ([1 : 0])
[2026-04-22 22:46:31,654] [INFO] [ABSTENTION PROMPT]: [{'role': 'system', 'content': 'You are a medical doctor trying to reason through a real-life clinical case. Based on your understanding of basic and clinical science, medical knowledge, and mechanisms underlying health, disease, patient care, and modes of therapy, respond according to the task specified by the user. Base your response on the current and standard practices referenced in medical guidelines.'}, {'role': 'user', 'content': 'A patient comes into the clinic presenting with a symptom as described in the conversation log below:\n    \nPATIENT INFORMATION: A 36-year-old woman comes to the physician because of fatigue for 4 months.\nCONVERSATION LOG:\nDoctor Question: What is your history of alcohol consumption?\nPatient Response: The patient cannot answer this question, please do not ask this question again.\n\nQUESTION: Which of the following is the most appropriate next step in management?"\nOPTIONS: A: Liver biopsy, B: Atorvastatin, C: Cholestyramine, D: Ursodeoxycholic acid\nYOUR TASK: Given the information so far, if you are confident to pick an option correctly and factually, respond with the letter choice and NOTHING ELSE. Otherwise, if you are not confident to pick an option and need more information, ask ONE SPECIFIC ATOMIC QUESTION to the patient. The question should be bite-sized, NOT ask for too much at once, and NOT repeat what has already been asked. In this case, respond with the atomic question and NOTHING ELSE.'}]
[2026-04-22 22:46:31,654] [INFO] [ABSTENTION RESPONSE]: C


[2026-04-22 22:46:31,654] [INFO] [IMPLICIT ABSTAIN RETURN]: abstain: False, confidence: 1.0, letter_choice: C, usage: {'input_tokens': 300, 'output_tokens': 3}, atomic_question: None

[2026-04-22 22:46:31,654] [INFO] [Expert System]: {'type': 'choice', 'question': None, 'letter_choice': 'C', 'confidence': 1.0, 'usage': {'input_tokens': 300, 'output_tokens': 3}}
[2026-04-22 22:46:31,654] [INFO] |||||||||||||||||||| Interaction ended for patient #40 | Predicted: C | GT: D | Correct: False ||||||||||||||||||||



[2026-04-22 22:46:31,654] [INFO] |||||||||||||||||||| PATIENT #41 | GT: D (Normal PaO2, normal SaO2, low CaO2) ||||||||||||||||||||
[2026-04-22 22:46:31,654] [INFO] ==================== Turn 1 ====================
[2026-04-22 22:46:31,654] [INFO] ++++++++++++++++++++ Start of Implicit Abstention [expert_basics.py:expert_response_choice_or_question()] ++++++++++++++++++++
[2026-04-22 22:46:31,654] [INFO] [<IMPLICIT ABSTAIN PROMPT>] [len(messages)=2] (messages[-1]):
A patient comes into the clinic presenting with a symptom as described in the conversation log below:
    
PATIENT INFORMATION: A 40-year-old woman presents to the physician with complaints of frequent headaches and fatigue for a month.
CONVERSATION LOG:
None
QUESTION: Which of the following arterial blood findings for the partial pressure of oxygen (PaO2), oxygen saturation (SaO2), and oxygen concentration (CaO2) are expected in this patient?
OPTIONS: A: Normal PaO2, normal SaO2, normal CaO2, B: Low PaO2, low SaO2, low CaO2, C: Low PaO2, normal SaO2, normal CaO2, D: Normal PaO2, normal SaO2, low CaO2
YOUR TASK: Given the information so far, if you are confident to pick an option correctly and factually, respond with the letter choice and NOTHING ELSE. Otherwise, if you are not confident to pick an option and need more information, ask ONE SPECIFIC ATOMIC QUESTION to the patient. The question should be bite-sized, NOT ask for too much at once, and NOT repeat what has already been asked. In this case, respond with the atomic question and NOTHING ELSE.
[2026-04-22 22:46:31,654] [INFO] -------------------- Self-Consistency Iteration 1 --------------------
[2026-04-22 22:46:31,834] [INFO] [<IMPLICIT ABSTAIN LM RES>]: D

[2026-04-22 22:46:31,834] [INFO] [<IMPLICIT ABSTAIN PARSED>]: D
[2026-04-22 22:46:31,834] [INFO] [<IMPLICIT ABSTAIN RETURN>]: atomic_question: None, final_answer: D, conf_score: 1.0 ([1 : 0])
[2026-04-22 22:46:31,834] [INFO] [ABSTENTION PROMPT]: [{'role': 'system', 'content': 'You are a medical doctor trying to reason through a real-life clinical case. Based on your understanding of basic and clinical science, medical knowledge, and mechanisms underlying health, disease, patient care, and modes of therapy, respond according to the task specified by the user. Base your response on the current and standard practices referenced in medical guidelines.'}, {'role': 'user', 'content': 'A patient comes into the clinic presenting with a symptom as described in the conversation log below:\n    \nPATIENT INFORMATION: A 40-year-old woman presents to the physician with complaints of frequent headaches and fatigue for a month.\nCONVERSATION LOG:\nNone\nQUESTION: Which of the following arterial blood findings for the partial pressure of oxygen (PaO2), oxygen saturation (SaO2), and oxygen concentration (CaO2) are expected in this patient?\nOPTIONS: A: Normal PaO2, normal SaO2, normal CaO2, B: Low PaO2, low SaO2, low CaO2, C: Low PaO2, normal SaO2, normal CaO2, D: Normal PaO2, normal SaO2, low CaO2\nYOUR TASK: Given the information so far, if you are confident to pick an option correctly and factually, respond with the letter choice and NOTHING ELSE. Otherwise, if you are not confident to pick an option and need more information, ask ONE SPECIFIC ATOMIC QUESTION to the patient. The question should be bite-sized, NOT ask for too much at once, and NOT repeat what has already been asked. In this case, respond with the atomic question and NOTHING ELSE.'}]
[2026-04-22 22:46:31,834] [INFO] [ABSTENTION RESPONSE]: D


[2026-04-22 22:46:31,834] [INFO] [IMPLICIT ABSTAIN RETURN]: abstain: False, confidence: 1.0, letter_choice: D, usage: {'input_tokens': 339, 'output_tokens': 3}, atomic_question: None

[2026-04-22 22:46:31,834] [INFO] [Expert System]: {'type': 'choice', 'question': None, 'letter_choice': 'D', 'confidence': 1.0, 'usage': {'input_tokens': 339, 'output_tokens': 3}}
[2026-04-22 22:46:31,834] [INFO] |||||||||||||||||||| Interaction ended for patient #41 | Predicted: D | GT: D | Correct: True ||||||||||||||||||||



[2026-04-22 22:46:31,834] [INFO] |||||||||||||||||||| PATIENT #42 | GT: A (Echocardiography) ||||||||||||||||||||
[2026-04-22 22:46:31,834] [INFO] ==================== Turn 1 ====================
[2026-04-22 22:46:31,834] [INFO] ++++++++++++++++++++ Start of Implicit Abstention [expert_basics.py:expert_response_choice_or_question()] ++++++++++++++++++++
[2026-04-22 22:46:31,834] [INFO] [<IMPLICIT ABSTAIN PROMPT>] [len(messages)=2] (messages[-1]):
A patient comes into the clinic presenting with a symptom as described in the conversation log below:
    
PATIENT INFORMATION: A 25-year-old woman complains of dyspnea and mild chest pain on exertion, which increases gradually with continued exertion.
CONVERSATION LOG:
None
QUESTION: What is the most logical diagnostic test for this patient?
OPTIONS: A: Echocardiography, B: Holter monitoring, C: Lung biopsy, D: Transbronchial biopsy
YOUR TASK: Given the information so far, if you are confident to pick an option correctly and factually, respond with the letter choice and NOTHING ELSE. Otherwise, if you are not confident to pick an option and need more information, ask ONE SPECIFIC ATOMIC QUESTION to the patient. The question should be bite-sized, NOT ask for too much at once, and NOT repeat what has already been asked. In this case, respond with the atomic question and NOTHING ELSE.
[2026-04-22 22:46:31,834] [INFO] -------------------- Self-Consistency Iteration 1 --------------------
[2026-04-22 22:46:32,003] [INFO] [<IMPLICIT ABSTAIN LM RES>]: A

[2026-04-22 22:46:32,003] [INFO] [<IMPLICIT ABSTAIN PARSED>]: A
[2026-04-22 22:46:32,003] [INFO] [<IMPLICIT ABSTAIN RETURN>]: atomic_question: None, final_answer: A, conf_score: 1.0 ([1 : 0])
[2026-04-22 22:46:32,003] [INFO] [ABSTENTION PROMPT]: [{'role': 'system', 'content': 'You are a medical doctor trying to reason through a real-life clinical case. Based on your understanding of basic and clinical science, medical knowledge, and mechanisms underlying health, disease, patient care, and modes of therapy, respond according to the task specified by the user. Base your response on the current and standard practices referenced in medical guidelines.'}, {'role': 'user', 'content': 'A patient comes into the clinic presenting with a symptom as described in the conversation log below:\n    \nPATIENT INFORMATION: A 25-year-old woman complains of dyspnea and mild chest pain on exertion, which increases gradually with continued exertion.\nCONVERSATION LOG:\nNone\nQUESTION: What is the most logical diagnostic test for this patient?\nOPTIONS: A: Echocardiography, B: Holter monitoring, C: Lung biopsy, D: Transbronchial biopsy\nYOUR TASK: Given the information so far, if you are confident to pick an option correctly and factually, respond with the letter choice and NOTHING ELSE. Otherwise, if you are not confident to pick an option and need more information, ask ONE SPECIFIC ATOMIC QUESTION to the patient. The question should be bite-sized, NOT ask for too much at once, and NOT repeat what has already been asked. In this case, respond with the atomic question and NOTHING ELSE.'}]
[2026-04-22 22:46:32,003] [INFO] [ABSTENTION RESPONSE]: A


[2026-04-22 22:46:32,003] [INFO] [IMPLICIT ABSTAIN RETURN]: abstain: False, confidence: 1.0, letter_choice: A, usage: {'input_tokens': 277, 'output_tokens': 3}, atomic_question: None

[2026-04-22 22:46:32,003] [INFO] [Expert System]: {'type': 'choice', 'question': None, 'letter_choice': 'A', 'confidence': 1.0, 'usage': {'input_tokens': 277, 'output_tokens': 3}}
[2026-04-22 22:46:32,003] [INFO] |||||||||||||||||||| Interaction ended for patient #42 | Predicted: A | GT: A | Correct: True ||||||||||||||||||||



[2026-04-22 22:46:32,003] [INFO] |||||||||||||||||||| PATIENT #43 | GT: A (Rubella) ||||||||||||||||||||
[2026-04-22 22:46:32,003] [INFO] ==================== Turn 1 ====================
[2026-04-22 22:46:32,003] [INFO] ++++++++++++++++++++ Start of Implicit Abstention [expert_basics.py:expert_response_choice_or_question()] ++++++++++++++++++++
[2026-04-22 22:46:32,003] [INFO] [<IMPLICIT ABSTAIN PROMPT>] [len(messages)=2] (messages[-1]):
A patient comes into the clinic presenting with a symptom as described in the conversation log below:
    
PATIENT INFORMATION: A 4-year-old boy is brought to the physician because of a progressive rash for 2 days.
CONVERSATION LOG:
None
QUESTION: Which of the following is the most likely diagnosis?
OPTIONS: A: Rubella, B: Allergic drug reaction, C: Scarlet fever, D: Erythema infectiosum
YOUR TASK: Given the information so far, if you are confident to pick an option correctly and factually, respond with the letter choice and NOTHING ELSE. Otherwise, if you are not confident to pick an option and need more information, ask ONE SPECIFIC ATOMIC QUESTION to the patient. The question should be bite-sized, NOT ask for too much at once, and NOT repeat what has already been asked. In this case, respond with the atomic question and NOTHING ELSE.
[2026-04-22 22:46:32,003] [INFO] -------------------- Self-Consistency Iteration 1 --------------------
[2026-04-22 22:46:32,172] [INFO] [<IMPLICIT ABSTAIN LM RES>]: D

[2026-04-22 22:46:32,172] [INFO] [<IMPLICIT ABSTAIN PARSED>]: D
[2026-04-22 22:46:32,172] [INFO] [<IMPLICIT ABSTAIN RETURN>]: atomic_question: None, final_answer: D, conf_score: 1.0 ([1 : 0])
[2026-04-22 22:46:32,172] [INFO] [ABSTENTION PROMPT]: [{'role': 'system', 'content': 'You are a medical doctor trying to reason through a real-life clinical case. Based on your understanding of basic and clinical science, medical knowledge, and mechanisms underlying health, disease, patient care, and modes of therapy, respond according to the task specified by the user. Base your response on the current and standard practices referenced in medical guidelines.'}, {'role': 'user', 'content': 'A patient comes into the clinic presenting with a symptom as described in the conversation log below:\n    \nPATIENT INFORMATION: A 4-year-old boy is brought to the physician because of a progressive rash for 2 days.\nCONVERSATION LOG:\nNone\nQUESTION: Which of the following is the most likely diagnosis?\nOPTIONS: A: Rubella, B: Allergic drug reaction, C: Scarlet fever, D: Erythema infectiosum\nYOUR TASK: Given the information so far, if you are confident to pick an option correctly and factually, respond with the letter choice and NOTHING ELSE. Otherwise, if you are not confident to pick an option and need more information, ask ONE SPECIFIC ATOMIC QUESTION to the patient. The question should be bite-sized, NOT ask for too much at once, and NOT repeat what has already been asked. In this case, respond with the atomic question and NOTHING ELSE.'}]
[2026-04-22 22:46:32,172] [INFO] [ABSTENTION RESPONSE]: D


[2026-04-22 22:46:32,172] [INFO] [IMPLICIT ABSTAIN RETURN]: abstain: False, confidence: 1.0, letter_choice: D, usage: {'input_tokens': 271, 'output_tokens': 3}, atomic_question: None

[2026-04-22 22:46:32,172] [INFO] [Expert System]: {'type': 'choice', 'question': None, 'letter_choice': 'D', 'confidence': 1.0, 'usage': {'input_tokens': 271, 'output_tokens': 3}}
[2026-04-22 22:46:32,172] [INFO] |||||||||||||||||||| Interaction ended for patient #43 | Predicted: D | GT: A | Correct: False ||||||||||||||||||||



[2026-04-22 22:46:32,172] [INFO] |||||||||||||||||||| PATIENT #44 | GT: C (Neutrophil count) ||||||||||||||||||||
[2026-04-22 22:46:32,172] [INFO] ==================== Turn 1 ====================
[2026-04-22 22:46:32,172] [INFO] ++++++++++++++++++++ Start of Implicit Abstention [expert_basics.py:expert_response_choice_or_question()] ++++++++++++++++++++
[2026-04-22 22:46:32,172] [INFO] [<IMPLICIT ABSTAIN PROMPT>] [len(messages)=2] (messages[-1]):
A patient comes into the clinic presenting with a symptom as described in the conversation log below:
    
PATIENT INFORMATION: A 66-year-old man presents to the office complaining of fatigue.
CONVERSATION LOG:
None
QUESTION: Which of the following should be monitored as the patient continues treatment?
OPTIONS: A: Creatinine, B: Fecal leukocytes, C: Neutrophil count, D: Peak flow
YOUR TASK: Given the information so far, if you are confident to pick an option correctly and factually, respond with the letter choice and NOTHING ELSE. Otherwise, if you are not confident to pick an option and need more information, ask ONE SPECIFIC ATOMIC QUESTION to the patient. The question should be bite-sized, NOT ask for too much at once, and NOT repeat what has already been asked. In this case, respond with the atomic question and NOTHING ELSE.
[2026-04-22 22:46:32,172] [INFO] -------------------- Self-Consistency Iteration 1 --------------------
[2026-04-22 22:46:32,347] [INFO] [<IMPLICIT ABSTAIN LM RES>]: A

[2026-04-22 22:46:32,347] [INFO] [<IMPLICIT ABSTAIN PARSED>]: A
[2026-04-22 22:46:32,347] [INFO] [<IMPLICIT ABSTAIN RETURN>]: atomic_question: None, final_answer: A, conf_score: 1.0 ([1 : 0])
[2026-04-22 22:46:32,347] [INFO] [ABSTENTION PROMPT]: [{'role': 'system', 'content': 'You are a medical doctor trying to reason through a real-life clinical case. Based on your understanding of basic and clinical science, medical knowledge, and mechanisms underlying health, disease, patient care, and modes of therapy, respond according to the task specified by the user. Base your response on the current and standard practices referenced in medical guidelines.'}, {'role': 'user', 'content': 'A patient comes into the clinic presenting with a symptom as described in the conversation log below:\n    \nPATIENT INFORMATION: A 66-year-old man presents to the office complaining of fatigue.\nCONVERSATION LOG:\nNone\nQUESTION: Which of the following should be monitored as the patient continues treatment?\nOPTIONS: A: Creatinine, B: Fecal leukocytes, C: Neutrophil count, D: Peak flow\nYOUR TASK: Given the information so far, if you are confident to pick an option correctly and factually, respond with the letter choice and NOTHING ELSE. Otherwise, if you are not confident to pick an option and need more information, ask ONE SPECIFIC ATOMIC QUESTION to the patient. The question should be bite-sized, NOT ask for too much at once, and NOT repeat what has already been asked. In this case, respond with the atomic question and NOTHING ELSE.'}]
[2026-04-22 22:46:32,347] [INFO] [ABSTENTION RESPONSE]: A


[2026-04-22 22:46:32,347] [INFO] [IMPLICIT ABSTAIN RETURN]: abstain: False, confidence: 1.0, letter_choice: A, usage: {'input_tokens': 266, 'output_tokens': 3}, atomic_question: None

[2026-04-22 22:46:32,347] [INFO] [Expert System]: {'type': 'choice', 'question': None, 'letter_choice': 'A', 'confidence': 1.0, 'usage': {'input_tokens': 266, 'output_tokens': 3}}
[2026-04-22 22:46:32,347] [INFO] |||||||||||||||||||| Interaction ended for patient #44 | Predicted: A | GT: C | Correct: False ||||||||||||||||||||



[2026-04-22 22:46:32,347] [INFO] |||||||||||||||||||| PATIENT #45 | GT: B (Acute promyelocytic leukemia) ||||||||||||||||||||
[2026-04-22 22:46:32,347] [INFO] ==================== Turn 1 ====================
[2026-04-22 22:46:32,347] [INFO] ++++++++++++++++++++ Start of Implicit Abstention [expert_basics.py:expert_response_choice_or_question()] ++++++++++++++++++++
[2026-04-22 22:46:32,347] [INFO] [<IMPLICIT ABSTAIN PROMPT>] [len(messages)=2] (messages[-1]):
A patient comes into the clinic presenting with a symptom as described in the conversation log below:
    
PATIENT INFORMATION: A 15-year-old girl comes to the physician for a follow-up evaluation.
CONVERSATION LOG:
None
QUESTION: The molecular structure of the drug most likely recommended by the physician closely resembles a drug used to treat which of the following conditions?
OPTIONS: A: EGFR-positive non-small cell lung cancer, B: Acute promyelocytic leukemia, C: BRAF-positive metastatic melanoma, D: Choriocarcinoma
YOUR TASK: Given the information so far, if you are confident to pick an option correctly and factually, respond with the letter choice and NOTHING ELSE. Otherwise, if you are not confident to pick an option and need more information, ask ONE SPECIFIC ATOMIC QUESTION to the patient. The question should be bite-sized, NOT ask for too much at once, and NOT repeat what has already been asked. In this case, respond with the atomic question and NOTHING ELSE.
[2026-04-22 22:46:32,347] [INFO] -------------------- Self-Consistency Iteration 1 --------------------
[2026-04-22 22:46:34,327] [INFO] [<IMPLICIT ABSTAIN LM RES>]: Given the patient's age (15 years old) and the lack of any information about their symptoms, it is impossible to determine the most likely drug recommended by the physician. Therefore, I cannot confidently select an answer.

What is the patient's presenting complaint?

[2026-04-22 22:46:34,327] [INFO] [<IMPLICIT ABSTAIN PARSED>]: What is the patients presenting complaint?
[2026-04-22 22:46:34,327] [INFO] [<IMPLICIT ABSTAIN RETURN>]: atomic_question: What is the patients presenting complaint?, final_answer: None, conf_score: 0.0 ([0 : 1])
[2026-04-22 22:46:34,327] [INFO] [ABSTENTION PROMPT]: [{'role': 'system', 'content': 'You are a medical doctor trying to reason through a real-life clinical case. Based on your understanding of basic and clinical science, medical knowledge, and mechanisms underlying health, disease, patient care, and modes of therapy, respond according to the task specified by the user. Base your response on the current and standard practices referenced in medical guidelines.'}, {'role': 'user', 'content': 'A patient comes into the clinic presenting with a symptom as described in the conversation log below:\n    \nPATIENT INFORMATION: A 15-year-old girl comes to the physician for a follow-up evaluation.\nCONVERSATION LOG:\nNone\nQUESTION: The molecular structure of the drug most likely recommended by the physician closely resembles a drug used to treat which of the following conditions?\nOPTIONS: A: EGFR-positive non-small cell lung cancer, B: Acute promyelocytic leukemia, C: BRAF-positive metastatic melanoma, D: Choriocarcinoma\nYOUR TASK: Given the information so far, if you are confident to pick an option correctly and factually, respond with the letter choice and NOTHING ELSE. Otherwise, if you are not confident to pick an option and need more information, ask ONE SPECIFIC ATOMIC QUESTION to the patient. The question should be bite-sized, NOT ask for too much at once, and NOT repeat what has already been asked. In this case, respond with the atomic question and NOTHING ELSE.'}]
[2026-04-22 22:46:34,327] [INFO] [ABSTENTION RESPONSE]: Given the patient's age (15 years old) and the lack of any information about their symptoms, it is impossible to determine the most likely drug recommended by the physician. Therefore, I cannot confidently select an answer.

What is the patient's presenting complaint?


[2026-04-22 22:46:34,327] [INFO] ++++++++++++++++++++ Start of Multiple Chocie Decision [expert_basics.py:expert_response_choice()] ++++++++++++++++++++
[2026-04-22 22:46:34,327] [INFO] [<CHOICE PROMPT>] [len(messages)=2] (messages[-1]):
A patient comes into the clinic presenting with a symptom as described in the conversation log below:
    
PATIENT INFORMATION: A 15-year-old girl comes to the physician for a follow-up evaluation.
CONVERSATION LOG:
None
QUESTION: The molecular structure of the drug most likely recommended by the physician closely resembles a drug used to treat which of the following conditions?
OPTIONS: A: EGFR-positive non-small cell lung cancer, B: Acute promyelocytic leukemia, C: BRAF-positive metastatic melanoma, D: Choriocarcinoma
YOUR TASK: Assume that you already have enough information from the above question-answer pairs to answer the patient inquiry, use the above information to produce a factual conclusion. Respond with the correct letter choice (A, B, C, or D) and NOTHING ELSE.
LETTER CHOICE: 
[2026-04-22 22:46:34,514] [INFO] [<CHOICE LM RES>]: B

[2026-04-22 22:46:34,514] [INFO] [<CHOICE PARSED>]: B
[2026-04-22 22:46:34,514] [INFO] [IMPLICIT ABSTAIN RETURN]: abstain: True, confidence: 0.0, letter_choice: B, usage: {'input_tokens': 547, 'output_tokens': 60}, atomic_question: What is the patients presenting complaint?

[2026-04-22 22:46:34,514] [INFO] [Expert System]: {'type': 'question', 'question': 'What is the patients presenting complaint?', 'letter_choice': 'B', 'confidence': 0.0, 'usage': {'input_tokens': 547, 'output_tokens': 60}}
[2026-04-22 22:46:35,197] [INFO] [Patient System]: 1. The patient has multiple erythematous pustules and nodules over her face.

[2026-04-22 22:46:35,197] [INFO] ==================== Turn 2 ====================
[2026-04-22 22:46:35,198] [INFO] ++++++++++++++++++++ Start of Implicit Abstention [expert_basics.py:expert_response_choice_or_question()] ++++++++++++++++++++
[2026-04-22 22:46:35,198] [INFO] [<IMPLICIT ABSTAIN PROMPT>] [len(messages)=2] (messages[-1]):
A patient comes into the clinic presenting with a symptom as described in the conversation log below:
    
PATIENT INFORMATION: A 15-year-old girl comes to the physician for a follow-up evaluation.
CONVERSATION LOG:
Doctor Question: What is the patients presenting complaint?
Patient Response: 1. The patient has multiple erythematous pustules and nodules over her face.

QUESTION: The molecular structure of the drug most likely recommended by the physician closely resembles a drug used to treat which of the following conditions?
OPTIONS: A: EGFR-positive non-small cell lung cancer, B: Acute promyelocytic leukemia, C: BRAF-positive metastatic melanoma, D: Choriocarcinoma
YOUR TASK: Given the information so far, if you are confident to pick an option correctly and factually, respond with the letter choice and NOTHING ELSE. Otherwise, if you are not confident to pick an option and need more information, ask ONE SPECIFIC ATOMIC QUESTION to the patient. The question should be bite-sized, NOT ask for too much at once, and NOT repeat what has already been asked. In this case, respond with the atomic question and NOTHING ELSE.
[2026-04-22 22:46:35,198] [INFO] -------------------- Self-Consistency Iteration 1 --------------------
[2026-04-22 22:46:35,375] [INFO] [<IMPLICIT ABSTAIN LM RES>]: A

[2026-04-22 22:46:35,375] [INFO] [<IMPLICIT ABSTAIN PARSED>]: A
[2026-04-22 22:46:35,375] [INFO] [<IMPLICIT ABSTAIN RETURN>]: atomic_question: None, final_answer: A, conf_score: 1.0 ([1 : 0])
[2026-04-22 22:46:35,375] [INFO] [ABSTENTION PROMPT]: [{'role': 'system', 'content': 'You are a medical doctor trying to reason through a real-life clinical case. Based on your understanding of basic and clinical science, medical knowledge, and mechanisms underlying health, disease, patient care, and modes of therapy, respond according to the task specified by the user. Base your response on the current and standard practices referenced in medical guidelines.'}, {'role': 'user', 'content': 'A patient comes into the clinic presenting with a symptom as described in the conversation log below:\n    \nPATIENT INFORMATION: A 15-year-old girl comes to the physician for a follow-up evaluation.\nCONVERSATION LOG:\nDoctor Question: What is the patients presenting complaint?\nPatient Response: 1. The patient has multiple erythematous pustules and nodules over her face.\n\nQUESTION: The molecular structure of the drug most likely recommended by the physician closely resembles a drug used to treat which of the following conditions?\nOPTIONS: A: EGFR-positive non-small cell lung cancer, B: Acute promyelocytic leukemia, C: BRAF-positive metastatic melanoma, D: Choriocarcinoma\nYOUR TASK: Given the information so far, if you are confident to pick an option correctly and factually, respond with the letter choice and NOTHING ELSE. Otherwise, if you are not confident to pick an option and need more information, ask ONE SPECIFIC ATOMIC QUESTION to the patient. The question should be bite-sized, NOT ask for too much at once, and NOT repeat what has already been asked. In this case, respond with the atomic question and NOTHING ELSE.'}]
[2026-04-22 22:46:35,375] [INFO] [ABSTENTION RESPONSE]: A


[2026-04-22 22:46:35,375] [INFO] [IMPLICIT ABSTAIN RETURN]: abstain: False, confidence: 1.0, letter_choice: A, usage: {'input_tokens': 323, 'output_tokens': 3}, atomic_question: None

[2026-04-22 22:46:35,375] [INFO] [Expert System]: {'type': 'choice', 'question': None, 'letter_choice': 'A', 'confidence': 1.0, 'usage': {'input_tokens': 323, 'output_tokens': 3}}
[2026-04-22 22:46:35,375] [INFO] |||||||||||||||||||| Interaction ended for patient #45 | Predicted: A | GT: B | Correct: False ||||||||||||||||||||



[2026-04-22 22:46:35,376] [INFO] |||||||||||||||||||| PATIENT #46 | GT: A (Cystic configurations of anaplastic squamous and mucoid cells) ||||||||||||||||||||
[2026-04-22 22:46:35,376] [INFO] ==================== Turn 1 ====================
[2026-04-22 22:46:35,376] [INFO] ++++++++++++++++++++ Start of Implicit Abstention [expert_basics.py:expert_response_choice_or_question()] ++++++++++++++++++++
[2026-04-22 22:46:35,376] [INFO] [<IMPLICIT ABSTAIN PROMPT>] [len(messages)=2] (messages[-1]):
A patient comes into the clinic presenting with a symptom as described in the conversation log below:
    
PATIENT INFORMATION: A 62-year-old female presents to her primary care provider complaining of a mass near her right jaw.
CONVERSATION LOG:
None
QUESTION: A biopsy of one of this lesion would most likely reveal which of the following?
OPTIONS: A: Cystic configurations of anaplastic squamous and mucoid cells, B: Non-infiltrative clusters of epithelial and mesenchymal cells, C: Epithelial cells with dense lymphoid stroma and germinal centers, D: Uniform spindle cells with scant cytoplasm and cigar-shaped nuclei
YOUR TASK: Given the information so far, if you are confident to pick an option correctly and factually, respond with the letter choice and NOTHING ELSE. Otherwise, if you are not confident to pick an option and need more information, ask ONE SPECIFIC ATOMIC QUESTION to the patient. The question should be bite-sized, NOT ask for too much at once, and NOT repeat what has already been asked. In this case, respond with the atomic question and NOTHING ELSE.
[2026-04-22 22:46:35,376] [INFO] -------------------- Self-Consistency Iteration 1 --------------------
[2026-04-22 22:46:35,549] [INFO] [<IMPLICIT ABSTAIN LM RES>]: A

[2026-04-22 22:46:35,549] [INFO] [<IMPLICIT ABSTAIN PARSED>]: A
[2026-04-22 22:46:35,549] [INFO] [<IMPLICIT ABSTAIN RETURN>]: atomic_question: None, final_answer: A, conf_score: 1.0 ([1 : 0])
[2026-04-22 22:46:35,549] [INFO] [ABSTENTION PROMPT]: [{'role': 'system', 'content': 'You are a medical doctor trying to reason through a real-life clinical case. Based on your understanding of basic and clinical science, medical knowledge, and mechanisms underlying health, disease, patient care, and modes of therapy, respond according to the task specified by the user. Base your response on the current and standard practices referenced in medical guidelines.'}, {'role': 'user', 'content': 'A patient comes into the clinic presenting with a symptom as described in the conversation log below:\n    \nPATIENT INFORMATION: A 62-year-old female presents to her primary care provider complaining of a mass near her right jaw.\nCONVERSATION LOG:\nNone\nQUESTION: A biopsy of one of this lesion would most likely reveal which of the following?\nOPTIONS: A: Cystic configurations of anaplastic squamous and mucoid cells, B: Non-infiltrative clusters of epithelial and mesenchymal cells, C: Epithelial cells with dense lymphoid stroma and germinal centers, D: Uniform spindle cells with scant cytoplasm and cigar-shaped nuclei\nYOUR TASK: Given the information so far, if you are confident to pick an option correctly and factually, respond with the letter choice and NOTHING ELSE. Otherwise, if you are not confident to pick an option and need more information, ask ONE SPECIFIC ATOMIC QUESTION to the patient. The question should be bite-sized, NOT ask for too much at once, and NOT repeat what has already been asked. In this case, respond with the atomic question and NOTHING ELSE.'}]
[2026-04-22 22:46:35,549] [INFO] [ABSTENTION RESPONSE]: A


[2026-04-22 22:46:35,549] [INFO] [IMPLICIT ABSTAIN RETURN]: abstain: False, confidence: 1.0, letter_choice: A, usage: {'input_tokens': 311, 'output_tokens': 3}, atomic_question: None

[2026-04-22 22:46:35,549] [INFO] [Expert System]: {'type': 'choice', 'question': None, 'letter_choice': 'A', 'confidence': 1.0, 'usage': {'input_tokens': 311, 'output_tokens': 3}}
[2026-04-22 22:46:35,549] [INFO] |||||||||||||||||||| Interaction ended for patient #46 | Predicted: A | GT: A | Correct: True ||||||||||||||||||||



[2026-04-22 22:46:35,549] [INFO] |||||||||||||||||||| PATIENT #47 | GT: A (Swelling and proliferation of endothelial and mesangial cells in portions of each glomerulus with neutrophil infiltration) ||||||||||||||||||||
[2026-04-22 22:46:35,549] [INFO] ==================== Turn 1 ====================
[2026-04-22 22:46:35,549] [INFO] ++++++++++++++++++++ Start of Implicit Abstention [expert_basics.py:expert_response_choice_or_question()] ++++++++++++++++++++
[2026-04-22 22:46:35,549] [INFO] [<IMPLICIT ABSTAIN PROMPT>] [len(messages)=2] (messages[-1]):
A patient comes into the clinic presenting with a symptom as described in the conversation log below:
    
PATIENT INFORMATION: A 29-year-old woman presents with low-grade fever, rash, and joint pain.
CONVERSATION LOG:
None
QUESTION: Which of the following additional findings would most likely be present in this patient?
OPTIONS: A: Swelling and proliferation of endothelial and mesangial cells in portions of each glomerulus with neutrophil infiltration, B: Immunologically mediated destruction of the salivary glands, C: Abnormal accumulation of fibrous tissue in the skin and multiple organs, D: Amyloid deposits within the myocardium between the muscle fibers
YOUR TASK: Given the information so far, if you are confident to pick an option correctly and factually, respond with the letter choice and NOTHING ELSE. Otherwise, if you are not confident to pick an option and need more information, ask ONE SPECIFIC ATOMIC QUESTION to the patient. The question should be bite-sized, NOT ask for too much at once, and NOT repeat what has already been asked. In this case, respond with the atomic question and NOTHING ELSE.
[2026-04-22 22:46:35,549] [INFO] -------------------- Self-Consistency Iteration 1 --------------------
[2026-04-22 22:46:35,719] [INFO] [<IMPLICIT ABSTAIN LM RES>]: A

[2026-04-22 22:46:35,719] [INFO] [<IMPLICIT ABSTAIN PARSED>]: A
[2026-04-22 22:46:35,719] [INFO] [<IMPLICIT ABSTAIN RETURN>]: atomic_question: None, final_answer: A, conf_score: 1.0 ([1 : 0])
[2026-04-22 22:46:35,719] [INFO] [ABSTENTION PROMPT]: [{'role': 'system', 'content': 'You are a medical doctor trying to reason through a real-life clinical case. Based on your understanding of basic and clinical science, medical knowledge, and mechanisms underlying health, disease, patient care, and modes of therapy, respond according to the task specified by the user. Base your response on the current and standard practices referenced in medical guidelines.'}, {'role': 'user', 'content': 'A patient comes into the clinic presenting with a symptom as described in the conversation log below:\n    \nPATIENT INFORMATION: A 29-year-old woman presents with low-grade fever, rash, and joint pain.\nCONVERSATION LOG:\nNone\nQUESTION: Which of the following additional findings would most likely be present in this patient?\nOPTIONS: A: Swelling and proliferation of endothelial and mesangial cells in portions of each glomerulus with neutrophil infiltration, B: Immunologically mediated destruction of the salivary glands, C: Abnormal accumulation of fibrous tissue in the skin and multiple organs, D: Amyloid deposits within the myocardium between the muscle fibers\nYOUR TASK: Given the information so far, if you are confident to pick an option correctly and factually, respond with the letter choice and NOTHING ELSE. Otherwise, if you are not confident to pick an option and need more information, ask ONE SPECIFIC ATOMIC QUESTION to the patient. The question should be bite-sized, NOT ask for too much at once, and NOT repeat what has already been asked. In this case, respond with the atomic question and NOTHING ELSE.'}]
[2026-04-22 22:46:35,719] [INFO] [ABSTENTION RESPONSE]: A


[2026-04-22 22:46:35,719] [INFO] [IMPLICIT ABSTAIN RETURN]: abstain: False, confidence: 1.0, letter_choice: A, usage: {'input_tokens': 311, 'output_tokens': 3}, atomic_question: None

[2026-04-22 22:46:35,719] [INFO] [Expert System]: {'type': 'choice', 'question': None, 'letter_choice': 'A', 'confidence': 1.0, 'usage': {'input_tokens': 311, 'output_tokens': 3}}
[2026-04-22 22:46:35,719] [INFO] |||||||||||||||||||| Interaction ended for patient #47 | Predicted: A | GT: A | Correct: True ||||||||||||||||||||



[2026-04-22 22:46:35,719] [INFO] |||||||||||||||||||| PATIENT #48 | GT: A (Severe combined immunodeficiency syndrome) ||||||||||||||||||||
[2026-04-22 22:46:35,719] [INFO] ==================== Turn 1 ====================
[2026-04-22 22:46:35,719] [INFO] ++++++++++++++++++++ Start of Implicit Abstention [expert_basics.py:expert_response_choice_or_question()] ++++++++++++++++++++
[2026-04-22 22:46:35,719] [INFO] [<IMPLICIT ABSTAIN PROMPT>] [len(messages)=2] (messages[-1]):
A patient comes into the clinic presenting with a symptom as described in the conversation log below:
    
PATIENT INFORMATION: A 3-year-old Cuban-American male has a history of recurrent Pseudomonas and Candida infections.
CONVERSATION LOG:
None
QUESTION: The child likely has:
OPTIONS: A: Severe combined immunodeficiency syndrome, B: DiGeorge syndrome, C: Isolated IgA deficiency, D: Common variable immunodeficiency
YOUR TASK: Given the information so far, if you are confident to pick an option correctly and factually, respond with the letter choice and NOTHING ELSE. Otherwise, if you are not confident to pick an option and need more information, ask ONE SPECIFIC ATOMIC QUESTION to the patient. The question should be bite-sized, NOT ask for too much at once, and NOT repeat what has already been asked. In this case, respond with the atomic question and NOTHING ELSE.
[2026-04-22 22:46:35,719] [INFO] -------------------- Self-Consistency Iteration 1 --------------------
[2026-04-22 22:46:35,888] [INFO] [<IMPLICIT ABSTAIN LM RES>]: A

[2026-04-22 22:46:35,889] [INFO] [<IMPLICIT ABSTAIN PARSED>]: A
[2026-04-22 22:46:35,889] [INFO] [<IMPLICIT ABSTAIN RETURN>]: atomic_question: None, final_answer: A, conf_score: 1.0 ([1 : 0])
[2026-04-22 22:46:35,889] [INFO] [ABSTENTION PROMPT]: [{'role': 'system', 'content': 'You are a medical doctor trying to reason through a real-life clinical case. Based on your understanding of basic and clinical science, medical knowledge, and mechanisms underlying health, disease, patient care, and modes of therapy, respond according to the task specified by the user. Base your response on the current and standard practices referenced in medical guidelines.'}, {'role': 'user', 'content': 'A patient comes into the clinic presenting with a symptom as described in the conversation log below:\n    \nPATIENT INFORMATION: A 3-year-old Cuban-American male has a history of recurrent Pseudomonas and Candida infections.\nCONVERSATION LOG:\nNone\nQUESTION: The child likely has:\nOPTIONS: A: Severe combined immunodeficiency syndrome, B: DiGeorge syndrome, C: Isolated IgA deficiency, D: Common variable immunodeficiency\nYOUR TASK: Given the information so far, if you are confident to pick an option correctly and factually, respond with the letter choice and NOTHING ELSE. Otherwise, if you are not confident to pick an option and need more information, ask ONE SPECIFIC ATOMIC QUESTION to the patient. The question should be bite-sized, NOT ask for too much at once, and NOT repeat what has already been asked. In this case, respond with the atomic question and NOTHING ELSE.'}]
[2026-04-22 22:46:35,889] [INFO] [ABSTENTION RESPONSE]: A


[2026-04-22 22:46:35,889] [INFO] [IMPLICIT ABSTAIN RETURN]: abstain: False, confidence: 1.0, letter_choice: A, usage: {'input_tokens': 267, 'output_tokens': 3}, atomic_question: None

[2026-04-22 22:46:35,889] [INFO] [Expert System]: {'type': 'choice', 'question': None, 'letter_choice': 'A', 'confidence': 1.0, 'usage': {'input_tokens': 267, 'output_tokens': 3}}
[2026-04-22 22:46:35,889] [INFO] |||||||||||||||||||| Interaction ended for patient #48 | Predicted: A | GT: A | Correct: True ||||||||||||||||||||



[2026-04-22 22:46:35,889] [INFO] |||||||||||||||||||| PATIENT #49 | GT: A (Glycoprotein Ib deficiency) ||||||||||||||||||||
[2026-04-22 22:46:35,889] [INFO] ==================== Turn 1 ====================
[2026-04-22 22:46:35,889] [INFO] ++++++++++++++++++++ Start of Implicit Abstention [expert_basics.py:expert_response_choice_or_question()] ++++++++++++++++++++
[2026-04-22 22:46:35,889] [INFO] [<IMPLICIT ABSTAIN PROMPT>] [len(messages)=2] (messages[-1]):
A patient comes into the clinic presenting with a symptom as described in the conversation log below:
    
PATIENT INFORMATION: A 7-year-old girl is brought to the physician for evaluation of recurrent epistaxis.
CONVERSATION LOG:
None
QUESTION: Which of the following is the most likely underlying cause of the patient's condition?"
OPTIONS: A: Glycoprotein Ib deficiency, B: Vitamin K deficiency, C: Von Willebrand factor deficiency, D: ADAMTS13 deficiency
YOUR TASK: Given the information so far, if you are confident to pick an option correctly and factually, respond with the letter choice and NOTHING ELSE. Otherwise, if you are not confident to pick an option and need more information, ask ONE SPECIFIC ATOMIC QUESTION to the patient. The question should be bite-sized, NOT ask for too much at once, and NOT repeat what has already been asked. In this case, respond with the atomic question and NOTHING ELSE.
[2026-04-22 22:46:35,889] [INFO] -------------------- Self-Consistency Iteration 1 --------------------
[2026-04-22 22:46:36,058] [INFO] [<IMPLICIT ABSTAIN LM RES>]: C

[2026-04-22 22:46:36,058] [INFO] [<IMPLICIT ABSTAIN PARSED>]: C
[2026-04-22 22:46:36,058] [INFO] [<IMPLICIT ABSTAIN RETURN>]: atomic_question: None, final_answer: C, conf_score: 1.0 ([1 : 0])
[2026-04-22 22:46:36,058] [INFO] [ABSTENTION PROMPT]: [{'role': 'system', 'content': 'You are a medical doctor trying to reason through a real-life clinical case. Based on your understanding of basic and clinical science, medical knowledge, and mechanisms underlying health, disease, patient care, and modes of therapy, respond according to the task specified by the user. Base your response on the current and standard practices referenced in medical guidelines.'}, {'role': 'user', 'content': 'A patient comes into the clinic presenting with a symptom as described in the conversation log below:\n    \nPATIENT INFORMATION: A 7-year-old girl is brought to the physician for evaluation of recurrent epistaxis.\nCONVERSATION LOG:\nNone\nQUESTION: Which of the following is the most likely underlying cause of the patient\'s condition?"\nOPTIONS: A: Glycoprotein Ib deficiency, B: Vitamin K deficiency, C: Von Willebrand factor deficiency, D: ADAMTS13 deficiency\nYOUR TASK: Given the information so far, if you are confident to pick an option correctly and factually, respond with the letter choice and NOTHING ELSE. Otherwise, if you are not confident to pick an option and need more information, ask ONE SPECIFIC ATOMIC QUESTION to the patient. The question should be bite-sized, NOT ask for too much at once, and NOT repeat what has already been asked. In this case, respond with the atomic question and NOTHING ELSE.'}]
[2026-04-22 22:46:36,058] [INFO] [ABSTENTION RESPONSE]: C


[2026-04-22 22:46:36,058] [INFO] [IMPLICIT ABSTAIN RETURN]: abstain: False, confidence: 1.0, letter_choice: C, usage: {'input_tokens': 279, 'output_tokens': 3}, atomic_question: None

[2026-04-22 22:46:36,058] [INFO] [Expert System]: {'type': 'choice', 'question': None, 'letter_choice': 'C', 'confidence': 1.0, 'usage': {'input_tokens': 279, 'output_tokens': 3}}
[2026-04-22 22:46:36,058] [INFO] |||||||||||||||||||| Interaction ended for patient #49 | Predicted: C | GT: A | Correct: False ||||||||||||||||||||



[2026-04-22 22:46:36,058] [INFO] |||||||||||||||||||| PATIENT #50 | GT: A (Cerebral venous thrombosis) ||||||||||||||||||||
[2026-04-22 22:46:36,058] [INFO] ==================== Turn 1 ====================
[2026-04-22 22:46:36,058] [INFO] ++++++++++++++++++++ Start of Implicit Abstention [expert_basics.py:expert_response_choice_or_question()] ++++++++++++++++++++
[2026-04-22 22:46:36,058] [INFO] [<IMPLICIT ABSTAIN PROMPT>] [len(messages)=2] (messages[-1]):
A patient comes into the clinic presenting with a symptom as described in the conversation log below:
    
PATIENT INFORMATION: A 38-year-old woman comes to the emergency department because of progressive headache, blurry vision, and nausea for 1 day.
CONVERSATION LOG:
None
QUESTION: Which of the following is the most likely diagnosis?
OPTIONS: A: Cerebral venous thrombosis, B: Hypertensive emergency, C: Subarachnoid hemorrhage, D: Viral meningitis
YOUR TASK: Given the information so far, if you are confident to pick an option correctly and factually, respond with the letter choice and NOTHING ELSE. Otherwise, if you are not confident to pick an option and need more information, ask ONE SPECIFIC ATOMIC QUESTION to the patient. The question should be bite-sized, NOT ask for too much at once, and NOT repeat what has already been asked. In this case, respond with the atomic question and NOTHING ELSE.
[2026-04-22 22:46:36,058] [INFO] -------------------- Self-Consistency Iteration 1 --------------------
[2026-04-22 22:46:36,227] [INFO] [<IMPLICIT ABSTAIN LM RES>]: A

[2026-04-22 22:46:36,228] [INFO] [<IMPLICIT ABSTAIN PARSED>]: A
[2026-04-22 22:46:36,228] [INFO] [<IMPLICIT ABSTAIN RETURN>]: atomic_question: None, final_answer: A, conf_score: 1.0 ([1 : 0])
[2026-04-22 22:46:36,228] [INFO] [ABSTENTION PROMPT]: [{'role': 'system', 'content': 'You are a medical doctor trying to reason through a real-life clinical case. Based on your understanding of basic and clinical science, medical knowledge, and mechanisms underlying health, disease, patient care, and modes of therapy, respond according to the task specified by the user. Base your response on the current and standard practices referenced in medical guidelines.'}, {'role': 'user', 'content': 'A patient comes into the clinic presenting with a symptom as described in the conversation log below:\n    \nPATIENT INFORMATION: A 38-year-old woman comes to the emergency department because of progressive headache, blurry vision, and nausea for 1 day.\nCONVERSATION LOG:\nNone\nQUESTION: Which of the following is the most likely diagnosis?\nOPTIONS: A: Cerebral venous thrombosis, B: Hypertensive emergency, C: Subarachnoid hemorrhage, D: Viral meningitis\nYOUR TASK: Given the information so far, if you are confident to pick an option correctly and factually, respond with the letter choice and NOTHING ELSE. Otherwise, if you are not confident to pick an option and need more information, ask ONE SPECIFIC ATOMIC QUESTION to the patient. The question should be bite-sized, NOT ask for too much at once, and NOT repeat what has already been asked. In this case, respond with the atomic question and NOTHING ELSE.'}]
[2026-04-22 22:46:36,228] [INFO] [ABSTENTION RESPONSE]: A


[2026-04-22 22:46:36,228] [INFO] [IMPLICIT ABSTAIN RETURN]: abstain: False, confidence: 1.0, letter_choice: A, usage: {'input_tokens': 277, 'output_tokens': 3}, atomic_question: None

[2026-04-22 22:46:36,228] [INFO] [Expert System]: {'type': 'choice', 'question': None, 'letter_choice': 'A', 'confidence': 1.0, 'usage': {'input_tokens': 277, 'output_tokens': 3}}
[2026-04-22 22:46:36,228] [INFO] |||||||||||||||||||| Interaction ended for patient #50 | Predicted: A | GT: A | Correct: True ||||||||||||||||||||



[2026-04-22 22:46:36,228] [INFO] |||||||||||||||||||| PATIENT #51 | GT: B (Conductive hearing loss) ||||||||||||||||||||
[2026-04-22 22:46:36,228] [INFO] ==================== Turn 1 ====================
[2026-04-22 22:46:36,228] [INFO] ++++++++++++++++++++ Start of Implicit Abstention [expert_basics.py:expert_response_choice_or_question()] ++++++++++++++++++++
[2026-04-22 22:46:36,228] [INFO] [<IMPLICIT ABSTAIN PROMPT>] [len(messages)=2] (messages[-1]):
A patient comes into the clinic presenting with a symptom as described in the conversation log below:
    
PATIENT INFORMATION: A 35-year-old female presents to your office for a routine physical.
CONVERSATION LOG:
None
QUESTION: Which of the following features are not associated of Waardenburg’s syndrome?
OPTIONS: A: Heterochromia, B: Conductive hearing loss, C: Lateral displacement of inner canthi, D: Broad nasal root
YOUR TASK: Given the information so far, if you are confident to pick an option correctly and factually, respond with the letter choice and NOTHING ELSE. Otherwise, if you are not confident to pick an option and need more information, ask ONE SPECIFIC ATOMIC QUESTION to the patient. The question should be bite-sized, NOT ask for too much at once, and NOT repeat what has already been asked. In this case, respond with the atomic question and NOTHING ELSE.
[2026-04-22 22:46:36,228] [INFO] -------------------- Self-Consistency Iteration 1 --------------------
[2026-04-22 22:46:36,397] [INFO] [<IMPLICIT ABSTAIN LM RES>]: B

[2026-04-22 22:46:36,397] [INFO] [<IMPLICIT ABSTAIN PARSED>]: B
[2026-04-22 22:46:36,397] [INFO] [<IMPLICIT ABSTAIN RETURN>]: atomic_question: None, final_answer: B, conf_score: 1.0 ([1 : 0])
[2026-04-22 22:46:36,397] [INFO] [ABSTENTION PROMPT]: [{'role': 'system', 'content': 'You are a medical doctor trying to reason through a real-life clinical case. Based on your understanding of basic and clinical science, medical knowledge, and mechanisms underlying health, disease, patient care, and modes of therapy, respond according to the task specified by the user. Base your response on the current and standard practices referenced in medical guidelines.'}, {'role': 'user', 'content': 'A patient comes into the clinic presenting with a symptom as described in the conversation log below:\n    \nPATIENT INFORMATION: A 35-year-old female presents to your office for a routine physical.\nCONVERSATION LOG:\nNone\nQUESTION: Which of the following features are not associated of Waardenburg’s syndrome?\nOPTIONS: A: Heterochromia, B: Conductive hearing loss, C: Lateral displacement of inner canthi, D: Broad nasal root\nYOUR TASK: Given the information so far, if you are confident to pick an option correctly and factually, respond with the letter choice and NOTHING ELSE. Otherwise, if you are not confident to pick an option and need more information, ask ONE SPECIFIC ATOMIC QUESTION to the patient. The question should be bite-sized, NOT ask for too much at once, and NOT repeat what has already been asked. In this case, respond with the atomic question and NOTHING ELSE.'}]
[2026-04-22 22:46:36,397] [INFO] [ABSTENTION RESPONSE]: B


[2026-04-22 22:46:36,397] [INFO] [IMPLICIT ABSTAIN RETURN]: abstain: False, confidence: 1.0, letter_choice: B, usage: {'input_tokens': 275, 'output_tokens': 3}, atomic_question: None

[2026-04-22 22:46:36,397] [INFO] [Expert System]: {'type': 'choice', 'question': None, 'letter_choice': 'B', 'confidence': 1.0, 'usage': {'input_tokens': 275, 'output_tokens': 3}}
[2026-04-22 22:46:36,397] [INFO] |||||||||||||||||||| Interaction ended for patient #51 | Predicted: B | GT: B | Correct: True ||||||||||||||||||||



[2026-04-22 22:46:36,397] [INFO] |||||||||||||||||||| PATIENT #52 | GT: B (Absence of dystrophin protein) ||||||||||||||||||||
[2026-04-22 22:46:36,397] [INFO] ==================== Turn 1 ====================
[2026-04-22 22:46:36,397] [INFO] ++++++++++++++++++++ Start of Implicit Abstention [expert_basics.py:expert_response_choice_or_question()] ++++++++++++++++++++
[2026-04-22 22:46:36,397] [INFO] [<IMPLICIT ABSTAIN PROMPT>] [len(messages)=2] (messages[-1]):
A patient comes into the clinic presenting with a symptom as described in the conversation log below:
    
PATIENT INFORMATION: A 4-year-old boy is brought to the emergency department for evaluation after falling.
CONVERSATION LOG:
None
QUESTION: Which of the following is the most likely underlying mechanism of this patient's fall?
OPTIONS: A: Loss of the ATM protein, B: Absence of dystrophin protein, C: Arylsulfatase A deficiency, D: SMN1 gene defect
YOUR TASK: Given the information so far, if you are confident to pick an option correctly and factually, respond with the letter choice and NOTHING ELSE. Otherwise, if you are not confident to pick an option and need more information, ask ONE SPECIFIC ATOMIC QUESTION to the patient. The question should be bite-sized, NOT ask for too much at once, and NOT repeat what has already been asked. In this case, respond with the atomic question and NOTHING ELSE.
[2026-04-22 22:46:36,397] [INFO] -------------------- Self-Consistency Iteration 1 --------------------
[2026-04-22 22:46:36,567] [INFO] [<IMPLICIT ABSTAIN LM RES>]: B

[2026-04-22 22:46:36,567] [INFO] [<IMPLICIT ABSTAIN PARSED>]: B
[2026-04-22 22:46:36,567] [INFO] [<IMPLICIT ABSTAIN RETURN>]: atomic_question: None, final_answer: B, conf_score: 1.0 ([1 : 0])
[2026-04-22 22:46:36,567] [INFO] [ABSTENTION PROMPT]: [{'role': 'system', 'content': 'You are a medical doctor trying to reason through a real-life clinical case. Based on your understanding of basic and clinical science, medical knowledge, and mechanisms underlying health, disease, patient care, and modes of therapy, respond according to the task specified by the user. Base your response on the current and standard practices referenced in medical guidelines.'}, {'role': 'user', 'content': "A patient comes into the clinic presenting with a symptom as described in the conversation log below:\n    \nPATIENT INFORMATION: A 4-year-old boy is brought to the emergency department for evaluation after falling.\nCONVERSATION LOG:\nNone\nQUESTION: Which of the following is the most likely underlying mechanism of this patient's fall?\nOPTIONS: A: Loss of the ATM protein, B: Absence of dystrophin protein, C: Arylsulfatase A deficiency, D: SMN1 gene defect\nYOUR TASK: Given the information so far, if you are confident to pick an option correctly and factually, respond with the letter choice and NOTHING ELSE. Otherwise, if you are not confident to pick an option and need more information, ask ONE SPECIFIC ATOMIC QUESTION to the patient. The question should be bite-sized, NOT ask for too much at once, and NOT repeat what has already been asked. In this case, respond with the atomic question and NOTHING ELSE."}]
[2026-04-22 22:46:36,567] [INFO] [ABSTENTION RESPONSE]: B


[2026-04-22 22:46:36,567] [INFO] [IMPLICIT ABSTAIN RETURN]: abstain: False, confidence: 1.0, letter_choice: B, usage: {'input_tokens': 284, 'output_tokens': 3}, atomic_question: None

[2026-04-22 22:46:36,567] [INFO] [Expert System]: {'type': 'choice', 'question': None, 'letter_choice': 'B', 'confidence': 1.0, 'usage': {'input_tokens': 284, 'output_tokens': 3}}
[2026-04-22 22:46:36,567] [INFO] |||||||||||||||||||| Interaction ended for patient #52 | Predicted: B | GT: B | Correct: True ||||||||||||||||||||



[2026-04-22 22:46:36,567] [INFO] |||||||||||||||||||| PATIENT #53 | GT: C (Cardiac arrhythmia) ||||||||||||||||||||
[2026-04-22 22:46:36,567] [INFO] ==================== Turn 1 ====================
[2026-04-22 22:46:36,567] [INFO] ++++++++++++++++++++ Start of Implicit Abstention [expert_basics.py:expert_response_choice_or_question()] ++++++++++++++++++++
[2026-04-22 22:46:36,567] [INFO] [<IMPLICIT ABSTAIN PROMPT>] [len(messages)=2] (messages[-1]):
A patient comes into the clinic presenting with a symptom as described in the conversation log below:
    
PATIENT INFORMATION: A 25-year-old man is brought to the emergency department with second- and third-degree burns covering 30% of the surface area of his body.
CONVERSATION LOG:
None
QUESTION: Administering succinylcholine during this procedure would most likely result in which of the following complications?
OPTIONS: A: Prolonged muscle weakness, B: Malignant hyperthermia, C: Cardiac arrhythmia, D: Respiratory depression
YOUR TASK: Given the information so far, if you are confident to pick an option correctly and factually, respond with the letter choice and NOTHING ELSE. Otherwise, if you are not confident to pick an option and need more information, ask ONE SPECIFIC ATOMIC QUESTION to the patient. The question should be bite-sized, NOT ask for too much at once, and NOT repeat what has already been asked. In this case, respond with the atomic question and NOTHING ELSE.
[2026-04-22 22:46:36,567] [INFO] -------------------- Self-Consistency Iteration 1 --------------------
[2026-04-22 22:46:36,737] [INFO] [<IMPLICIT ABSTAIN LM RES>]: B

[2026-04-22 22:46:36,737] [INFO] [<IMPLICIT ABSTAIN PARSED>]: B
[2026-04-22 22:46:36,737] [INFO] [<IMPLICIT ABSTAIN RETURN>]: atomic_question: None, final_answer: B, conf_score: 1.0 ([1 : 0])
[2026-04-22 22:46:36,737] [INFO] [ABSTENTION PROMPT]: [{'role': 'system', 'content': 'You are a medical doctor trying to reason through a real-life clinical case. Based on your understanding of basic and clinical science, medical knowledge, and mechanisms underlying health, disease, patient care, and modes of therapy, respond according to the task specified by the user. Base your response on the current and standard practices referenced in medical guidelines.'}, {'role': 'user', 'content': 'A patient comes into the clinic presenting with a symptom as described in the conversation log below:\n    \nPATIENT INFORMATION: A 25-year-old man is brought to the emergency department with second- and third-degree burns covering 30% of the surface area of his body.\nCONVERSATION LOG:\nNone\nQUESTION: Administering succinylcholine during this procedure would most likely result in which of the following complications?\nOPTIONS: A: Prolonged muscle weakness, B: Malignant hyperthermia, C: Cardiac arrhythmia, D: Respiratory depression\nYOUR TASK: Given the information so far, if you are confident to pick an option correctly and factually, respond with the letter choice and NOTHING ELSE. Otherwise, if you are not confident to pick an option and need more information, ask ONE SPECIFIC ATOMIC QUESTION to the patient. The question should be bite-sized, NOT ask for too much at once, and NOT repeat what has already been asked. In this case, respond with the atomic question and NOTHING ELSE.'}]
[2026-04-22 22:46:36,737] [INFO] [ABSTENTION RESPONSE]: B


[2026-04-22 22:46:36,737] [INFO] [IMPLICIT ABSTAIN RETURN]: abstain: False, confidence: 1.0, letter_choice: B, usage: {'input_tokens': 294, 'output_tokens': 3}, atomic_question: None

[2026-04-22 22:46:36,737] [INFO] [Expert System]: {'type': 'choice', 'question': None, 'letter_choice': 'B', 'confidence': 1.0, 'usage': {'input_tokens': 294, 'output_tokens': 3}}
[2026-04-22 22:46:36,737] [INFO] |||||||||||||||||||| Interaction ended for patient #53 | Predicted: B | GT: C | Correct: False ||||||||||||||||||||



[2026-04-22 22:46:36,737] [INFO] |||||||||||||||||||| PATIENT #54 | GT: B (Wide, fixed splitting of S2) ||||||||||||||||||||
[2026-04-22 22:46:36,737] [INFO] ==================== Turn 1 ====================
[2026-04-22 22:46:36,737] [INFO] ++++++++++++++++++++ Start of Implicit Abstention [expert_basics.py:expert_response_choice_or_question()] ++++++++++++++++++++
[2026-04-22 22:46:36,737] [INFO] [<IMPLICIT ABSTAIN PROMPT>] [len(messages)=2] (messages[-1]):
A patient comes into the clinic presenting with a symptom as described in the conversation log below:
    
PATIENT INFORMATION: A 32-year-old woman presents to the emergency department with 2 hours of left-sided weakness.
CONVERSATION LOG:
None
QUESTION: What ausculatory finding would explain the mechanism by which her more recent complaint occurred?
OPTIONS: A: Holosystolic murmur radiating to the axilla, B: Wide, fixed splitting of S2, C: Crescendo-decrescendo murmur heard loudest at the right second intercostal space, D: An S2 that splits during expiration
YOUR TASK: Given the information so far, if you are confident to pick an option correctly and factually, respond with the letter choice and NOTHING ELSE. Otherwise, if you are not confident to pick an option and need more information, ask ONE SPECIFIC ATOMIC QUESTION to the patient. The question should be bite-sized, NOT ask for too much at once, and NOT repeat what has already been asked. In this case, respond with the atomic question and NOTHING ELSE.
[2026-04-22 22:46:36,737] [INFO] -------------------- Self-Consistency Iteration 1 --------------------
[2026-04-22 22:46:36,908] [INFO] [<IMPLICIT ABSTAIN LM RES>]: C

[2026-04-22 22:46:36,908] [INFO] [<IMPLICIT ABSTAIN PARSED>]: C
[2026-04-22 22:46:36,908] [INFO] [<IMPLICIT ABSTAIN RETURN>]: atomic_question: None, final_answer: C, conf_score: 1.0 ([1 : 0])
[2026-04-22 22:46:36,908] [INFO] [ABSTENTION PROMPT]: [{'role': 'system', 'content': 'You are a medical doctor trying to reason through a real-life clinical case. Based on your understanding of basic and clinical science, medical knowledge, and mechanisms underlying health, disease, patient care, and modes of therapy, respond according to the task specified by the user. Base your response on the current and standard practices referenced in medical guidelines.'}, {'role': 'user', 'content': 'A patient comes into the clinic presenting with a symptom as described in the conversation log below:\n    \nPATIENT INFORMATION: A 32-year-old woman presents to the emergency department with 2 hours of left-sided weakness.\nCONVERSATION LOG:\nNone\nQUESTION: What ausculatory finding would explain the mechanism by which her more recent complaint occurred?\nOPTIONS: A: Holosystolic murmur radiating to the axilla, B: Wide, fixed splitting of S2, C: Crescendo-decrescendo murmur heard loudest at the right second intercostal space, D: An S2 that splits during expiration\nYOUR TASK: Given the information so far, if you are confident to pick an option correctly and factually, respond with the letter choice and NOTHING ELSE. Otherwise, if you are not confident to pick an option and need more information, ask ONE SPECIFIC ATOMIC QUESTION to the patient. The question should be bite-sized, NOT ask for too much at once, and NOT repeat what has already been asked. In this case, respond with the atomic question and NOTHING ELSE.'}]
[2026-04-22 22:46:36,908] [INFO] [ABSTENTION RESPONSE]: C


[2026-04-22 22:46:36,908] [INFO] [IMPLICIT ABSTAIN RETURN]: abstain: False, confidence: 1.0, letter_choice: C, usage: {'input_tokens': 307, 'output_tokens': 3}, atomic_question: None

[2026-04-22 22:46:36,908] [INFO] [Expert System]: {'type': 'choice', 'question': None, 'letter_choice': 'C', 'confidence': 1.0, 'usage': {'input_tokens': 307, 'output_tokens': 3}}
[2026-04-22 22:46:36,908] [INFO] |||||||||||||||||||| Interaction ended for patient #54 | Predicted: C | GT: B | Correct: False ||||||||||||||||||||



[2026-04-22 22:46:36,908] [INFO] |||||||||||||||||||| PATIENT #55 | GT: B (Cholecystokinin) ||||||||||||||||||||
[2026-04-22 22:46:36,908] [INFO] ==================== Turn 1 ====================
[2026-04-22 22:46:36,908] [INFO] ++++++++++++++++++++ Start of Implicit Abstention [expert_basics.py:expert_response_choice_or_question()] ++++++++++++++++++++
[2026-04-22 22:46:36,908] [INFO] [<IMPLICIT ABSTAIN PROMPT>] [len(messages)=2] (messages[-1]):
A patient comes into the clinic presenting with a symptom as described in the conversation log below:
    
PATIENT INFORMATION: A 41-year-old woman presents with pain in her abdomen for the last couple of hours.
CONVERSATION LOG:
None
QUESTION: Which of the following hormones most likely is the cause of the postprandial aggravation of this patient's symptoms?
OPTIONS: A: Somatostatin, B: Cholecystokinin, C: Gastrin, D: Secretin
YOUR TASK: Given the information so far, if you are confident to pick an option correctly and factually, respond with the letter choice and NOTHING ELSE. Otherwise, if you are not confident to pick an option and need more information, ask ONE SPECIFIC ATOMIC QUESTION to the patient. The question should be bite-sized, NOT ask for too much at once, and NOT repeat what has already been asked. In this case, respond with the atomic question and NOTHING ELSE.
[2026-04-22 22:46:36,908] [INFO] -------------------- Self-Consistency Iteration 1 --------------------
[2026-04-22 22:46:37,078] [INFO] [<IMPLICIT ABSTAIN LM RES>]: B

[2026-04-22 22:46:37,078] [INFO] [<IMPLICIT ABSTAIN PARSED>]: B
[2026-04-22 22:46:37,078] [INFO] [<IMPLICIT ABSTAIN RETURN>]: atomic_question: None, final_answer: B, conf_score: 1.0 ([1 : 0])
[2026-04-22 22:46:37,078] [INFO] [ABSTENTION PROMPT]: [{'role': 'system', 'content': 'You are a medical doctor trying to reason through a real-life clinical case. Based on your understanding of basic and clinical science, medical knowledge, and mechanisms underlying health, disease, patient care, and modes of therapy, respond according to the task specified by the user. Base your response on the current and standard practices referenced in medical guidelines.'}, {'role': 'user', 'content': "A patient comes into the clinic presenting with a symptom as described in the conversation log below:\n    \nPATIENT INFORMATION: A 41-year-old woman presents with pain in her abdomen for the last couple of hours.\nCONVERSATION LOG:\nNone\nQUESTION: Which of the following hormones most likely is the cause of the postprandial aggravation of this patient's symptoms?\nOPTIONS: A: Somatostatin, B: Cholecystokinin, C: Gastrin, D: Secretin\nYOUR TASK: Given the information so far, if you are confident to pick an option correctly and factually, respond with the letter choice and NOTHING ELSE. Otherwise, if you are not confident to pick an option and need more information, ask ONE SPECIFIC ATOMIC QUESTION to the patient. The question should be bite-sized, NOT ask for too much at once, and NOT repeat what has already been asked. In this case, respond with the atomic question and NOTHING ELSE."}]
[2026-04-22 22:46:37,078] [INFO] [ABSTENTION RESPONSE]: B


[2026-04-22 22:46:37,078] [INFO] [IMPLICIT ABSTAIN RETURN]: abstain: False, confidence: 1.0, letter_choice: B, usage: {'input_tokens': 283, 'output_tokens': 3}, atomic_question: None

[2026-04-22 22:46:37,078] [INFO] [Expert System]: {'type': 'choice', 'question': None, 'letter_choice': 'B', 'confidence': 1.0, 'usage': {'input_tokens': 283, 'output_tokens': 3}}
[2026-04-22 22:46:37,078] [INFO] |||||||||||||||||||| Interaction ended for patient #55 | Predicted: B | GT: B | Correct: True ||||||||||||||||||||



[2026-04-22 22:46:37,078] [INFO] |||||||||||||||||||| PATIENT #56 | GT: D (Streptococcus pneumoniae) ||||||||||||||||||||
[2026-04-22 22:46:37,078] [INFO] ==================== Turn 1 ====================
[2026-04-22 22:46:37,078] [INFO] ++++++++++++++++++++ Start of Implicit Abstention [expert_basics.py:expert_response_choice_or_question()] ++++++++++++++++++++
[2026-04-22 22:46:37,078] [INFO] [<IMPLICIT ABSTAIN PROMPT>] [len(messages)=2] (messages[-1]):
A patient comes into the clinic presenting with a symptom as described in the conversation log below:
    
PATIENT INFORMATION: A 53-year-old man comes to the physician because of a 1-day history of fever and chills, severe malaise, and cough with yellow-green sputum.
CONVERSATION LOG:
None
QUESTION: Which of the following is the most likely causal pathogen?
OPTIONS: A: Pseudomonas aeruginosa, B: Streptococcus pyogenes, C: Haemophilus influenzae, D: Streptococcus pneumoniae
YOUR TASK: Given the information so far, if you are confident to pick an option correctly and factually, respond with the letter choice and NOTHING ELSE. Otherwise, if you are not confident to pick an option and need more information, ask ONE SPECIFIC ATOMIC QUESTION to the patient. The question should be bite-sized, NOT ask for too much at once, and NOT repeat what has already been asked. In this case, respond with the atomic question and NOTHING ELSE.
[2026-04-22 22:46:37,078] [INFO] -------------------- Self-Consistency Iteration 1 --------------------
[2026-04-22 22:46:37,247] [INFO] [<IMPLICIT ABSTAIN LM RES>]: D

[2026-04-22 22:46:37,247] [INFO] [<IMPLICIT ABSTAIN PARSED>]: D
[2026-04-22 22:46:37,247] [INFO] [<IMPLICIT ABSTAIN RETURN>]: atomic_question: None, final_answer: D, conf_score: 1.0 ([1 : 0])
[2026-04-22 22:46:37,247] [INFO] [ABSTENTION PROMPT]: [{'role': 'system', 'content': 'You are a medical doctor trying to reason through a real-life clinical case. Based on your understanding of basic and clinical science, medical knowledge, and mechanisms underlying health, disease, patient care, and modes of therapy, respond according to the task specified by the user. Base your response on the current and standard practices referenced in medical guidelines.'}, {'role': 'user', 'content': 'A patient comes into the clinic presenting with a symptom as described in the conversation log below:\n    \nPATIENT INFORMATION: A 53-year-old man comes to the physician because of a 1-day history of fever and chills, severe malaise, and cough with yellow-green sputum.\nCONVERSATION LOG:\nNone\nQUESTION: Which of the following is the most likely causal pathogen?\nOPTIONS: A: Pseudomonas aeruginosa, B: Streptococcus pyogenes, C: Haemophilus influenzae, D: Streptococcus pneumoniae\nYOUR TASK: Given the information so far, if you are confident to pick an option correctly and factually, respond with the letter choice and NOTHING ELSE. Otherwise, if you are not confident to pick an option and need more information, ask ONE SPECIFIC ATOMIC QUESTION to the patient. The question should be bite-sized, NOT ask for too much at once, and NOT repeat what has already been asked. In this case, respond with the atomic question and NOTHING ELSE.'}]
[2026-04-22 22:46:37,247] [INFO] [ABSTENTION RESPONSE]: D


[2026-04-22 22:46:37,247] [INFO] [IMPLICIT ABSTAIN RETURN]: abstain: False, confidence: 1.0, letter_choice: D, usage: {'input_tokens': 284, 'output_tokens': 3}, atomic_question: None

[2026-04-22 22:46:37,247] [INFO] [Expert System]: {'type': 'choice', 'question': None, 'letter_choice': 'D', 'confidence': 1.0, 'usage': {'input_tokens': 284, 'output_tokens': 3}}
[2026-04-22 22:46:37,247] [INFO] |||||||||||||||||||| Interaction ended for patient #56 | Predicted: D | GT: D | Correct: True ||||||||||||||||||||



[2026-04-22 22:46:37,248] [INFO] |||||||||||||||||||| PATIENT #57 | GT: C (Levofloxacin) ||||||||||||||||||||
[2026-04-22 22:46:37,248] [INFO] ==================== Turn 1 ====================
[2026-04-22 22:46:37,248] [INFO] ++++++++++++++++++++ Start of Implicit Abstention [expert_basics.py:expert_response_choice_or_question()] ++++++++++++++++++++
[2026-04-22 22:46:37,248] [INFO] [<IMPLICIT ABSTAIN PROMPT>] [len(messages)=2] (messages[-1]):
A patient comes into the clinic presenting with a symptom as described in the conversation log below:
    
PATIENT INFORMATION: A 46-year-old man presents to his physician because of persistent pelvic and scrotal pain for the past month.
CONVERSATION LOG:
None
QUESTION: Which of the following is the most appropriate antibiotic to pair with the tamsulosin?
OPTIONS: A: Cefepime, B: Gentamicin, C: Levofloxacin, D: Trimethoprim and sulfamethoxazole
YOUR TASK: Given the information so far, if you are confident to pick an option correctly and factually, respond with the letter choice and NOTHING ELSE. Otherwise, if you are not confident to pick an option and need more information, ask ONE SPECIFIC ATOMIC QUESTION to the patient. The question should be bite-sized, NOT ask for too much at once, and NOT repeat what has already been asked. In this case, respond with the atomic question and NOTHING ELSE.
[2026-04-22 22:46:37,248] [INFO] -------------------- Self-Consistency Iteration 1 --------------------
[2026-04-22 22:46:37,417] [INFO] [<IMPLICIT ABSTAIN LM RES>]: C

[2026-04-22 22:46:37,417] [INFO] [<IMPLICIT ABSTAIN PARSED>]: C
[2026-04-22 22:46:37,417] [INFO] [<IMPLICIT ABSTAIN RETURN>]: atomic_question: None, final_answer: C, conf_score: 1.0 ([1 : 0])
[2026-04-22 22:46:37,417] [INFO] [ABSTENTION PROMPT]: [{'role': 'system', 'content': 'You are a medical doctor trying to reason through a real-life clinical case. Based on your understanding of basic and clinical science, medical knowledge, and mechanisms underlying health, disease, patient care, and modes of therapy, respond according to the task specified by the user. Base your response on the current and standard practices referenced in medical guidelines.'}, {'role': 'user', 'content': 'A patient comes into the clinic presenting with a symptom as described in the conversation log below:\n    \nPATIENT INFORMATION: A 46-year-old man presents to his physician because of persistent pelvic and scrotal pain for the past month.\nCONVERSATION LOG:\nNone\nQUESTION: Which of the following is the most appropriate antibiotic to pair with the tamsulosin?\nOPTIONS: A: Cefepime, B: Gentamicin, C: Levofloxacin, D: Trimethoprim and sulfamethoxazole\nYOUR TASK: Given the information so far, if you are confident to pick an option correctly and factually, respond with the letter choice and NOTHING ELSE. Otherwise, if you are not confident to pick an option and need more information, ask ONE SPECIFIC ATOMIC QUESTION to the patient. The question should be bite-sized, NOT ask for too much at once, and NOT repeat what has already been asked. In this case, respond with the atomic question and NOTHING ELSE.'}]
[2026-04-22 22:46:37,417] [INFO] [ABSTENTION RESPONSE]: C


[2026-04-22 22:46:37,418] [INFO] [IMPLICIT ABSTAIN RETURN]: abstain: False, confidence: 1.0, letter_choice: C, usage: {'input_tokens': 288, 'output_tokens': 3}, atomic_question: None

[2026-04-22 22:46:37,418] [INFO] [Expert System]: {'type': 'choice', 'question': None, 'letter_choice': 'C', 'confidence': 1.0, 'usage': {'input_tokens': 288, 'output_tokens': 3}}
[2026-04-22 22:46:37,418] [INFO] |||||||||||||||||||| Interaction ended for patient #57 | Predicted: C | GT: C | Correct: True ||||||||||||||||||||



[2026-04-22 22:46:37,418] [INFO] |||||||||||||||||||| PATIENT #58 | GT: C (Eosinopenia) ||||||||||||||||||||
[2026-04-22 22:46:37,418] [INFO] ==================== Turn 1 ====================
[2026-04-22 22:46:37,418] [INFO] ++++++++++++++++++++ Start of Implicit Abstention [expert_basics.py:expert_response_choice_or_question()] ++++++++++++++++++++
[2026-04-22 22:46:37,418] [INFO] [<IMPLICIT ABSTAIN PROMPT>] [len(messages)=2] (messages[-1]):
A patient comes into the clinic presenting with a symptom as described in the conversation log below:
    
PATIENT INFORMATION: A 29-year-old woman comes to the emergency department because of progressive numbness and weakness in her right arm and right leg for 1 day.
CONVERSATION LOG:
None
QUESTION: This drug is most likely to result in which of the following laboratory changes?
OPTIONS: A: Monocytosis, B: Lymphocytosis, C: Eosinopenia, D: Granulocytopenia
YOUR TASK: Given the information so far, if you are confident to pick an option correctly and factually, respond with the letter choice and NOTHING ELSE. Otherwise, if you are not confident to pick an option and need more information, ask ONE SPECIFIC ATOMIC QUESTION to the patient. The question should be bite-sized, NOT ask for too much at once, and NOT repeat what has already been asked. In this case, respond with the atomic question and NOTHING ELSE.
[2026-04-22 22:46:37,418] [INFO] -------------------- Self-Consistency Iteration 1 --------------------
[2026-04-22 22:46:46,112] [INFO] [<IMPLICIT ABSTAIN LM RES>]: Given the patient's presentation of progressive numbness and weakness in the right arm and leg, the most likely diagnosis is a neurological event, such as a stroke, spinal cord compression, or peripheral neuropathy. The question asks which drug is most likely to cause a specific laboratory change. Without knowing the patient's medications, it is impossible to definitively answer this question.

However, I can provide some possible causes of the patient's symptoms and associated laboratory changes.

*   **Stroke:** A stroke can cause a variety of neurological deficits, including weakness and numbness. Laboratory changes associated with stroke can include elevated creatinine kinase (CK), elevated liver enzymes, and changes in coagulation studies.
*   **Spinal cord compression:** Spinal cord compression can also cause weakness and numbness. Laboratory changes associated with spinal cord compression can include elevated inflammatory markers, such as C-reactive protein (CRP) and erythrocyte sedimentation rate (ESR).
*   **Peripheral neuropathy:** Peripheral neuropathy can cause numbness and weakness. Laboratory changes associated with peripheral neuropathy can include elevated creatine kinase (CK), elevated liver enzymes, and changes in coagulation studies.

Without knowing the patient's medications, it is impossible to definitively answer this question. Therefore, I will ask a specific atomic question to the patient.
[2026-04-22 22:46:46,112] [INFO] ....Found A in response line: *   **Stroke:** A stroke can cause a variety of neurological deficits, including weakness and numbness. Laboratory changes associated with stroke can include elevated creatinine kinase (CK), elevated liver enzymes, and changes in coagulation studies.
[2026-04-22 22:46:46,112] [INFO] [<IMPLICIT ABSTAIN PARSED>]: A
[2026-04-22 22:46:46,112] [INFO] [<IMPLICIT ABSTAIN RETURN>]: atomic_question: None, final_answer: A, conf_score: 1.0 ([1 : 0])
[2026-04-22 22:46:46,112] [INFO] [ABSTENTION PROMPT]: [{'role': 'system', 'content': 'You are a medical doctor trying to reason through a real-life clinical case. Based on your understanding of basic and clinical science, medical knowledge, and mechanisms underlying health, disease, patient care, and modes of therapy, respond according to the task specified by the user. Base your response on the current and standard practices referenced in medical guidelines.'}, {'role': 'user', 'content': 'A patient comes into the clinic presenting with a symptom as described in the conversation log below:\n    \nPATIENT INFORMATION: A 29-year-old woman comes to the emergency department because of progressive numbness and weakness in her right arm and right leg for 1 day.\nCONVERSATION LOG:\nNone\nQUESTION: This drug is most likely to result in which of the following laboratory changes?\nOPTIONS: A: Monocytosis, B: Lymphocytosis, C: Eosinopenia, D: Granulocytopenia\nYOUR TASK: Given the information so far, if you are confident to pick an option correctly and factually, respond with the letter choice and NOTHING ELSE. Otherwise, if you are not confident to pick an option and need more information, ask ONE SPECIFIC ATOMIC QUESTION to the patient. The question should be bite-sized, NOT ask for too much at once, and NOT repeat what has already been asked. In this case, respond with the atomic question and NOTHING ELSE.'}]
[2026-04-22 22:46:46,112] [INFO] [ABSTENTION RESPONSE]: Given the patient's presentation of progressive numbness and weakness in the right arm and leg, the most likely diagnosis is a neurological event, such as a stroke, spinal cord compression, or peripheral neuropathy. The question asks which drug is most likely to cause a specific laboratory change. Without knowing the patient's medications, it is impossible to definitively answer this question.

However, I can provide some possible causes of the patient's symptoms and associated laboratory changes.

*   **Stroke:** A stroke can cause a variety of neurological deficits, including weakness and numbness. Laboratory changes associated with stroke can include elevated creatinine kinase (CK), elevated liver enzymes, and changes in coagulation studies.
*   **Spinal cord compression:** Spinal cord compression can also cause weakness and numbness. Laboratory changes associated with spinal cord compression can include elevated inflammatory markers, such as C-reactive protein (CRP) and erythrocyte sedimentation rate (ESR).
*   **Peripheral neuropathy:** Peripheral neuropathy can cause numbness and weakness. Laboratory changes associated with peripheral neuropathy can include elevated creatine kinase (CK), elevated liver enzymes, and changes in coagulation studies.

Without knowing the patient's medications, it is impossible to definitively answer this question. Therefore, I will ask a specific atomic question to the patient.

[2026-04-22 22:46:46,112] [INFO] [IMPLICIT ABSTAIN RETURN]: abstain: False, confidence: 1.0, letter_choice: A, usage: {'input_tokens': 283, 'output_tokens': 256}, atomic_question: None

[2026-04-22 22:46:46,113] [INFO] [Expert System]: {'type': 'choice', 'question': None, 'letter_choice': 'A', 'confidence': 1.0, 'usage': {'input_tokens': 283, 'output_tokens': 256}}
[2026-04-22 22:46:46,113] [INFO] |||||||||||||||||||| Interaction ended for patient #58 | Predicted: A | GT: C | Correct: False ||||||||||||||||||||



[2026-04-22 22:46:46,113] [INFO] |||||||||||||||||||| PATIENT #59 | GT: C (Obsessive compulsive personality disorder) ||||||||||||||||||||
[2026-04-22 22:46:46,113] [INFO] ==================== Turn 1 ====================
[2026-04-22 22:46:46,113] [INFO] ++++++++++++++++++++ Start of Implicit Abstention [expert_basics.py:expert_response_choice_or_question()] ++++++++++++++++++++
[2026-04-22 22:46:46,113] [INFO] [<IMPLICIT ABSTAIN PROMPT>] [len(messages)=2] (messages[-1]):
A patient comes into the clinic presenting with a symptom as described in the conversation log below:
    
PATIENT INFORMATION: A 30-year-old male biology graduate student was dismissed from his PhD program after 8 years because he was not able to produce a thesis, claiming that his data was never exactly how he wanted it.
CONVERSATION LOG:
None
QUESTION: Which of the following disorders does this patient potentially suffer from?
OPTIONS: A: Schizoid personality disorder, B: Narcissistic personality disorder, C: Obsessive compulsive personality disorder, D: Paranoid personality disorder
YOUR TASK: Given the information so far, if you are confident to pick an option correctly and factually, respond with the letter choice and NOTHING ELSE. Otherwise, if you are not confident to pick an option and need more information, ask ONE SPECIFIC ATOMIC QUESTION to the patient. The question should be bite-sized, NOT ask for too much at once, and NOT repeat what has already been asked. In this case, respond with the atomic question and NOTHING ELSE.
[2026-04-22 22:46:46,113] [INFO] -------------------- Self-Consistency Iteration 1 --------------------
[2026-04-22 22:46:46,286] [INFO] [<IMPLICIT ABSTAIN LM RES>]: C

[2026-04-22 22:46:46,286] [INFO] [<IMPLICIT ABSTAIN PARSED>]: C
[2026-04-22 22:46:46,286] [INFO] [<IMPLICIT ABSTAIN RETURN>]: atomic_question: None, final_answer: C, conf_score: 1.0 ([1 : 0])
[2026-04-22 22:46:46,286] [INFO] [ABSTENTION PROMPT]: [{'role': 'system', 'content': 'You are a medical doctor trying to reason through a real-life clinical case. Based on your understanding of basic and clinical science, medical knowledge, and mechanisms underlying health, disease, patient care, and modes of therapy, respond according to the task specified by the user. Base your response on the current and standard practices referenced in medical guidelines.'}, {'role': 'user', 'content': 'A patient comes into the clinic presenting with a symptom as described in the conversation log below:\n    \nPATIENT INFORMATION: A 30-year-old male biology graduate student was dismissed from his PhD program after 8 years because he was not able to produce a thesis, claiming that his data was never exactly how he wanted it.\nCONVERSATION LOG:\nNone\nQUESTION: Which of the following disorders does this patient potentially suffer from?\nOPTIONS: A: Schizoid personality disorder, B: Narcissistic personality disorder, C: Obsessive compulsive personality disorder, D: Paranoid personality disorder\nYOUR TASK: Given the information so far, if you are confident to pick an option correctly and factually, respond with the letter choice and NOTHING ELSE. Otherwise, if you are not confident to pick an option and need more information, ask ONE SPECIFIC ATOMIC QUESTION to the patient. The question should be bite-sized, NOT ask for too much at once, and NOT repeat what has already been asked. In this case, respond with the atomic question and NOTHING ELSE.'}]
[2026-04-22 22:46:46,286] [INFO] [ABSTENTION RESPONSE]: C


[2026-04-22 22:46:46,286] [INFO] [IMPLICIT ABSTAIN RETURN]: abstain: False, confidence: 1.0, letter_choice: C, usage: {'input_tokens': 300, 'output_tokens': 3}, atomic_question: None

[2026-04-22 22:46:46,286] [INFO] [Expert System]: {'type': 'choice', 'question': None, 'letter_choice': 'C', 'confidence': 1.0, 'usage': {'input_tokens': 300, 'output_tokens': 3}}
[2026-04-22 22:46:46,286] [INFO] |||||||||||||||||||| Interaction ended for patient #59 | Predicted: C | GT: C | Correct: True ||||||||||||||||||||



[2026-04-22 22:46:46,286] [INFO] |||||||||||||||||||| PATIENT #60 | GT: C (Alpha-fetoprotein (AFP)) ||||||||||||||||||||
[2026-04-22 22:46:46,286] [INFO] ==================== Turn 1 ====================
[2026-04-22 22:46:46,286] [INFO] ++++++++++++++++++++ Start of Implicit Abstention [expert_basics.py:expert_response_choice_or_question()] ++++++++++++++++++++
[2026-04-22 22:46:46,286] [INFO] [<IMPLICIT ABSTAIN PROMPT>] [len(messages)=2] (messages[-1]):
A patient comes into the clinic presenting with a symptom as described in the conversation log below:
    
PATIENT INFORMATION: A 62-year-old male presents to his primary care physician complaining of an unintended 10-pound weight loss over the last 4 months.
CONVERSATION LOG:
None
QUESTION: Which of the following serum markers is most strongly associated with this patient’s condition?
OPTIONS: A: Carcinoembryonic antigen (CEA), B: Cancer antigen 19-9 (CA 19-9), C: Alpha-fetoprotein (AFP), D: Beta-human chorionic gonadotropin (ß-HCG)
YOUR TASK: Given the information so far, if you are confident to pick an option correctly and factually, respond with the letter choice and NOTHING ELSE. Otherwise, if you are not confident to pick an option and need more information, ask ONE SPECIFIC ATOMIC QUESTION to the patient. The question should be bite-sized, NOT ask for too much at once, and NOT repeat what has already been asked. In this case, respond with the atomic question and NOTHING ELSE.
[2026-04-22 22:46:46,286] [INFO] -------------------- Self-Consistency Iteration 1 --------------------
[2026-04-22 22:46:46,460] [INFO] [<IMPLICIT ABSTAIN LM RES>]: A

[2026-04-22 22:46:46,460] [INFO] [<IMPLICIT ABSTAIN PARSED>]: A
[2026-04-22 22:46:46,460] [INFO] [<IMPLICIT ABSTAIN RETURN>]: atomic_question: None, final_answer: A, conf_score: 1.0 ([1 : 0])
[2026-04-22 22:46:46,460] [INFO] [ABSTENTION PROMPT]: [{'role': 'system', 'content': 'You are a medical doctor trying to reason through a real-life clinical case. Based on your understanding of basic and clinical science, medical knowledge, and mechanisms underlying health, disease, patient care, and modes of therapy, respond according to the task specified by the user. Base your response on the current and standard practices referenced in medical guidelines.'}, {'role': 'user', 'content': 'A patient comes into the clinic presenting with a symptom as described in the conversation log below:\n    \nPATIENT INFORMATION: A 62-year-old male presents to his primary care physician complaining of an unintended 10-pound weight loss over the last 4 months.\nCONVERSATION LOG:\nNone\nQUESTION: Which of the following serum markers is most strongly associated with this patient’s condition?\nOPTIONS: A: Carcinoembryonic antigen (CEA), B: Cancer antigen 19-9 (CA 19-9), C: Alpha-fetoprotein (AFP), D: Beta-human chorionic gonadotropin (ß-HCG)\nYOUR TASK: Given the information so far, if you are confident to pick an option correctly and factually, respond with the letter choice and NOTHING ELSE. Otherwise, if you are not confident to pick an option and need more information, ask ONE SPECIFIC ATOMIC QUESTION to the patient. The question should be bite-sized, NOT ask for too much at once, and NOT repeat what has already been asked. In this case, respond with the atomic question and NOTHING ELSE.'}]
[2026-04-22 22:46:46,460] [INFO] [ABSTENTION RESPONSE]: A


[2026-04-22 22:46:46,460] [INFO] [IMPLICIT ABSTAIN RETURN]: abstain: False, confidence: 1.0, letter_choice: A, usage: {'input_tokens': 316, 'output_tokens': 3}, atomic_question: None

[2026-04-22 22:46:46,460] [INFO] [Expert System]: {'type': 'choice', 'question': None, 'letter_choice': 'A', 'confidence': 1.0, 'usage': {'input_tokens': 316, 'output_tokens': 3}}
[2026-04-22 22:46:46,460] [INFO] |||||||||||||||||||| Interaction ended for patient #60 | Predicted: A | GT: C | Correct: False ||||||||||||||||||||



[2026-04-22 22:46:46,460] [INFO] |||||||||||||||||||| PATIENT #61 | GT: C (Cross-sectional study) ||||||||||||||||||||
[2026-04-22 22:46:46,461] [INFO] ==================== Turn 1 ====================
[2026-04-22 22:46:46,461] [INFO] ++++++++++++++++++++ Start of Implicit Abstention [expert_basics.py:expert_response_choice_or_question()] ++++++++++++++++++++
[2026-04-22 22:46:46,461] [INFO] [<IMPLICIT ABSTAIN PROMPT>] [len(messages)=2] (messages[-1]):
A patient comes into the clinic presenting with a symptom as described in the conversation log below:
    
PATIENT INFORMATION: A research group designed a study to investigate the epidemiology of syphilis in the United States.
CONVERSATION LOG:
None
QUESTION: This study is best described as which of the following?
OPTIONS: A: Single-blind clinical trial, B: Double-blind clinical trial, C: Cross-sectional study, D: Case-control study
YOUR TASK: Given the information so far, if you are confident to pick an option correctly and factually, respond with the letter choice and NOTHING ELSE. Otherwise, if you are not confident to pick an option and need more information, ask ONE SPECIFIC ATOMIC QUESTION to the patient. The question should be bite-sized, NOT ask for too much at once, and NOT repeat what has already been asked. In this case, respond with the atomic question and NOTHING ELSE.
[2026-04-22 22:46:46,461] [INFO] -------------------- Self-Consistency Iteration 1 --------------------
[2026-04-22 22:46:46,632] [INFO] [<IMPLICIT ABSTAIN LM RES>]: C

[2026-04-22 22:46:46,632] [INFO] [<IMPLICIT ABSTAIN PARSED>]: C
[2026-04-22 22:46:46,632] [INFO] [<IMPLICIT ABSTAIN RETURN>]: atomic_question: None, final_answer: C, conf_score: 1.0 ([1 : 0])
[2026-04-22 22:46:46,632] [INFO] [ABSTENTION PROMPT]: [{'role': 'system', 'content': 'You are a medical doctor trying to reason through a real-life clinical case. Based on your understanding of basic and clinical science, medical knowledge, and mechanisms underlying health, disease, patient care, and modes of therapy, respond according to the task specified by the user. Base your response on the current and standard practices referenced in medical guidelines.'}, {'role': 'user', 'content': 'A patient comes into the clinic presenting with a symptom as described in the conversation log below:\n    \nPATIENT INFORMATION: A research group designed a study to investigate the epidemiology of syphilis in the United States.\nCONVERSATION LOG:\nNone\nQUESTION: This study is best described as which of the following?\nOPTIONS: A: Single-blind clinical trial, B: Double-blind clinical trial, C: Cross-sectional study, D: Case-control study\nYOUR TASK: Given the information so far, if you are confident to pick an option correctly and factually, respond with the letter choice and NOTHING ELSE. Otherwise, if you are not confident to pick an option and need more information, ask ONE SPECIFIC ATOMIC QUESTION to the patient. The question should be bite-sized, NOT ask for too much at once, and NOT repeat what has already been asked. In this case, respond with the atomic question and NOTHING ELSE.'}]
[2026-04-22 22:46:46,632] [INFO] [ABSTENTION RESPONSE]: C


[2026-04-22 22:46:46,633] [INFO] [IMPLICIT ABSTAIN RETURN]: abstain: False, confidence: 1.0, letter_choice: C, usage: {'input_tokens': 271, 'output_tokens': 3}, atomic_question: None

[2026-04-22 22:46:46,633] [INFO] [Expert System]: {'type': 'choice', 'question': None, 'letter_choice': 'C', 'confidence': 1.0, 'usage': {'input_tokens': 271, 'output_tokens': 3}}
[2026-04-22 22:46:46,633] [INFO] |||||||||||||||||||| Interaction ended for patient #61 | Predicted: C | GT: C | Correct: True ||||||||||||||||||||



[2026-04-22 22:46:46,633] [INFO] |||||||||||||||||||| PATIENT #62 | GT: B (Cefotaxime) ||||||||||||||||||||
[2026-04-22 22:46:46,633] [INFO] ==================== Turn 1 ====================
[2026-04-22 22:46:46,633] [INFO] ++++++++++++++++++++ Start of Implicit Abstention [expert_basics.py:expert_response_choice_or_question()] ++++++++++++++++++++
[2026-04-22 22:46:46,633] [INFO] [<IMPLICIT ABSTAIN PROMPT>] [len(messages)=2] (messages[-1]):
A patient comes into the clinic presenting with a symptom as described in the conversation log below:
    
PATIENT INFORMATION: A 56-year-old African American male presents with altered mental status, abdominal pain, and a fever of 100.4F.
CONVERSATION LOG:
None
QUESTION: Which of the following is the best treatment for this patient’s condition while waiting for the ascitic fluid culture results?
OPTIONS: A: Nadolol, B: Cefotaxime, C: Penicillin, D: Gentamicin
YOUR TASK: Given the information so far, if you are confident to pick an option correctly and factually, respond with the letter choice and NOTHING ELSE. Otherwise, if you are not confident to pick an option and need more information, ask ONE SPECIFIC ATOMIC QUESTION to the patient. The question should be bite-sized, NOT ask for too much at once, and NOT repeat what has already been asked. In this case, respond with the atomic question and NOTHING ELSE.
[2026-04-22 22:46:46,633] [INFO] -------------------- Self-Consistency Iteration 1 --------------------
[2026-04-22 22:46:46,805] [INFO] [<IMPLICIT ABSTAIN LM RES>]: B

[2026-04-22 22:46:46,806] [INFO] [<IMPLICIT ABSTAIN PARSED>]: B
[2026-04-22 22:46:46,806] [INFO] [<IMPLICIT ABSTAIN RETURN>]: atomic_question: None, final_answer: B, conf_score: 1.0 ([1 : 0])
[2026-04-22 22:46:46,806] [INFO] [ABSTENTION PROMPT]: [{'role': 'system', 'content': 'You are a medical doctor trying to reason through a real-life clinical case. Based on your understanding of basic and clinical science, medical knowledge, and mechanisms underlying health, disease, patient care, and modes of therapy, respond according to the task specified by the user. Base your response on the current and standard practices referenced in medical guidelines.'}, {'role': 'user', 'content': 'A patient comes into the clinic presenting with a symptom as described in the conversation log below:\n    \nPATIENT INFORMATION: A 56-year-old African American male presents with altered mental status, abdominal pain, and a fever of 100.4F.\nCONVERSATION LOG:\nNone\nQUESTION: Which of the following is the best treatment for this patient’s condition while waiting for the ascitic fluid culture results?\nOPTIONS: A: Nadolol, B: Cefotaxime, C: Penicillin, D: Gentamicin\nYOUR TASK: Given the information so far, if you are confident to pick an option correctly and factually, respond with the letter choice and NOTHING ELSE. Otherwise, if you are not confident to pick an option and need more information, ask ONE SPECIFIC ATOMIC QUESTION to the patient. The question should be bite-sized, NOT ask for too much at once, and NOT repeat what has already been asked. In this case, respond with the atomic question and NOTHING ELSE.'}]
[2026-04-22 22:46:46,806] [INFO] [ABSTENTION RESPONSE]: B


[2026-04-22 22:46:46,806] [INFO] [IMPLICIT ABSTAIN RETURN]: abstain: False, confidence: 1.0, letter_choice: B, usage: {'input_tokens': 293, 'output_tokens': 3}, atomic_question: None

[2026-04-22 22:46:46,806] [INFO] [Expert System]: {'type': 'choice', 'question': None, 'letter_choice': 'B', 'confidence': 1.0, 'usage': {'input_tokens': 293, 'output_tokens': 3}}
[2026-04-22 22:46:46,806] [INFO] |||||||||||||||||||| Interaction ended for patient #62 | Predicted: B | GT: B | Correct: True ||||||||||||||||||||



[2026-04-22 22:46:46,806] [INFO] |||||||||||||||||||| PATIENT #63 | GT: D (Microhematuria) ||||||||||||||||||||
[2026-04-22 22:46:46,806] [INFO] ==================== Turn 1 ====================
[2026-04-22 22:46:46,806] [INFO] ++++++++++++++++++++ Start of Implicit Abstention [expert_basics.py:expert_response_choice_or_question()] ++++++++++++++++++++
[2026-04-22 22:46:46,806] [INFO] [<IMPLICIT ABSTAIN PROMPT>] [len(messages)=2] (messages[-1]):
A patient comes into the clinic presenting with a symptom as described in the conversation log below:
    
PATIENT INFORMATION: A 4-year-old boy who recently emigrated from Ghana is brought to the physician because of a 5-day history of pain and swelling in his hands.
CONVERSATION LOG:
None
QUESTION: Which of the following additional findings is most likely in this patient?
OPTIONS: A: Coronary artery aneurysm, B: Hyperuricemia, C: Thickened heart valves, D: Microhematuria
YOUR TASK: Given the information so far, if you are confident to pick an option correctly and factually, respond with the letter choice and NOTHING ELSE. Otherwise, if you are not confident to pick an option and need more information, ask ONE SPECIFIC ATOMIC QUESTION to the patient. The question should be bite-sized, NOT ask for too much at once, and NOT repeat what has already been asked. In this case, respond with the atomic question and NOTHING ELSE.
[2026-04-22 22:46:46,806] [INFO] -------------------- Self-Consistency Iteration 1 --------------------
[2026-04-22 22:46:46,978] [INFO] [<IMPLICIT ABSTAIN LM RES>]: B

[2026-04-22 22:46:46,978] [INFO] [<IMPLICIT ABSTAIN PARSED>]: B
[2026-04-22 22:46:46,978] [INFO] [<IMPLICIT ABSTAIN RETURN>]: atomic_question: None, final_answer: B, conf_score: 1.0 ([1 : 0])
[2026-04-22 22:46:46,978] [INFO] [ABSTENTION PROMPT]: [{'role': 'system', 'content': 'You are a medical doctor trying to reason through a real-life clinical case. Based on your understanding of basic and clinical science, medical knowledge, and mechanisms underlying health, disease, patient care, and modes of therapy, respond according to the task specified by the user. Base your response on the current and standard practices referenced in medical guidelines.'}, {'role': 'user', 'content': 'A patient comes into the clinic presenting with a symptom as described in the conversation log below:\n    \nPATIENT INFORMATION: A 4-year-old boy who recently emigrated from Ghana is brought to the physician because of a 5-day history of pain and swelling in his hands.\nCONVERSATION LOG:\nNone\nQUESTION: Which of the following additional findings is most likely in this patient?\nOPTIONS: A: Coronary artery aneurysm, B: Hyperuricemia, C: Thickened heart valves, D: Microhematuria\nYOUR TASK: Given the information so far, if you are confident to pick an option correctly and factually, respond with the letter choice and NOTHING ELSE. Otherwise, if you are not confident to pick an option and need more information, ask ONE SPECIFIC ATOMIC QUESTION to the patient. The question should be bite-sized, NOT ask for too much at once, and NOT repeat what has already been asked. In this case, respond with the atomic question and NOTHING ELSE.'}]
[2026-04-22 22:46:46,978] [INFO] [ABSTENTION RESPONSE]: B


[2026-04-22 22:46:46,978] [INFO] [IMPLICIT ABSTAIN RETURN]: abstain: False, confidence: 1.0, letter_choice: B, usage: {'input_tokens': 286, 'output_tokens': 3}, atomic_question: None

[2026-04-22 22:46:46,978] [INFO] [Expert System]: {'type': 'choice', 'question': None, 'letter_choice': 'B', 'confidence': 1.0, 'usage': {'input_tokens': 286, 'output_tokens': 3}}
[2026-04-22 22:46:46,978] [INFO] |||||||||||||||||||| Interaction ended for patient #63 | Predicted: B | GT: D | Correct: False ||||||||||||||||||||



[2026-04-22 22:46:46,978] [INFO] |||||||||||||||||||| PATIENT #64 | GT: B (Deposition of antigen-antibody complexes) ||||||||||||||||||||
[2026-04-22 22:46:46,978] [INFO] ==================== Turn 1 ====================
[2026-04-22 22:46:46,978] [INFO] ++++++++++++++++++++ Start of Implicit Abstention [expert_basics.py:expert_response_choice_or_question()] ++++++++++++++++++++
[2026-04-22 22:46:46,978] [INFO] [<IMPLICIT ABSTAIN PROMPT>] [len(messages)=2] (messages[-1]):
A patient comes into the clinic presenting with a symptom as described in the conversation log below:
    
PATIENT INFORMATION: A 47-year-old woman is admitted to the hospital because of a 2-week history of low-grade fever, fatigue, and a 3-kg (6.6-lb) weight loss.
CONVERSATION LOG:
None
QUESTION: Which of the following is the most likely explanation for the laboratory findings in this patient?
OPTIONS: A: Occlusion of renal arteries by cholesterol crystals, B: Deposition of antigen-antibody complexes, C: Intravascular fragmentation of red blood cells, D: Hypersensitivity to penicillin haptens
YOUR TASK: Given the information so far, if you are confident to pick an option correctly and factually, respond with the letter choice and NOTHING ELSE. Otherwise, if you are not confident to pick an option and need more information, ask ONE SPECIFIC ATOMIC QUESTION to the patient. The question should be bite-sized, NOT ask for too much at once, and NOT repeat what has already been asked. In this case, respond with the atomic question and NOTHING ELSE.
[2026-04-22 22:46:46,978] [INFO] -------------------- Self-Consistency Iteration 1 --------------------
[2026-04-22 22:46:47,156] [INFO] [<IMPLICIT ABSTAIN LM RES>]: B

[2026-04-22 22:46:47,156] [INFO] [<IMPLICIT ABSTAIN PARSED>]: B
[2026-04-22 22:46:47,156] [INFO] [<IMPLICIT ABSTAIN RETURN>]: atomic_question: None, final_answer: B, conf_score: 1.0 ([1 : 0])
[2026-04-22 22:46:47,156] [INFO] [ABSTENTION PROMPT]: [{'role': 'system', 'content': 'You are a medical doctor trying to reason through a real-life clinical case. Based on your understanding of basic and clinical science, medical knowledge, and mechanisms underlying health, disease, patient care, and modes of therapy, respond according to the task specified by the user. Base your response on the current and standard practices referenced in medical guidelines.'}, {'role': 'user', 'content': 'A patient comes into the clinic presenting with a symptom as described in the conversation log below:\n    \nPATIENT INFORMATION: A 47-year-old woman is admitted to the hospital because of a 2-week history of low-grade fever, fatigue, and a 3-kg (6.6-lb) weight loss.\nCONVERSATION LOG:\nNone\nQUESTION: Which of the following is the most likely explanation for the laboratory findings in this patient?\nOPTIONS: A: Occlusion of renal arteries by cholesterol crystals, B: Deposition of antigen-antibody complexes, C: Intravascular fragmentation of red blood cells, D: Hypersensitivity to penicillin haptens\nYOUR TASK: Given the information so far, if you are confident to pick an option correctly and factually, respond with the letter choice and NOTHING ELSE. Otherwise, if you are not confident to pick an option and need more information, ask ONE SPECIFIC ATOMIC QUESTION to the patient. The question should be bite-sized, NOT ask for too much at once, and NOT repeat what has already been asked. In this case, respond with the atomic question and NOTHING ELSE.'}]
[2026-04-22 22:46:47,156] [INFO] [ABSTENTION RESPONSE]: B


[2026-04-22 22:46:47,156] [INFO] [IMPLICIT ABSTAIN RETURN]: abstain: False, confidence: 1.0, letter_choice: B, usage: {'input_tokens': 319, 'output_tokens': 3}, atomic_question: None

[2026-04-22 22:46:47,156] [INFO] [Expert System]: {'type': 'choice', 'question': None, 'letter_choice': 'B', 'confidence': 1.0, 'usage': {'input_tokens': 319, 'output_tokens': 3}}
[2026-04-22 22:46:47,156] [INFO] |||||||||||||||||||| Interaction ended for patient #64 | Predicted: B | GT: B | Correct: True ||||||||||||||||||||



[2026-04-22 22:46:47,156] [INFO] |||||||||||||||||||| PATIENT #65 | GT: D (L4) ||||||||||||||||||||
[2026-04-22 22:46:47,156] [INFO] ==================== Turn 1 ====================
[2026-04-22 22:46:47,156] [INFO] ++++++++++++++++++++ Start of Implicit Abstention [expert_basics.py:expert_response_choice_or_question()] ++++++++++++++++++++
[2026-04-22 22:46:47,156] [INFO] [<IMPLICIT ABSTAIN PROMPT>] [len(messages)=2] (messages[-1]):
A patient comes into the clinic presenting with a symptom as described in the conversation log below:
    
PATIENT INFORMATION: A 36-year-old woman comes to the physician because of a 2-month history of progressively worsening lower back pain and weakness in the lower extremities.
CONVERSATION LOG:
None
QUESTION: Which of the following nerve roots is most likely to be affected in this patient?
OPTIONS: A: S2, B: S1, C: L3, D: L4
YOUR TASK: Given the information so far, if you are confident to pick an option correctly and factually, respond with the letter choice and NOTHING ELSE. Otherwise, if you are not confident to pick an option and need more information, ask ONE SPECIFIC ATOMIC QUESTION to the patient. The question should be bite-sized, NOT ask for too much at once, and NOT repeat what has already been asked. In this case, respond with the atomic question and NOTHING ELSE.
[2026-04-22 22:46:47,156] [INFO] -------------------- Self-Consistency Iteration 1 --------------------
[2026-04-22 22:46:47,328] [INFO] [<IMPLICIT ABSTAIN LM RES>]: B

[2026-04-22 22:46:47,328] [INFO] [<IMPLICIT ABSTAIN PARSED>]: B
[2026-04-22 22:46:47,328] [INFO] [<IMPLICIT ABSTAIN RETURN>]: atomic_question: None, final_answer: B, conf_score: 1.0 ([1 : 0])
[2026-04-22 22:46:47,328] [INFO] [ABSTENTION PROMPT]: [{'role': 'system', 'content': 'You are a medical doctor trying to reason through a real-life clinical case. Based on your understanding of basic and clinical science, medical knowledge, and mechanisms underlying health, disease, patient care, and modes of therapy, respond according to the task specified by the user. Base your response on the current and standard practices referenced in medical guidelines.'}, {'role': 'user', 'content': 'A patient comes into the clinic presenting with a symptom as described in the conversation log below:\n    \nPATIENT INFORMATION: A 36-year-old woman comes to the physician because of a 2-month history of progressively worsening lower back pain and weakness in the lower extremities.\nCONVERSATION LOG:\nNone\nQUESTION: Which of the following nerve roots is most likely to be affected in this patient?\nOPTIONS: A: S2, B: S1, C: L3, D: L4\nYOUR TASK: Given the information so far, if you are confident to pick an option correctly and factually, respond with the letter choice and NOTHING ELSE. Otherwise, if you are not confident to pick an option and need more information, ask ONE SPECIFIC ATOMIC QUESTION to the patient. The question should be bite-sized, NOT ask for too much at once, and NOT repeat what has already been asked. In this case, respond with the atomic question and NOTHING ELSE.'}]
[2026-04-22 22:46:47,328] [INFO] [ABSTENTION RESPONSE]: B


[2026-04-22 22:46:47,328] [INFO] [IMPLICIT ABSTAIN RETURN]: abstain: False, confidence: 1.0, letter_choice: B, usage: {'input_tokens': 283, 'output_tokens': 3}, atomic_question: None

[2026-04-22 22:46:47,328] [INFO] [Expert System]: {'type': 'choice', 'question': None, 'letter_choice': 'B', 'confidence': 1.0, 'usage': {'input_tokens': 283, 'output_tokens': 3}}
[2026-04-22 22:46:47,328] [INFO] |||||||||||||||||||| Interaction ended for patient #65 | Predicted: B | GT: D | Correct: False ||||||||||||||||||||



[2026-04-22 22:46:47,328] [INFO] |||||||||||||||||||| PATIENT #66 | GT: D (Urine chloride concentration) ||||||||||||||||||||
[2026-04-22 22:46:47,328] [INFO] ==================== Turn 1 ====================
[2026-04-22 22:46:47,328] [INFO] ++++++++++++++++++++ Start of Implicit Abstention [expert_basics.py:expert_response_choice_or_question()] ++++++++++++++++++++
[2026-04-22 22:46:47,328] [INFO] [<IMPLICIT ABSTAIN PROMPT>] [len(messages)=2] (messages[-1]):
A patient comes into the clinic presenting with a symptom as described in the conversation log below:
    
PATIENT INFORMATION: A 24-year-old primigravid woman at 8 weeks' gestation is brought to the emergency department because of a 5-day history of nausea and vomiting.
CONVERSATION LOG:
None
QUESTION: Arterial blood gas analysis on room air shows: | pH 7.56 | PCO2 40 mm Hg | PO2 94 mm Hg | HCO3- 30 mEq/L | Measurement of which of the following is the most appropriate next step in diagnosis?"
OPTIONS: A: Serum osmolal gap, B: Serum anion gap, C: Urine albumin to urine creatinine ratio, D: Urine chloride concentration
YOUR TASK: Given the information so far, if you are confident to pick an option correctly and factually, respond with the letter choice and NOTHING ELSE. Otherwise, if you are not confident to pick an option and need more information, ask ONE SPECIFIC ATOMIC QUESTION to the patient. The question should be bite-sized, NOT ask for too much at once, and NOT repeat what has already been asked. In this case, respond with the atomic question and NOTHING ELSE.
[2026-04-22 22:46:47,328] [INFO] -------------------- Self-Consistency Iteration 1 --------------------
[2026-04-22 22:46:47,506] [INFO] [<IMPLICIT ABSTAIN LM RES>]: A

[2026-04-22 22:46:47,506] [INFO] [<IMPLICIT ABSTAIN PARSED>]: A
[2026-04-22 22:46:47,506] [INFO] [<IMPLICIT ABSTAIN RETURN>]: atomic_question: None, final_answer: A, conf_score: 1.0 ([1 : 0])
[2026-04-22 22:46:47,506] [INFO] [ABSTENTION PROMPT]: [{'role': 'system', 'content': 'You are a medical doctor trying to reason through a real-life clinical case. Based on your understanding of basic and clinical science, medical knowledge, and mechanisms underlying health, disease, patient care, and modes of therapy, respond according to the task specified by the user. Base your response on the current and standard practices referenced in medical guidelines.'}, {'role': 'user', 'content': 'A patient comes into the clinic presenting with a symptom as described in the conversation log below:\n    \nPATIENT INFORMATION: A 24-year-old primigravid woman at 8 weeks\' gestation is brought to the emergency department because of a 5-day history of nausea and vomiting.\nCONVERSATION LOG:\nNone\nQUESTION: Arterial blood gas analysis on room air shows: | pH 7.56 | PCO2 40 mm Hg | PO2 94 mm Hg | HCO3- 30 mEq/L | Measurement of which of the following is the most appropriate next step in diagnosis?"\nOPTIONS: A: Serum osmolal gap, B: Serum anion gap, C: Urine albumin to urine creatinine ratio, D: Urine chloride concentration\nYOUR TASK: Given the information so far, if you are confident to pick an option correctly and factually, respond with the letter choice and NOTHING ELSE. Otherwise, if you are not confident to pick an option and need more information, ask ONE SPECIFIC ATOMIC QUESTION to the patient. The question should be bite-sized, NOT ask for too much at once, and NOT repeat what has already been asked. In this case, respond with the atomic question and NOTHING ELSE.'}]
[2026-04-22 22:46:47,507] [INFO] [ABSTENTION RESPONSE]: A


[2026-04-22 22:46:47,507] [INFO] [IMPLICIT ABSTAIN RETURN]: abstain: False, confidence: 1.0, letter_choice: A, usage: {'input_tokens': 341, 'output_tokens': 3}, atomic_question: None

[2026-04-22 22:46:47,507] [INFO] [Expert System]: {'type': 'choice', 'question': None, 'letter_choice': 'A', 'confidence': 1.0, 'usage': {'input_tokens': 341, 'output_tokens': 3}}
[2026-04-22 22:46:47,507] [INFO] |||||||||||||||||||| Interaction ended for patient #66 | Predicted: A | GT: D | Correct: False ||||||||||||||||||||



[2026-04-22 22:46:47,507] [INFO] |||||||||||||||||||| PATIENT #67 | GT: A (Hepatitis A vaccination) ||||||||||||||||||||
[2026-04-22 22:46:47,507] [INFO] ==================== Turn 1 ====================
[2026-04-22 22:46:47,507] [INFO] ++++++++++++++++++++ Start of Implicit Abstention [expert_basics.py:expert_response_choice_or_question()] ++++++++++++++++++++
[2026-04-22 22:46:47,507] [INFO] [<IMPLICIT ABSTAIN PROMPT>] [len(messages)=2] (messages[-1]):
A patient comes into the clinic presenting with a symptom as described in the conversation log below:
    
PATIENT INFORMATION: A 34-year-old pregnant woman, gravida 2, para 0, at 28 weeks of gestation presents to the physician for a prenatal visit.
CONVERSATION LOG:
None
QUESTION: Which of the following is the most appropriate recommendation at this time?
OPTIONS: A: Hepatitis A vaccination, B: Plan to formula feed the newborn, C: Start combination therapy with interferon α and ribavirin, D: Undergo liver biopsy
YOUR TASK: Given the information so far, if you are confident to pick an option correctly and factually, respond with the letter choice and NOTHING ELSE. Otherwise, if you are not confident to pick an option and need more information, ask ONE SPECIFIC ATOMIC QUESTION to the patient. The question should be bite-sized, NOT ask for too much at once, and NOT repeat what has already been asked. In this case, respond with the atomic question and NOTHING ELSE.
[2026-04-22 22:46:47,507] [INFO] -------------------- Self-Consistency Iteration 1 --------------------
[2026-04-22 22:46:48,701] [INFO] [<IMPLICIT ABSTAIN LM RES>]: I am not confident in selecting the most appropriate recommendation based on the information provided.

What is the patient's reason for presenting to the clinic today?

[2026-04-22 22:46:48,701] [INFO] [<IMPLICIT ABSTAIN PARSED>]: What is the patients reason for presenting to the clinic today?
[2026-04-22 22:46:48,701] [INFO] [<IMPLICIT ABSTAIN RETURN>]: atomic_question: What is the patients reason for presenting to the clinic today?, final_answer: None, conf_score: 0.0 ([0 : 1])
[2026-04-22 22:46:48,701] [INFO] [ABSTENTION PROMPT]: [{'role': 'system', 'content': 'You are a medical doctor trying to reason through a real-life clinical case. Based on your understanding of basic and clinical science, medical knowledge, and mechanisms underlying health, disease, patient care, and modes of therapy, respond according to the task specified by the user. Base your response on the current and standard practices referenced in medical guidelines.'}, {'role': 'user', 'content': 'A patient comes into the clinic presenting with a symptom as described in the conversation log below:\n    \nPATIENT INFORMATION: A 34-year-old pregnant woman, gravida 2, para 0, at 28 weeks of gestation presents to the physician for a prenatal visit.\nCONVERSATION LOG:\nNone\nQUESTION: Which of the following is the most appropriate recommendation at this time?\nOPTIONS: A: Hepatitis A vaccination, B: Plan to formula feed the newborn, C: Start combination therapy with interferon α and ribavirin, D: Undergo liver biopsy\nYOUR TASK: Given the information so far, if you are confident to pick an option correctly and factually, respond with the letter choice and NOTHING ELSE. Otherwise, if you are not confident to pick an option and need more information, ask ONE SPECIFIC ATOMIC QUESTION to the patient. The question should be bite-sized, NOT ask for too much at once, and NOT repeat what has already been asked. In this case, respond with the atomic question and NOTHING ELSE.'}]
[2026-04-22 22:46:48,701] [INFO] [ABSTENTION RESPONSE]: I am not confident in selecting the most appropriate recommendation based on the information provided.

What is the patient's reason for presenting to the clinic today?


[2026-04-22 22:46:48,701] [INFO] ++++++++++++++++++++ Start of Multiple Chocie Decision [expert_basics.py:expert_response_choice()] ++++++++++++++++++++
[2026-04-22 22:46:48,701] [INFO] [<CHOICE PROMPT>] [len(messages)=2] (messages[-1]):
A patient comes into the clinic presenting with a symptom as described in the conversation log below:
    
PATIENT INFORMATION: A 34-year-old pregnant woman, gravida 2, para 0, at 28 weeks of gestation presents to the physician for a prenatal visit.
CONVERSATION LOG:
None
QUESTION: Which of the following is the most appropriate recommendation at this time?
OPTIONS: A: Hepatitis A vaccination, B: Plan to formula feed the newborn, C: Start combination therapy with interferon α and ribavirin, D: Undergo liver biopsy
YOUR TASK: Assume that you already have enough information from the above question-answer pairs to answer the patient inquiry, use the above information to produce a factual conclusion. Respond with the correct letter choice (A, B, C, or D) and NOTHING ELSE.
LETTER CHOICE: 
[2026-04-22 22:46:48,879] [INFO] [<CHOICE LM RES>]: A

[2026-04-22 22:46:48,879] [INFO] [<CHOICE PARSED>]: A
[2026-04-22 22:46:48,879] [INFO] [IMPLICIT ABSTAIN RETURN]: abstain: True, confidence: 0.0, letter_choice: A, usage: {'input_tokens': 553, 'output_tokens': 36}, atomic_question: What is the patients reason for presenting to the clinic today?

[2026-04-22 22:46:48,879] [INFO] [Expert System]: {'type': 'question', 'question': 'What is the patients reason for presenting to the clinic today?', 'letter_choice': 'A', 'confidence': 0.0, 'usage': {'input_tokens': 553, 'output_tokens': 36}}
[2026-04-22 22:46:49,533] [INFO] [Patient System]: The patient cannot answer this question, please do not ask this question again.

[2026-04-22 22:46:49,533] [INFO] ==================== Turn 2 ====================
[2026-04-22 22:46:49,533] [INFO] ++++++++++++++++++++ Start of Implicit Abstention [expert_basics.py:expert_response_choice_or_question()] ++++++++++++++++++++
[2026-04-22 22:46:49,533] [INFO] [<IMPLICIT ABSTAIN PROMPT>] [len(messages)=2] (messages[-1]):
A patient comes into the clinic presenting with a symptom as described in the conversation log below:
    
PATIENT INFORMATION: A 34-year-old pregnant woman, gravida 2, para 0, at 28 weeks of gestation presents to the physician for a prenatal visit.
CONVERSATION LOG:
Doctor Question: What is the patients reason for presenting to the clinic today?
Patient Response: The patient cannot answer this question, please do not ask this question again.

QUESTION: Which of the following is the most appropriate recommendation at this time?
OPTIONS: A: Hepatitis A vaccination, B: Plan to formula feed the newborn, C: Start combination therapy with interferon α and ribavirin, D: Undergo liver biopsy
YOUR TASK: Given the information so far, if you are confident to pick an option correctly and factually, respond with the letter choice and NOTHING ELSE. Otherwise, if you are not confident to pick an option and need more information, ask ONE SPECIFIC ATOMIC QUESTION to the patient. The question should be bite-sized, NOT ask for too much at once, and NOT repeat what has already been asked. In this case, respond with the atomic question and NOTHING ELSE.
[2026-04-22 22:46:49,533] [INFO] -------------------- Self-Consistency Iteration 1 --------------------
[2026-04-22 22:46:50,051] [INFO] [<IMPLICIT ABSTAIN LM RES>]: I am unable to answer this question without more information.

[2026-04-22 22:46:50,051] [ERROR] can't parse choice: I am unable to answer this question without more information.

[2026-04-22 22:46:50,051] [INFO] [<IMPLICIT ABSTAIN SC-PARSED>]: No response.
[2026-04-22 22:46:50,051] [INFO] [ABSTENTION PROMPT]: [{'role': 'system', 'content': 'You are a medical doctor trying to reason through a real-life clinical case. Based on your understanding of basic and clinical science, medical knowledge, and mechanisms underlying health, disease, patient care, and modes of therapy, respond according to the task specified by the user. Base your response on the current and standard practices referenced in medical guidelines.'}, {'role': 'user', 'content': 'A patient comes into the clinic presenting with a symptom as described in the conversation log below:\n    \nPATIENT INFORMATION: A 34-year-old pregnant woman, gravida 2, para 0, at 28 weeks of gestation presents to the physician for a prenatal visit.\nCONVERSATION LOG:\nDoctor Question: What is the patients reason for presenting to the clinic today?\nPatient Response: The patient cannot answer this question, please do not ask this question again.\n\nQUESTION: Which of the following is the most appropriate recommendation at this time?\nOPTIONS: A: Hepatitis A vaccination, B: Plan to formula feed the newborn, C: Start combination therapy with interferon α and ribavirin, D: Undergo liver biopsy\nYOUR TASK: Given the information so far, if you are confident to pick an option correctly and factually, respond with the letter choice and NOTHING ELSE. Otherwise, if you are not confident to pick an option and need more information, ask ONE SPECIFIC ATOMIC QUESTION to the patient. The question should be bite-sized, NOT ask for too much at once, and NOT repeat what has already been asked. In this case, respond with the atomic question and NOTHING ELSE.'}]
[2026-04-22 22:46:50,051] [INFO] [ABSTENTION RESPONSE]: No response.

[2026-04-22 22:46:50,051] [INFO] ++++++++++++++++++++ Start of Multiple Chocie Decision [expert_basics.py:expert_response_choice()] ++++++++++++++++++++
[2026-04-22 22:46:50,051] [INFO] [<CHOICE PROMPT>] [len(messages)=2] (messages[-1]):
A patient comes into the clinic presenting with a symptom as described in the conversation log below:
    
PATIENT INFORMATION: A 34-year-old pregnant woman, gravida 2, para 0, at 28 weeks of gestation presents to the physician for a prenatal visit.
CONVERSATION LOG:
Doctor Question: What is the patients reason for presenting to the clinic today?
Patient Response: The patient cannot answer this question, please do not ask this question again.

QUESTION: Which of the following is the most appropriate recommendation at this time?
OPTIONS: A: Hepatitis A vaccination, B: Plan to formula feed the newborn, C: Start combination therapy with interferon α and ribavirin, D: Undergo liver biopsy
YOUR TASK: Assume that you already have enough information from the above question-answer pairs to answer the patient inquiry, use the above information to produce a factual conclusion. Respond with the correct letter choice (A, B, C, or D) and NOTHING ELSE.
LETTER CHOICE: 
[2026-04-22 22:46:50,224] [INFO] [<CHOICE LM RES>]: B

[2026-04-22 22:46:50,224] [INFO] [<CHOICE PARSED>]: B
[2026-04-22 22:46:50,224] [INFO] [IMPLICIT ABSTAIN RETURN]: abstain: True, confidence: 0.0, letter_choice: B, usage: {'input_tokens': 619, 'output_tokens': 16}, atomic_question: None

[2026-04-22 22:46:50,224] [INFO] [Expert System]: {'type': 'question', 'question': None, 'letter_choice': 'B', 'confidence': 0.0, 'usage': {'input_tokens': 619, 'output_tokens': 16}}
[2026-04-22 22:46:50,874] [INFO] [Patient System]: The patient cannot answer this question, please do not ask this question again.

[2026-04-22 22:46:50,874] [INFO] ==================== Turn 3 ====================
[2026-04-22 22:46:50,874] [INFO] ++++++++++++++++++++ Start of Implicit Abstention [expert_basics.py:expert_response_choice_or_question()] ++++++++++++++++++++
[2026-04-22 22:46:50,874] [INFO] [<IMPLICIT ABSTAIN PROMPT>] [len(messages)=2] (messages[-1]):
A patient comes into the clinic presenting with a symptom as described in the conversation log below:
    
PATIENT INFORMATION: A 34-year-old pregnant woman, gravida 2, para 0, at 28 weeks of gestation presents to the physician for a prenatal visit.
CONVERSATION LOG:
Doctor Question: What is the patients reason for presenting to the clinic today?
Patient Response: The patient cannot answer this question, please do not ask this question again.

Doctor Question: None
Patient Response: The patient cannot answer this question, please do not ask this question again.

QUESTION: Which of the following is the most appropriate recommendation at this time?
OPTIONS: A: Hepatitis A vaccination, B: Plan to formula feed the newborn, C: Start combination therapy with interferon α and ribavirin, D: Undergo liver biopsy
YOUR TASK: Given the information so far, if you are confident to pick an option correctly and factually, respond with the letter choice and NOTHING ELSE. Otherwise, if you are not confident to pick an option and need more information, ask ONE SPECIFIC ATOMIC QUESTION to the patient. The question should be bite-sized, NOT ask for too much at once, and NOT repeat what has already been asked. In this case, respond with the atomic question and NOTHING ELSE.
[2026-04-22 22:46:50,874] [INFO] -------------------- Self-Consistency Iteration 1 --------------------
[2026-04-22 22:46:51,836] [INFO] [<IMPLICIT ABSTAIN LM RES>]: I am unable to answer this question. I need more information about the patient's reason for presenting to the clinic.

[2026-04-22 22:46:51,836] [ERROR] can't parse choice: I am unable to answer this question. I need more information about the patient's reason for presenting to the clinic.

[2026-04-22 22:46:51,836] [INFO] [<IMPLICIT ABSTAIN SC-PARSED>]: No response.
[2026-04-22 22:46:51,836] [INFO] [ABSTENTION PROMPT]: [{'role': 'system', 'content': 'You are a medical doctor trying to reason through a real-life clinical case. Based on your understanding of basic and clinical science, medical knowledge, and mechanisms underlying health, disease, patient care, and modes of therapy, respond according to the task specified by the user. Base your response on the current and standard practices referenced in medical guidelines.'}, {'role': 'user', 'content': 'A patient comes into the clinic presenting with a symptom as described in the conversation log below:\n    \nPATIENT INFORMATION: A 34-year-old pregnant woman, gravida 2, para 0, at 28 weeks of gestation presents to the physician for a prenatal visit.\nCONVERSATION LOG:\nDoctor Question: What is the patients reason for presenting to the clinic today?\nPatient Response: The patient cannot answer this question, please do not ask this question again.\n\nDoctor Question: None\nPatient Response: The patient cannot answer this question, please do not ask this question again.\n\nQUESTION: Which of the following is the most appropriate recommendation at this time?\nOPTIONS: A: Hepatitis A vaccination, B: Plan to formula feed the newborn, C: Start combination therapy with interferon α and ribavirin, D: Undergo liver biopsy\nYOUR TASK: Given the information so far, if you are confident to pick an option correctly and factually, respond with the letter choice and NOTHING ELSE. Otherwise, if you are not confident to pick an option and need more information, ask ONE SPECIFIC ATOMIC QUESTION to the patient. The question should be bite-sized, NOT ask for too much at once, and NOT repeat what has already been asked. In this case, respond with the atomic question and NOTHING ELSE.'}]
[2026-04-22 22:46:51,836] [INFO] [ABSTENTION RESPONSE]: No response.

[2026-04-22 22:46:51,836] [INFO] ++++++++++++++++++++ Start of Multiple Chocie Decision [expert_basics.py:expert_response_choice()] ++++++++++++++++++++
[2026-04-22 22:46:51,836] [INFO] [<CHOICE PROMPT>] [len(messages)=2] (messages[-1]):
A patient comes into the clinic presenting with a symptom as described in the conversation log below:
    
PATIENT INFORMATION: A 34-year-old pregnant woman, gravida 2, para 0, at 28 weeks of gestation presents to the physician for a prenatal visit.
CONVERSATION LOG:
Doctor Question: What is the patients reason for presenting to the clinic today?
Patient Response: The patient cannot answer this question, please do not ask this question again.

Doctor Question: None
Patient Response: The patient cannot answer this question, please do not ask this question again.

QUESTION: Which of the following is the most appropriate recommendation at this time?
OPTIONS: A: Hepatitis A vaccination, B: Plan to formula feed the newborn, C: Start combination therapy with interferon α and ribavirin, D: Undergo liver biopsy
YOUR TASK: Assume that you already have enough information from the above question-answer pairs to answer the patient inquiry, use the above information to produce a factual conclusion. Respond with the correct letter choice (A, B, C, or D) and NOTHING ELSE.
LETTER CHOICE: 
[2026-04-22 22:46:52,012] [INFO] [<CHOICE LM RES>]: B

[2026-04-22 22:46:52,012] [INFO] [<CHOICE PARSED>]: B
[2026-04-22 22:46:52,012] [INFO] [IMPLICIT ABSTAIN RETURN]: abstain: True, confidence: 0.0, letter_choice: B, usage: {'input_tokens': 667, 'output_tokens': 29}, atomic_question: None

[2026-04-22 22:46:52,012] [INFO] [Expert System]: {'type': 'question', 'question': None, 'letter_choice': 'B', 'confidence': 0.0, 'usage': {'input_tokens': 667, 'output_tokens': 29}}
[2026-04-22 22:46:52,663] [INFO] [Patient System]: The patient cannot answer this question, please do not ask this question again.

[2026-04-22 22:46:52,663] [INFO] ==================== Turn 4 ====================
[2026-04-22 22:46:52,663] [INFO] ++++++++++++++++++++ Start of Implicit Abstention [expert_basics.py:expert_response_choice_or_question()] ++++++++++++++++++++
[2026-04-22 22:46:52,663] [INFO] [<IMPLICIT ABSTAIN PROMPT>] [len(messages)=2] (messages[-1]):
A patient comes into the clinic presenting with a symptom as described in the conversation log below:
    
PATIENT INFORMATION: A 34-year-old pregnant woman, gravida 2, para 0, at 28 weeks of gestation presents to the physician for a prenatal visit.
CONVERSATION LOG:
Doctor Question: What is the patients reason for presenting to the clinic today?
Patient Response: The patient cannot answer this question, please do not ask this question again.

Doctor Question: None
Patient Response: The patient cannot answer this question, please do not ask this question again.

Doctor Question: None
Patient Response: The patient cannot answer this question, please do not ask this question again.

QUESTION: Which of the following is the most appropriate recommendation at this time?
OPTIONS: A: Hepatitis A vaccination, B: Plan to formula feed the newborn, C: Start combination therapy with interferon α and ribavirin, D: Undergo liver biopsy
YOUR TASK: Given the information so far, if you are confident to pick an option correctly and factually, respond with the letter choice and NOTHING ELSE. Otherwise, if you are not confident to pick an option and need more information, ask ONE SPECIFIC ATOMIC QUESTION to the patient. The question should be bite-sized, NOT ask for too much at once, and NOT repeat what has already been asked. In this case, respond with the atomic question and NOTHING ELSE.
[2026-04-22 22:46:52,663] [INFO] -------------------- Self-Consistency Iteration 1 --------------------
[2026-04-22 22:46:54,240] [INFO] [<IMPLICIT ABSTAIN LM RES>]: I am unable to provide a recommendation without knowing the patient's reason for presenting to the clinic. Therefore, I need more information.

What is the patient's reason for presenting to the clinic today?

[2026-04-22 22:46:54,240] [INFO] [<IMPLICIT ABSTAIN PARSED>]: What is the patients reason for presenting to the clinic today?
[2026-04-22 22:46:54,240] [INFO] [<IMPLICIT ABSTAIN RETURN>]: atomic_question: What is the patients reason for presenting to the clinic today?, final_answer: None, conf_score: 0.0 ([0 : 1])
[2026-04-22 22:46:54,240] [INFO] [ABSTENTION PROMPT]: [{'role': 'system', 'content': 'You are a medical doctor trying to reason through a real-life clinical case. Based on your understanding of basic and clinical science, medical knowledge, and mechanisms underlying health, disease, patient care, and modes of therapy, respond according to the task specified by the user. Base your response on the current and standard practices referenced in medical guidelines.'}, {'role': 'user', 'content': 'A patient comes into the clinic presenting with a symptom as described in the conversation log below:\n    \nPATIENT INFORMATION: A 34-year-old pregnant woman, gravida 2, para 0, at 28 weeks of gestation presents to the physician for a prenatal visit.\nCONVERSATION LOG:\nDoctor Question: What is the patients reason for presenting to the clinic today?\nPatient Response: The patient cannot answer this question, please do not ask this question again.\n\nDoctor Question: None\nPatient Response: The patient cannot answer this question, please do not ask this question again.\n\nDoctor Question: None\nPatient Response: The patient cannot answer this question, please do not ask this question again.\n\nQUESTION: Which of the following is the most appropriate recommendation at this time?\nOPTIONS: A: Hepatitis A vaccination, B: Plan to formula feed the newborn, C: Start combination therapy with interferon α and ribavirin, D: Undergo liver biopsy\nYOUR TASK: Given the information so far, if you are confident to pick an option correctly and factually, respond with the letter choice and NOTHING ELSE. Otherwise, if you are not confident to pick an option and need more information, ask ONE SPECIFIC ATOMIC QUESTION to the patient. The question should be bite-sized, NOT ask for too much at once, and NOT repeat what has already been asked. In this case, respond with the atomic question and NOTHING ELSE.'}]
[2026-04-22 22:46:54,240] [INFO] [ABSTENTION RESPONSE]: I am unable to provide a recommendation without knowing the patient's reason for presenting to the clinic. Therefore, I need more information.

What is the patient's reason for presenting to the clinic today?


[2026-04-22 22:46:54,240] [INFO] ++++++++++++++++++++ Start of Multiple Chocie Decision [expert_basics.py:expert_response_choice()] ++++++++++++++++++++
[2026-04-22 22:46:54,240] [INFO] [<CHOICE PROMPT>] [len(messages)=2] (messages[-1]):
A patient comes into the clinic presenting with a symptom as described in the conversation log below:
    
PATIENT INFORMATION: A 34-year-old pregnant woman, gravida 2, para 0, at 28 weeks of gestation presents to the physician for a prenatal visit.
CONVERSATION LOG:
Doctor Question: What is the patients reason for presenting to the clinic today?
Patient Response: The patient cannot answer this question, please do not ask this question again.

Doctor Question: None
Patient Response: The patient cannot answer this question, please do not ask this question again.

Doctor Question: None
Patient Response: The patient cannot answer this question, please do not ask this question again.

QUESTION: Which of the following is the most appropriate recommendation at this time?
OPTIONS: A: Hepatitis A vaccination, B: Plan to formula feed the newborn, C: Start combination therapy with interferon α and ribavirin, D: Undergo liver biopsy
YOUR TASK: Assume that you already have enough information from the above question-answer pairs to answer the patient inquiry, use the above information to produce a factual conclusion. Respond with the correct letter choice (A, B, C, or D) and NOTHING ELSE.
LETTER CHOICE: 
[2026-04-22 22:46:54,419] [INFO] [<CHOICE LM RES>]: B

[2026-04-22 22:46:54,419] [INFO] [<CHOICE PARSED>]: B
[2026-04-22 22:46:54,419] [INFO] [IMPLICIT ABSTAIN RETURN]: abstain: True, confidence: 0.0, letter_choice: B, usage: {'input_tokens': 715, 'output_tokens': 47}, atomic_question: What is the patients reason for presenting to the clinic today?

[2026-04-22 22:46:54,419] [INFO] [Expert System]: {'type': 'question', 'question': 'What is the patients reason for presenting to the clinic today?', 'letter_choice': 'B', 'confidence': 0.0, 'usage': {'input_tokens': 715, 'output_tokens': 47}}
[2026-04-22 22:46:55,070] [INFO] [Patient System]: The patient cannot answer this question, please do not ask this question again.

[2026-04-22 22:46:55,070] [INFO] ==================== Turn 5 ====================
[2026-04-22 22:46:55,070] [INFO] ++++++++++++++++++++ Start of Implicit Abstention [expert_basics.py:expert_response_choice_or_question()] ++++++++++++++++++++
[2026-04-22 22:46:55,070] [INFO] [<IMPLICIT ABSTAIN PROMPT>] [len(messages)=2] (messages[-1]):
A patient comes into the clinic presenting with a symptom as described in the conversation log below:
    
PATIENT INFORMATION: A 34-year-old pregnant woman, gravida 2, para 0, at 28 weeks of gestation presents to the physician for a prenatal visit.
CONVERSATION LOG:
Doctor Question: What is the patients reason for presenting to the clinic today?
Patient Response: The patient cannot answer this question, please do not ask this question again.

Doctor Question: None
Patient Response: The patient cannot answer this question, please do not ask this question again.

Doctor Question: None
Patient Response: The patient cannot answer this question, please do not ask this question again.

Doctor Question: What is the patients reason for presenting to the clinic today?
Patient Response: The patient cannot answer this question, please do not ask this question again.

QUESTION: Which of the following is the most appropriate recommendation at this time?
OPTIONS: A: Hepatitis A vaccination, B: Plan to formula feed the newborn, C: Start combination therapy with interferon α and ribavirin, D: Undergo liver biopsy
YOUR TASK: Given the information so far, if you are confident to pick an option correctly and factually, respond with the letter choice and NOTHING ELSE. Otherwise, if you are not confident to pick an option and need more information, ask ONE SPECIFIC ATOMIC QUESTION to the patient. The question should be bite-sized, NOT ask for too much at once, and NOT repeat what has already been asked. In this case, respond with the atomic question and NOTHING ELSE.
[2026-04-22 22:46:55,070] [INFO] -------------------- Self-Consistency Iteration 1 --------------------
[2026-04-22 22:46:56,795] [INFO] [<IMPLICIT ABSTAIN LM RES>]: I am unable to provide a definitive answer without knowing the patient's reason for presenting to the clinic. Therefore, I will ask a specific atomic question.

What is the patient's reason for presenting to the clinic today?

[2026-04-22 22:46:56,795] [INFO] [<IMPLICIT ABSTAIN PARSED>]: What is the patients reason for presenting to the clinic today?
[2026-04-22 22:46:56,795] [INFO] [<IMPLICIT ABSTAIN RETURN>]: atomic_question: What is the patients reason for presenting to the clinic today?, final_answer: None, conf_score: 0.0 ([0 : 1])
[2026-04-22 22:46:56,795] [INFO] [ABSTENTION PROMPT]: [{'role': 'system', 'content': 'You are a medical doctor trying to reason through a real-life clinical case. Based on your understanding of basic and clinical science, medical knowledge, and mechanisms underlying health, disease, patient care, and modes of therapy, respond according to the task specified by the user. Base your response on the current and standard practices referenced in medical guidelines.'}, {'role': 'user', 'content': 'A patient comes into the clinic presenting with a symptom as described in the conversation log below:\n    \nPATIENT INFORMATION: A 34-year-old pregnant woman, gravida 2, para 0, at 28 weeks of gestation presents to the physician for a prenatal visit.\nCONVERSATION LOG:\nDoctor Question: What is the patients reason for presenting to the clinic today?\nPatient Response: The patient cannot answer this question, please do not ask this question again.\n\nDoctor Question: None\nPatient Response: The patient cannot answer this question, please do not ask this question again.\n\nDoctor Question: None\nPatient Response: The patient cannot answer this question, please do not ask this question again.\n\nDoctor Question: What is the patients reason for presenting to the clinic today?\nPatient Response: The patient cannot answer this question, please do not ask this question again.\n\nQUESTION: Which of the following is the most appropriate recommendation at this time?\nOPTIONS: A: Hepatitis A vaccination, B: Plan to formula feed the newborn, C: Start combination therapy with interferon α and ribavirin, D: Undergo liver biopsy\nYOUR TASK: Given the information so far, if you are confident to pick an option correctly and factually, respond with the letter choice and NOTHING ELSE. Otherwise, if you are not confident to pick an option and need more information, ask ONE SPECIFIC ATOMIC QUESTION to the patient. The question should be bite-sized, NOT ask for too much at once, and NOT repeat what has already been asked. In this case, respond with the atomic question and NOTHING ELSE.'}]
[2026-04-22 22:46:56,795] [INFO] [ABSTENTION RESPONSE]: I am unable to provide a definitive answer without knowing the patient's reason for presenting to the clinic. Therefore, I will ask a specific atomic question.

What is the patient's reason for presenting to the clinic today?


[2026-04-22 22:46:56,795] [INFO] ++++++++++++++++++++ Start of Multiple Chocie Decision [expert_basics.py:expert_response_choice()] ++++++++++++++++++++
[2026-04-22 22:46:56,795] [INFO] [<CHOICE PROMPT>] [len(messages)=2] (messages[-1]):
A patient comes into the clinic presenting with a symptom as described in the conversation log below:
    
PATIENT INFORMATION: A 34-year-old pregnant woman, gravida 2, para 0, at 28 weeks of gestation presents to the physician for a prenatal visit.
CONVERSATION LOG:
Doctor Question: What is the patients reason for presenting to the clinic today?
Patient Response: The patient cannot answer this question, please do not ask this question again.

Doctor Question: None
Patient Response: The patient cannot answer this question, please do not ask this question again.

Doctor Question: None
Patient Response: The patient cannot answer this question, please do not ask this question again.

Doctor Question: What is the patients reason for presenting to the clinic today?
Patient Response: The patient cannot answer this question, please do not ask this question again.

QUESTION: Which of the following is the most appropriate recommendation at this time?
OPTIONS: A: Hepatitis A vaccination, B: Plan to formula feed the newborn, C: Start combination therapy with interferon α and ribavirin, D: Undergo liver biopsy
YOUR TASK: Assume that you already have enough information from the above question-answer pairs to answer the patient inquiry, use the above information to produce a factual conclusion. Respond with the correct letter choice (A, B, C, or D) and NOTHING ELSE.
LETTER CHOICE: 
[2026-04-22 22:46:56,974] [INFO] [<CHOICE LM RES>]: B

[2026-04-22 22:46:56,974] [INFO] [<CHOICE PARSED>]: B
[2026-04-22 22:46:56,974] [INFO] [IMPLICIT ABSTAIN RETURN]: abstain: True, confidence: 0.0, letter_choice: B, usage: {'input_tokens': 785, 'output_tokens': 51}, atomic_question: What is the patients reason for presenting to the clinic today?

[2026-04-22 22:46:56,974] [INFO] [Expert System]: {'type': 'question', 'question': 'What is the patients reason for presenting to the clinic today?', 'letter_choice': 'B', 'confidence': 0.0, 'usage': {'input_tokens': 785, 'output_tokens': 51}}
[2026-04-22 22:46:57,627] [INFO] [Patient System]: The patient cannot answer this question, please do not ask this question again.

[2026-04-22 22:46:57,628] [INFO] ==================== Turn 6 ====================
[2026-04-22 22:46:57,628] [INFO] ++++++++++++++++++++ Start of Implicit Abstention [expert_basics.py:expert_response_choice_or_question()] ++++++++++++++++++++
[2026-04-22 22:46:57,628] [INFO] [<IMPLICIT ABSTAIN PROMPT>] [len(messages)=2] (messages[-1]):
A patient comes into the clinic presenting with a symptom as described in the conversation log below:
    
PATIENT INFORMATION: A 34-year-old pregnant woman, gravida 2, para 0, at 28 weeks of gestation presents to the physician for a prenatal visit.
CONVERSATION LOG:
Doctor Question: What is the patients reason for presenting to the clinic today?
Patient Response: The patient cannot answer this question, please do not ask this question again.

Doctor Question: None
Patient Response: The patient cannot answer this question, please do not ask this question again.

Doctor Question: None
Patient Response: The patient cannot answer this question, please do not ask this question again.

Doctor Question: What is the patients reason for presenting to the clinic today?
Patient Response: The patient cannot answer this question, please do not ask this question again.

Doctor Question: What is the patients reason for presenting to the clinic today?
Patient Response: The patient cannot answer this question, please do not ask this question again.

QUESTION: Which of the following is the most appropriate recommendation at this time?
OPTIONS: A: Hepatitis A vaccination, B: Plan to formula feed the newborn, C: Start combination therapy with interferon α and ribavirin, D: Undergo liver biopsy
YOUR TASK: Given the information so far, if you are confident to pick an option correctly and factually, respond with the letter choice and NOTHING ELSE. Otherwise, if you are not confident to pick an option and need more information, ask ONE SPECIFIC ATOMIC QUESTION to the patient. The question should be bite-sized, NOT ask for too much at once, and NOT repeat what has already been asked. In this case, respond with the atomic question and NOTHING ELSE.
[2026-04-22 22:46:57,628] [INFO] -------------------- Self-Consistency Iteration 1 --------------------
[2026-04-22 22:46:58,702] [INFO] [<IMPLICIT ABSTAIN LM RES>]: I am unable to provide a recommendation without knowing the patient's reason for presenting.

What is the patient's chief complaint?

[2026-04-22 22:46:58,703] [INFO] [<IMPLICIT ABSTAIN PARSED>]: What is the patients chief complaint?
[2026-04-22 22:46:58,703] [INFO] [<IMPLICIT ABSTAIN RETURN>]: atomic_question: What is the patients chief complaint?, final_answer: None, conf_score: 0.0 ([0 : 1])
[2026-04-22 22:46:58,703] [INFO] [ABSTENTION PROMPT]: [{'role': 'system', 'content': 'You are a medical doctor trying to reason through a real-life clinical case. Based on your understanding of basic and clinical science, medical knowledge, and mechanisms underlying health, disease, patient care, and modes of therapy, respond according to the task specified by the user. Base your response on the current and standard practices referenced in medical guidelines.'}, {'role': 'user', 'content': 'A patient comes into the clinic presenting with a symptom as described in the conversation log below:\n    \nPATIENT INFORMATION: A 34-year-old pregnant woman, gravida 2, para 0, at 28 weeks of gestation presents to the physician for a prenatal visit.\nCONVERSATION LOG:\nDoctor Question: What is the patients reason for presenting to the clinic today?\nPatient Response: The patient cannot answer this question, please do not ask this question again.\n\nDoctor Question: None\nPatient Response: The patient cannot answer this question, please do not ask this question again.\n\nDoctor Question: None\nPatient Response: The patient cannot answer this question, please do not ask this question again.\n\nDoctor Question: What is the patients reason for presenting to the clinic today?\nPatient Response: The patient cannot answer this question, please do not ask this question again.\n\nDoctor Question: What is the patients reason for presenting to the clinic today?\nPatient Response: The patient cannot answer this question, please do not ask this question again.\n\nQUESTION: Which of the following is the most appropriate recommendation at this time?\nOPTIONS: A: Hepatitis A vaccination, B: Plan to formula feed the newborn, C: Start combination therapy with interferon α and ribavirin, D: Undergo liver biopsy\nYOUR TASK: Given the information so far, if you are confident to pick an option correctly and factually, respond with the letter choice and NOTHING ELSE. Otherwise, if you are not confident to pick an option and need more information, ask ONE SPECIFIC ATOMIC QUESTION to the patient. The question should be bite-sized, NOT ask for too much at once, and NOT repeat what has already been asked. In this case, respond with the atomic question and NOTHING ELSE.'}]
[2026-04-22 22:46:58,703] [INFO] [ABSTENTION RESPONSE]: I am unable to provide a recommendation without knowing the patient's reason for presenting.

What is the patient's chief complaint?


[2026-04-22 22:46:58,703] [INFO] ++++++++++++++++++++ Start of Multiple Chocie Decision [expert_basics.py:expert_response_choice()] ++++++++++++++++++++
[2026-04-22 22:46:58,703] [INFO] [<CHOICE PROMPT>] [len(messages)=2] (messages[-1]):
A patient comes into the clinic presenting with a symptom as described in the conversation log below:
    
PATIENT INFORMATION: A 34-year-old pregnant woman, gravida 2, para 0, at 28 weeks of gestation presents to the physician for a prenatal visit.
CONVERSATION LOG:
Doctor Question: What is the patients reason for presenting to the clinic today?
Patient Response: The patient cannot answer this question, please do not ask this question again.

Doctor Question: None
Patient Response: The patient cannot answer this question, please do not ask this question again.

Doctor Question: None
Patient Response: The patient cannot answer this question, please do not ask this question again.

Doctor Question: What is the patients reason for presenting to the clinic today?
Patient Response: The patient cannot answer this question, please do not ask this question again.

Doctor Question: What is the patients reason for presenting to the clinic today?
Patient Response: The patient cannot answer this question, please do not ask this question again.

QUESTION: Which of the following is the most appropriate recommendation at this time?
OPTIONS: A: Hepatitis A vaccination, B: Plan to formula feed the newborn, C: Start combination therapy with interferon α and ribavirin, D: Undergo liver biopsy
YOUR TASK: Assume that you already have enough information from the above question-answer pairs to answer the patient inquiry, use the above information to produce a factual conclusion. Respond with the correct letter choice (A, B, C, or D) and NOTHING ELSE.
LETTER CHOICE: 
[2026-04-22 22:46:58,889] [INFO] [<CHOICE LM RES>]: B

[2026-04-22 22:46:58,889] [INFO] [<CHOICE PARSED>]: B
[2026-04-22 22:46:58,889] [INFO] [IMPLICIT ABSTAIN RETURN]: abstain: True, confidence: 0.0, letter_choice: B, usage: {'input_tokens': 855, 'output_tokens': 32}, atomic_question: What is the patients chief complaint?

[2026-04-22 22:46:58,889] [INFO] [Expert System]: {'type': 'question', 'question': 'What is the patients chief complaint?', 'letter_choice': 'B', 'confidence': 0.0, 'usage': {'input_tokens': 855, 'output_tokens': 32}}
[2026-04-22 22:46:59,545] [INFO] [Patient System]: The patient cannot answer this question, please do not ask this question again.

[2026-04-22 22:46:59,545] [INFO] ==================== Turn 7 ====================
[2026-04-22 22:46:59,545] [INFO] ++++++++++++++++++++ Start of Implicit Abstention [expert_basics.py:expert_response_choice_or_question()] ++++++++++++++++++++
[2026-04-22 22:46:59,546] [INFO] [<IMPLICIT ABSTAIN PROMPT>] [len(messages)=2] (messages[-1]):
A patient comes into the clinic presenting with a symptom as described in the conversation log below:
    
PATIENT INFORMATION: A 34-year-old pregnant woman, gravida 2, para 0, at 28 weeks of gestation presents to the physician for a prenatal visit.
CONVERSATION LOG:
Doctor Question: What is the patients reason for presenting to the clinic today?
Patient Response: The patient cannot answer this question, please do not ask this question again.

Doctor Question: None
Patient Response: The patient cannot answer this question, please do not ask this question again.

Doctor Question: None
Patient Response: The patient cannot answer this question, please do not ask this question again.

Doctor Question: What is the patients reason for presenting to the clinic today?
Patient Response: The patient cannot answer this question, please do not ask this question again.

Doctor Question: What is the patients reason for presenting to the clinic today?
Patient Response: The patient cannot answer this question, please do not ask this question again.

Doctor Question: What is the patients chief complaint?
Patient Response: The patient cannot answer this question, please do not ask this question again.

QUESTION: Which of the following is the most appropriate recommendation at this time?
OPTIONS: A: Hepatitis A vaccination, B: Plan to formula feed the newborn, C: Start combination therapy with interferon α and ribavirin, D: Undergo liver biopsy
YOUR TASK: Given the information so far, if you are confident to pick an option correctly and factually, respond with the letter choice and NOTHING ELSE. Otherwise, if you are not confident to pick an option and need more information, ask ONE SPECIFIC ATOMIC QUESTION to the patient. The question should be bite-sized, NOT ask for too much at once, and NOT repeat what has already been asked. In this case, respond with the atomic question and NOTHING ELSE.
[2026-04-22 22:46:59,546] [INFO] -------------------- Self-Consistency Iteration 1 --------------------
[2026-04-22 22:47:01,823] [INFO] [<IMPLICIT ABSTAIN LM RES>]: I am unable to answer this question as the patient is refusing to answer the question "What is the patient's reason for presenting to the clinic today?". I need to understand the patient's reason for seeking prenatal care before I can make an appropriate recommendation.

What is the patient's chief complaint?

[2026-04-22 22:47:01,823] [INFO] [<IMPLICIT ABSTAIN PARSED>]: What is the patients chief complaint?
[2026-04-22 22:47:01,823] [INFO] [<IMPLICIT ABSTAIN RETURN>]: atomic_question: What is the patients chief complaint?, final_answer: None, conf_score: 0.0 ([0 : 1])
[2026-04-22 22:47:01,823] [INFO] [ABSTENTION PROMPT]: [{'role': 'system', 'content': 'You are a medical doctor trying to reason through a real-life clinical case. Based on your understanding of basic and clinical science, medical knowledge, and mechanisms underlying health, disease, patient care, and modes of therapy, respond according to the task specified by the user. Base your response on the current and standard practices referenced in medical guidelines.'}, {'role': 'user', 'content': 'A patient comes into the clinic presenting with a symptom as described in the conversation log below:\n    \nPATIENT INFORMATION: A 34-year-old pregnant woman, gravida 2, para 0, at 28 weeks of gestation presents to the physician for a prenatal visit.\nCONVERSATION LOG:\nDoctor Question: What is the patients reason for presenting to the clinic today?\nPatient Response: The patient cannot answer this question, please do not ask this question again.\n\nDoctor Question: None\nPatient Response: The patient cannot answer this question, please do not ask this question again.\n\nDoctor Question: None\nPatient Response: The patient cannot answer this question, please do not ask this question again.\n\nDoctor Question: What is the patients reason for presenting to the clinic today?\nPatient Response: The patient cannot answer this question, please do not ask this question again.\n\nDoctor Question: What is the patients reason for presenting to the clinic today?\nPatient Response: The patient cannot answer this question, please do not ask this question again.\n\nDoctor Question: What is the patients chief complaint?\nPatient Response: The patient cannot answer this question, please do not ask this question again.\n\nQUESTION: Which of the following is the most appropriate recommendation at this time?\nOPTIONS: A: Hepatitis A vaccination, B: Plan to formula feed the newborn, C: Start combination therapy with interferon α and ribavirin, D: Undergo liver biopsy\nYOUR TASK: Given the information so far, if you are confident to pick an option correctly and factually, respond with the letter choice and NOTHING ELSE. Otherwise, if you are not confident to pick an option and need more information, ask ONE SPECIFIC ATOMIC QUESTION to the patient. The question should be bite-sized, NOT ask for too much at once, and NOT repeat what has already been asked. In this case, respond with the atomic question and NOTHING ELSE.'}]
[2026-04-22 22:47:01,823] [INFO] [ABSTENTION RESPONSE]: I am unable to answer this question as the patient is refusing to answer the question "What is the patient's reason for presenting to the clinic today?". I need to understand the patient's reason for seeking prenatal care before I can make an appropriate recommendation.

What is the patient's chief complaint?


[2026-04-22 22:47:01,823] [INFO] ++++++++++++++++++++ Start of Multiple Chocie Decision [expert_basics.py:expert_response_choice()] ++++++++++++++++++++
[2026-04-22 22:47:01,823] [INFO] [<CHOICE PROMPT>] [len(messages)=2] (messages[-1]):
A patient comes into the clinic presenting with a symptom as described in the conversation log below:
    
PATIENT INFORMATION: A 34-year-old pregnant woman, gravida 2, para 0, at 28 weeks of gestation presents to the physician for a prenatal visit.
CONVERSATION LOG:
Doctor Question: What is the patients reason for presenting to the clinic today?
Patient Response: The patient cannot answer this question, please do not ask this question again.

Doctor Question: None
Patient Response: The patient cannot answer this question, please do not ask this question again.

Doctor Question: None
Patient Response: The patient cannot answer this question, please do not ask this question again.

Doctor Question: What is the patients reason for presenting to the clinic today?
Patient Response: The patient cannot answer this question, please do not ask this question again.

Doctor Question: What is the patients reason for presenting to the clinic today?
Patient Response: The patient cannot answer this question, please do not ask this question again.

Doctor Question: What is the patients chief complaint?
Patient Response: The patient cannot answer this question, please do not ask this question again.

QUESTION: Which of the following is the most appropriate recommendation at this time?
OPTIONS: A: Hepatitis A vaccination, B: Plan to formula feed the newborn, C: Start combination therapy with interferon α and ribavirin, D: Undergo liver biopsy
YOUR TASK: Assume that you already have enough information from the above question-answer pairs to answer the patient inquiry, use the above information to produce a factual conclusion. Respond with the correct letter choice (A, B, C, or D) and NOTHING ELSE.
LETTER CHOICE: 
[2026-04-22 22:47:02,005] [INFO] [<CHOICE LM RES>]: D

[2026-04-22 22:47:02,005] [INFO] [<CHOICE PARSED>]: D
[2026-04-22 22:47:02,005] [INFO] [IMPLICIT ABSTAIN RETURN]: abstain: True, confidence: 0.0, letter_choice: D, usage: {'input_tokens': 915, 'output_tokens': 67}, atomic_question: What is the patients chief complaint?

[2026-04-22 22:47:02,005] [INFO] [Expert System]: {'type': 'question', 'question': 'What is the patients chief complaint?', 'letter_choice': 'D', 'confidence': 0.0, 'usage': {'input_tokens': 915, 'output_tokens': 67}}
[2026-04-22 22:47:02,660] [INFO] [Patient System]: The patient cannot answer this question, please do not ask this question again.

[2026-04-22 22:47:02,660] [INFO] ==================== Turn 8 ====================
[2026-04-22 22:47:02,660] [INFO] ++++++++++++++++++++ Start of Implicit Abstention [expert_basics.py:expert_response_choice_or_question()] ++++++++++++++++++++
[2026-04-22 22:47:02,660] [INFO] [<IMPLICIT ABSTAIN PROMPT>] [len(messages)=2] (messages[-1]):
A patient comes into the clinic presenting with a symptom as described in the conversation log below:
    
PATIENT INFORMATION: A 34-year-old pregnant woman, gravida 2, para 0, at 28 weeks of gestation presents to the physician for a prenatal visit.
CONVERSATION LOG:
Doctor Question: What is the patients reason for presenting to the clinic today?
Patient Response: The patient cannot answer this question, please do not ask this question again.

Doctor Question: None
Patient Response: The patient cannot answer this question, please do not ask this question again.

Doctor Question: None
Patient Response: The patient cannot answer this question, please do not ask this question again.

Doctor Question: What is the patients reason for presenting to the clinic today?
Patient Response: The patient cannot answer this question, please do not ask this question again.

Doctor Question: What is the patients reason for presenting to the clinic today?
Patient Response: The patient cannot answer this question, please do not ask this question again.

Doctor Question: What is the patients chief complaint?
Patient Response: The patient cannot answer this question, please do not ask this question again.

Doctor Question: What is the patients chief complaint?
Patient Response: The patient cannot answer this question, please do not ask this question again.

QUESTION: Which of the following is the most appropriate recommendation at this time?
OPTIONS: A: Hepatitis A vaccination, B: Plan to formula feed the newborn, C: Start combination therapy with interferon α and ribavirin, D: Undergo liver biopsy
YOUR TASK: Given the information so far, if you are confident to pick an option correctly and factually, respond with the letter choice and NOTHING ELSE. Otherwise, if you are not confident to pick an option and need more information, ask ONE SPECIFIC ATOMIC QUESTION to the patient. The question should be bite-sized, NOT ask for too much at once, and NOT repeat what has already been asked. In this case, respond with the atomic question and NOTHING ELSE.
[2026-04-22 22:47:02,660] [INFO] -------------------- Self-Consistency Iteration 1 --------------------
[2026-04-22 22:47:03,744] [INFO] [<IMPLICIT ABSTAIN LM RES>]: I am unable to provide a recommendation at this time as the patient is refusing to answer questions about their reason for presenting to the clinic.

[2026-04-22 22:47:03,744] [ERROR] can't parse choice: I am unable to provide a recommendation at this time as the patient is refusing to answer questions about their reason for presenting to the clinic.

[2026-04-22 22:47:03,744] [INFO] [<IMPLICIT ABSTAIN SC-PARSED>]: No response.
[2026-04-22 22:47:03,744] [INFO] [ABSTENTION PROMPT]: [{'role': 'system', 'content': 'You are a medical doctor trying to reason through a real-life clinical case. Based on your understanding of basic and clinical science, medical knowledge, and mechanisms underlying health, disease, patient care, and modes of therapy, respond according to the task specified by the user. Base your response on the current and standard practices referenced in medical guidelines.'}, {'role': 'user', 'content': 'A patient comes into the clinic presenting with a symptom as described in the conversation log below:\n    \nPATIENT INFORMATION: A 34-year-old pregnant woman, gravida 2, para 0, at 28 weeks of gestation presents to the physician for a prenatal visit.\nCONVERSATION LOG:\nDoctor Question: What is the patients reason for presenting to the clinic today?\nPatient Response: The patient cannot answer this question, please do not ask this question again.\n\nDoctor Question: None\nPatient Response: The patient cannot answer this question, please do not ask this question again.\n\nDoctor Question: None\nPatient Response: The patient cannot answer this question, please do not ask this question again.\n\nDoctor Question: What is the patients reason for presenting to the clinic today?\nPatient Response: The patient cannot answer this question, please do not ask this question again.\n\nDoctor Question: What is the patients reason for presenting to the clinic today?\nPatient Response: The patient cannot answer this question, please do not ask this question again.\n\nDoctor Question: What is the patients chief complaint?\nPatient Response: The patient cannot answer this question, please do not ask this question again.\n\nDoctor Question: What is the patients chief complaint?\nPatient Response: The patient cannot answer this question, please do not ask this question again.\n\nQUESTION: Which of the following is the most appropriate recommendation at this time?\nOPTIONS: A: Hepatitis A vaccination, B: Plan to formula feed the newborn, C: Start combination therapy with interferon α and ribavirin, D: Undergo liver biopsy\nYOUR TASK: Given the information so far, if you are confident to pick an option correctly and factually, respond with the letter choice and NOTHING ELSE. Otherwise, if you are not confident to pick an option and need more information, ask ONE SPECIFIC ATOMIC QUESTION to the patient. The question should be bite-sized, NOT ask for too much at once, and NOT repeat what has already been asked. In this case, respond with the atomic question and NOTHING ELSE.'}]
[2026-04-22 22:47:03,744] [INFO] [ABSTENTION RESPONSE]: No response.

[2026-04-22 22:47:03,744] [INFO] ++++++++++++++++++++ Start of Multiple Chocie Decision [expert_basics.py:expert_response_choice()] ++++++++++++++++++++
[2026-04-22 22:47:03,744] [INFO] [<CHOICE PROMPT>] [len(messages)=2] (messages[-1]):
A patient comes into the clinic presenting with a symptom as described in the conversation log below:
    
PATIENT INFORMATION: A 34-year-old pregnant woman, gravida 2, para 0, at 28 weeks of gestation presents to the physician for a prenatal visit.
CONVERSATION LOG:
Doctor Question: What is the patients reason for presenting to the clinic today?
Patient Response: The patient cannot answer this question, please do not ask this question again.

Doctor Question: None
Patient Response: The patient cannot answer this question, please do not ask this question again.

Doctor Question: None
Patient Response: The patient cannot answer this question, please do not ask this question again.

Doctor Question: What is the patients reason for presenting to the clinic today?
Patient Response: The patient cannot answer this question, please do not ask this question again.

Doctor Question: What is the patients reason for presenting to the clinic today?
Patient Response: The patient cannot answer this question, please do not ask this question again.

Doctor Question: What is the patients chief complaint?
Patient Response: The patient cannot answer this question, please do not ask this question again.

Doctor Question: What is the patients chief complaint?
Patient Response: The patient cannot answer this question, please do not ask this question again.

QUESTION: Which of the following is the most appropriate recommendation at this time?
OPTIONS: A: Hepatitis A vaccination, B: Plan to formula feed the newborn, C: Start combination therapy with interferon α and ribavirin, D: Undergo liver biopsy
YOUR TASK: Assume that you already have enough information from the above question-answer pairs to answer the patient inquiry, use the above information to produce a factual conclusion. Respond with the correct letter choice (A, B, C, or D) and NOTHING ELSE.
LETTER CHOICE: 
[2026-04-22 22:47:03,925] [INFO] [<CHOICE LM RES>]: B

[2026-04-22 22:47:03,925] [INFO] [<CHOICE PARSED>]: B
[2026-04-22 22:47:03,925] [INFO] [IMPLICIT ABSTAIN RETURN]: abstain: True, confidence: 0.0, letter_choice: B, usage: {'input_tokens': 975, 'output_tokens': 32}, atomic_question: None

[2026-04-22 22:47:03,925] [INFO] [Expert System]: {'type': 'question', 'question': None, 'letter_choice': 'B', 'confidence': 0.0, 'usage': {'input_tokens': 975, 'output_tokens': 32}}
[2026-04-22 22:47:04,581] [INFO] [Patient System]: The patient cannot answer this question, please do not ask this question again.

[2026-04-22 22:47:04,582] [INFO] ==================== Turn 9 ====================
[2026-04-22 22:47:04,582] [INFO] ++++++++++++++++++++ Start of Implicit Abstention [expert_basics.py:expert_response_choice_or_question()] ++++++++++++++++++++
[2026-04-22 22:47:04,582] [INFO] [<IMPLICIT ABSTAIN PROMPT>] [len(messages)=2] (messages[-1]):
A patient comes into the clinic presenting with a symptom as described in the conversation log below:
    
PATIENT INFORMATION: A 34-year-old pregnant woman, gravida 2, para 0, at 28 weeks of gestation presents to the physician for a prenatal visit.
CONVERSATION LOG:
Doctor Question: What is the patients reason for presenting to the clinic today?
Patient Response: The patient cannot answer this question, please do not ask this question again.

Doctor Question: None
Patient Response: The patient cannot answer this question, please do not ask this question again.

Doctor Question: None
Patient Response: The patient cannot answer this question, please do not ask this question again.

Doctor Question: What is the patients reason for presenting to the clinic today?
Patient Response: The patient cannot answer this question, please do not ask this question again.

Doctor Question: What is the patients reason for presenting to the clinic today?
Patient Response: The patient cannot answer this question, please do not ask this question again.

Doctor Question: What is the patients chief complaint?
Patient Response: The patient cannot answer this question, please do not ask this question again.

Doctor Question: What is the patients chief complaint?
Patient Response: The patient cannot answer this question, please do not ask this question again.

Doctor Question: None
Patient Response: The patient cannot answer this question, please do not ask this question again.

QUESTION: Which of the following is the most appropriate recommendation at this time?
OPTIONS: A: Hepatitis A vaccination, B: Plan to formula feed the newborn, C: Start combination therapy with interferon α and ribavirin, D: Undergo liver biopsy
YOUR TASK: Given the information so far, if you are confident to pick an option correctly and factually, respond with the letter choice and NOTHING ELSE. Otherwise, if you are not confident to pick an option and need more information, ask ONE SPECIFIC ATOMIC QUESTION to the patient. The question should be bite-sized, NOT ask for too much at once, and NOT repeat what has already been asked. In this case, respond with the atomic question and NOTHING ELSE.
[2026-04-22 22:47:04,582] [INFO] -------------------- Self-Consistency Iteration 1 --------------------
[2026-04-22 22:47:05,782] [INFO] [<IMPLICIT ABSTAIN LM RES>]: I am unable to provide a recommendation without knowing the patient's reason for presenting to the clinic.

What is the patient's chief complaint?

[2026-04-22 22:47:05,783] [INFO] [<IMPLICIT ABSTAIN PARSED>]: What is the patients chief complaint?
[2026-04-22 22:47:05,783] [INFO] [<IMPLICIT ABSTAIN RETURN>]: atomic_question: What is the patients chief complaint?, final_answer: None, conf_score: 0.0 ([0 : 1])
[2026-04-22 22:47:05,783] [INFO] [ABSTENTION PROMPT]: [{'role': 'system', 'content': 'You are a medical doctor trying to reason through a real-life clinical case. Based on your understanding of basic and clinical science, medical knowledge, and mechanisms underlying health, disease, patient care, and modes of therapy, respond according to the task specified by the user. Base your response on the current and standard practices referenced in medical guidelines.'}, {'role': 'user', 'content': 'A patient comes into the clinic presenting with a symptom as described in the conversation log below:\n    \nPATIENT INFORMATION: A 34-year-old pregnant woman, gravida 2, para 0, at 28 weeks of gestation presents to the physician for a prenatal visit.\nCONVERSATION LOG:\nDoctor Question: What is the patients reason for presenting to the clinic today?\nPatient Response: The patient cannot answer this question, please do not ask this question again.\n\nDoctor Question: None\nPatient Response: The patient cannot answer this question, please do not ask this question again.\n\nDoctor Question: None\nPatient Response: The patient cannot answer this question, please do not ask this question again.\n\nDoctor Question: What is the patients reason for presenting to the clinic today?\nPatient Response: The patient cannot answer this question, please do not ask this question again.\n\nDoctor Question: What is the patients reason for presenting to the clinic today?\nPatient Response: The patient cannot answer this question, please do not ask this question again.\n\nDoctor Question: What is the patients chief complaint?\nPatient Response: The patient cannot answer this question, please do not ask this question again.\n\nDoctor Question: What is the patients chief complaint?\nPatient Response: The patient cannot answer this question, please do not ask this question again.\n\nDoctor Question: None\nPatient Response: The patient cannot answer this question, please do not ask this question again.\n\nQUESTION: Which of the following is the most appropriate recommendation at this time?\nOPTIONS: A: Hepatitis A vaccination, B: Plan to formula feed the newborn, C: Start combination therapy with interferon α and ribavirin, D: Undergo liver biopsy\nYOUR TASK: Given the information so far, if you are confident to pick an option correctly and factually, respond with the letter choice and NOTHING ELSE. Otherwise, if you are not confident to pick an option and need more information, ask ONE SPECIFIC ATOMIC QUESTION to the patient. The question should be bite-sized, NOT ask for too much at once, and NOT repeat what has already been asked. In this case, respond with the atomic question and NOTHING ELSE.'}]
[2026-04-22 22:47:05,783] [INFO] [ABSTENTION RESPONSE]: I am unable to provide a recommendation without knowing the patient's reason for presenting to the clinic.

What is the patient's chief complaint?


[2026-04-22 22:47:05,783] [INFO] ++++++++++++++++++++ Start of Multiple Chocie Decision [expert_basics.py:expert_response_choice()] ++++++++++++++++++++
[2026-04-22 22:47:05,783] [INFO] [<CHOICE PROMPT>] [len(messages)=2] (messages[-1]):
A patient comes into the clinic presenting with a symptom as described in the conversation log below:
    
PATIENT INFORMATION: A 34-year-old pregnant woman, gravida 2, para 0, at 28 weeks of gestation presents to the physician for a prenatal visit.
CONVERSATION LOG:
Doctor Question: What is the patients reason for presenting to the clinic today?
Patient Response: The patient cannot answer this question, please do not ask this question again.

Doctor Question: None
Patient Response: The patient cannot answer this question, please do not ask this question again.

Doctor Question: None
Patient Response: The patient cannot answer this question, please do not ask this question again.

Doctor Question: What is the patients reason for presenting to the clinic today?
Patient Response: The patient cannot answer this question, please do not ask this question again.

Doctor Question: What is the patients reason for presenting to the clinic today?
Patient Response: The patient cannot answer this question, please do not ask this question again.

Doctor Question: What is the patients chief complaint?
Patient Response: The patient cannot answer this question, please do not ask this question again.

Doctor Question: What is the patients chief complaint?
Patient Response: The patient cannot answer this question, please do not ask this question again.

Doctor Question: None
Patient Response: The patient cannot answer this question, please do not ask this question again.

QUESTION: Which of the following is the most appropriate recommendation at this time?
OPTIONS: A: Hepatitis A vaccination, B: Plan to formula feed the newborn, C: Start combination therapy with interferon α and ribavirin, D: Undergo liver biopsy
YOUR TASK: Assume that you already have enough information from the above question-answer pairs to answer the patient inquiry, use the above information to produce a factual conclusion. Respond with the correct letter choice (A, B, C, or D) and NOTHING ELSE.
LETTER CHOICE: 
[2026-04-22 22:47:05,964] [INFO] [<CHOICE LM RES>]: B

[2026-04-22 22:47:05,964] [INFO] [<CHOICE PARSED>]: B
[2026-04-22 22:47:05,964] [INFO] [IMPLICIT ABSTAIN RETURN]: abstain: True, confidence: 0.0, letter_choice: B, usage: {'input_tokens': 1023, 'output_tokens': 35}, atomic_question: What is the patients chief complaint?

[2026-04-22 22:47:05,964] [INFO] [Expert System]: {'type': 'question', 'question': 'What is the patients chief complaint?', 'letter_choice': 'B', 'confidence': 0.0, 'usage': {'input_tokens': 1023, 'output_tokens': 35}}
[2026-04-22 22:47:06,622] [INFO] [Patient System]: The patient cannot answer this question, please do not ask this question again.

[2026-04-22 22:47:06,622] [INFO] ==================== Turn 10 ====================
[2026-04-22 22:47:06,622] [INFO] ++++++++++++++++++++ Start of Implicit Abstention [expert_basics.py:expert_response_choice_or_question()] ++++++++++++++++++++
[2026-04-22 22:47:06,622] [INFO] [<IMPLICIT ABSTAIN PROMPT>] [len(messages)=2] (messages[-1]):
A patient comes into the clinic presenting with a symptom as described in the conversation log below:
    
PATIENT INFORMATION: A 34-year-old pregnant woman, gravida 2, para 0, at 28 weeks of gestation presents to the physician for a prenatal visit.
CONVERSATION LOG:
Doctor Question: What is the patients reason for presenting to the clinic today?
Patient Response: The patient cannot answer this question, please do not ask this question again.

Doctor Question: None
Patient Response: The patient cannot answer this question, please do not ask this question again.

Doctor Question: None
Patient Response: The patient cannot answer this question, please do not ask this question again.

Doctor Question: What is the patients reason for presenting to the clinic today?
Patient Response: The patient cannot answer this question, please do not ask this question again.

Doctor Question: What is the patients reason for presenting to the clinic today?
Patient Response: The patient cannot answer this question, please do not ask this question again.

Doctor Question: What is the patients chief complaint?
Patient Response: The patient cannot answer this question, please do not ask this question again.

Doctor Question: What is the patients chief complaint?
Patient Response: The patient cannot answer this question, please do not ask this question again.

Doctor Question: None
Patient Response: The patient cannot answer this question, please do not ask this question again.

Doctor Question: What is the patients chief complaint?
Patient Response: The patient cannot answer this question, please do not ask this question again.

QUESTION: Which of the following is the most appropriate recommendation at this time?
OPTIONS: A: Hepatitis A vaccination, B: Plan to formula feed the newborn, C: Start combination therapy with interferon α and ribavirin, D: Undergo liver biopsy
YOUR TASK: Given the information so far, if you are confident to pick an option correctly and factually, respond with the letter choice and NOTHING ELSE. Otherwise, if you are not confident to pick an option and need more information, ask ONE SPECIFIC ATOMIC QUESTION to the patient. The question should be bite-sized, NOT ask for too much at once, and NOT repeat what has already been asked. In this case, respond with the atomic question and NOTHING ELSE.
[2026-04-22 22:47:06,622] [INFO] -------------------- Self-Consistency Iteration 1 --------------------
[2026-04-22 22:47:08,483] [INFO] [<IMPLICIT ABSTAIN LM RES>]: The patient is refusing to answer any questions about their reason for presenting. This is unusual and warrants further investigation. I will need more information to determine the appropriate course of action.

Atomic Question: Is there anything specific you are uncomfortable discussing today?

[2026-04-22 22:47:08,483] [INFO] [<IMPLICIT ABSTAIN PARSED>]: Is there anything specific you are uncomfortable discussing today?
[2026-04-22 22:47:08,483] [INFO] [<IMPLICIT ABSTAIN RETURN>]: atomic_question: Is there anything specific you are uncomfortable discussing today?, final_answer: None, conf_score: 0.0 ([0 : 1])
[2026-04-22 22:47:08,483] [INFO] [ABSTENTION PROMPT]: [{'role': 'system', 'content': 'You are a medical doctor trying to reason through a real-life clinical case. Based on your understanding of basic and clinical science, medical knowledge, and mechanisms underlying health, disease, patient care, and modes of therapy, respond according to the task specified by the user. Base your response on the current and standard practices referenced in medical guidelines.'}, {'role': 'user', 'content': 'A patient comes into the clinic presenting with a symptom as described in the conversation log below:\n    \nPATIENT INFORMATION: A 34-year-old pregnant woman, gravida 2, para 0, at 28 weeks of gestation presents to the physician for a prenatal visit.\nCONVERSATION LOG:\nDoctor Question: What is the patients reason for presenting to the clinic today?\nPatient Response: The patient cannot answer this question, please do not ask this question again.\n\nDoctor Question: None\nPatient Response: The patient cannot answer this question, please do not ask this question again.\n\nDoctor Question: None\nPatient Response: The patient cannot answer this question, please do not ask this question again.\n\nDoctor Question: What is the patients reason for presenting to the clinic today?\nPatient Response: The patient cannot answer this question, please do not ask this question again.\n\nDoctor Question: What is the patients reason for presenting to the clinic today?\nPatient Response: The patient cannot answer this question, please do not ask this question again.\n\nDoctor Question: What is the patients chief complaint?\nPatient Response: The patient cannot answer this question, please do not ask this question again.\n\nDoctor Question: What is the patients chief complaint?\nPatient Response: The patient cannot answer this question, please do not ask this question again.\n\nDoctor Question: None\nPatient Response: The patient cannot answer this question, please do not ask this question again.\n\nDoctor Question: What is the patients chief complaint?\nPatient Response: The patient cannot answer this question, please do not ask this question again.\n\nQUESTION: Which of the following is the most appropriate recommendation at this time?\nOPTIONS: A: Hepatitis A vaccination, B: Plan to formula feed the newborn, C: Start combination therapy with interferon α and ribavirin, D: Undergo liver biopsy\nYOUR TASK: Given the information so far, if you are confident to pick an option correctly and factually, respond with the letter choice and NOTHING ELSE. Otherwise, if you are not confident to pick an option and need more information, ask ONE SPECIFIC ATOMIC QUESTION to the patient. The question should be bite-sized, NOT ask for too much at once, and NOT repeat what has already been asked. In this case, respond with the atomic question and NOTHING ELSE.'}]
[2026-04-22 22:47:08,483] [INFO] [ABSTENTION RESPONSE]: The patient is refusing to answer any questions about their reason for presenting. This is unusual and warrants further investigation. I will need more information to determine the appropriate course of action.

Atomic Question: Is there anything specific you are uncomfortable discussing today?


[2026-04-22 22:47:08,483] [INFO] ++++++++++++++++++++ Start of Multiple Chocie Decision [expert_basics.py:expert_response_choice()] ++++++++++++++++++++
[2026-04-22 22:47:08,483] [INFO] [<CHOICE PROMPT>] [len(messages)=2] (messages[-1]):
A patient comes into the clinic presenting with a symptom as described in the conversation log below:
    
PATIENT INFORMATION: A 34-year-old pregnant woman, gravida 2, para 0, at 28 weeks of gestation presents to the physician for a prenatal visit.
CONVERSATION LOG:
Doctor Question: What is the patients reason for presenting to the clinic today?
Patient Response: The patient cannot answer this question, please do not ask this question again.

Doctor Question: None
Patient Response: The patient cannot answer this question, please do not ask this question again.

Doctor Question: None
Patient Response: The patient cannot answer this question, please do not ask this question again.

Doctor Question: What is the patients reason for presenting to the clinic today?
Patient Response: The patient cannot answer this question, please do not ask this question again.

Doctor Question: What is the patients reason for presenting to the clinic today?
Patient Response: The patient cannot answer this question, please do not ask this question again.

Doctor Question: What is the patients chief complaint?
Patient Response: The patient cannot answer this question, please do not ask this question again.

Doctor Question: What is the patients chief complaint?
Patient Response: The patient cannot answer this question, please do not ask this question again.

Doctor Question: None
Patient Response: The patient cannot answer this question, please do not ask this question again.

Doctor Question: What is the patients chief complaint?
Patient Response: The patient cannot answer this question, please do not ask this question again.

QUESTION: Which of the following is the most appropriate recommendation at this time?
OPTIONS: A: Hepatitis A vaccination, B: Plan to formula feed the newborn, C: Start combination therapy with interferon α and ribavirin, D: Undergo liver biopsy
YOUR TASK: Assume that you already have enough information from the above question-answer pairs to answer the patient inquiry, use the above information to produce a factual conclusion. Respond with the correct letter choice (A, B, C, or D) and NOTHING ELSE.
LETTER CHOICE: 
[2026-04-22 22:47:08,673] [INFO] [<CHOICE LM RES>]: B

[2026-04-22 22:47:08,673] [INFO] [<CHOICE PARSED>]: B
[2026-04-22 22:47:08,673] [INFO] [IMPLICIT ABSTAIN RETURN]: abstain: True, confidence: 0.0, letter_choice: B, usage: {'input_tokens': 1083, 'output_tokens': 54}, atomic_question: Is there anything specific you are uncomfortable discussing today?

[2026-04-22 22:47:08,673] [INFO] [Expert System]: {'type': 'question', 'question': 'Is there anything specific you are uncomfortable discussing today?', 'letter_choice': 'B', 'confidence': 0.0, 'usage': {'input_tokens': 1083, 'output_tokens': 54}}
[2026-04-22 22:47:09,330] [INFO] [Patient System]: The patient cannot answer this question, please do not ask this question again.

[2026-04-22 22:47:09,331] [INFO] ==================== Turn 11 ====================
[2026-04-22 22:47:09,331] [INFO] ++++++++++++++++++++ Start of Implicit Abstention [expert_basics.py:expert_response_choice_or_question()] ++++++++++++++++++++
[2026-04-22 22:47:09,331] [INFO] [<IMPLICIT ABSTAIN PROMPT>] [len(messages)=2] (messages[-1]):
A patient comes into the clinic presenting with a symptom as described in the conversation log below:
    
PATIENT INFORMATION: A 34-year-old pregnant woman, gravida 2, para 0, at 28 weeks of gestation presents to the physician for a prenatal visit.
CONVERSATION LOG:
Doctor Question: What is the patients reason for presenting to the clinic today?
Patient Response: The patient cannot answer this question, please do not ask this question again.

Doctor Question: None
Patient Response: The patient cannot answer this question, please do not ask this question again.

Doctor Question: None
Patient Response: The patient cannot answer this question, please do not ask this question again.

Doctor Question: What is the patients reason for presenting to the clinic today?
Patient Response: The patient cannot answer this question, please do not ask this question again.

Doctor Question: What is the patients reason for presenting to the clinic today?
Patient Response: The patient cannot answer this question, please do not ask this question again.

Doctor Question: What is the patients chief complaint?
Patient Response: The patient cannot answer this question, please do not ask this question again.

Doctor Question: What is the patients chief complaint?
Patient Response: The patient cannot answer this question, please do not ask this question again.

Doctor Question: None
Patient Response: The patient cannot answer this question, please do not ask this question again.

Doctor Question: What is the patients chief complaint?
Patient Response: The patient cannot answer this question, please do not ask this question again.

Doctor Question: Is there anything specific you are uncomfortable discussing today?
Patient Response: The patient cannot answer this question, please do not ask this question again.

QUESTION: Which of the following is the most appropriate recommendation at this time?
OPTIONS: A: Hepatitis A vaccination, B: Plan to formula feed the newborn, C: Start combination therapy with interferon α and ribavirin, D: Undergo liver biopsy
YOUR TASK: Given the information so far, if you are confident to pick an option correctly and factually, respond with the letter choice and NOTHING ELSE. Otherwise, if you are not confident to pick an option and need more information, ask ONE SPECIFIC ATOMIC QUESTION to the patient. The question should be bite-sized, NOT ask for too much at once, and NOT repeat what has already been asked. In this case, respond with the atomic question and NOTHING ELSE.
[2026-04-22 22:47:09,331] [INFO] -------------------- Self-Consistency Iteration 1 --------------------
[2026-04-22 22:47:11,473] [INFO] [<IMPLICIT ABSTAIN LM RES>]: The patient is refusing to answer questions about their reason for presenting. This is concerning and requires further investigation. I need to understand why they are refusing to answer.

Atomic Question: Are you experiencing any pain, discomfort, or other symptoms that are prompting you to seek medical attention today?

[2026-04-22 22:47:11,473] [INFO] [<IMPLICIT ABSTAIN PARSED>]: Are you experiencing any pain, discomfort, or other symptoms that are prompting you to seek medical attention today?
[2026-04-22 22:47:11,473] [INFO] [<IMPLICIT ABSTAIN RETURN>]: atomic_question: Are you experiencing any pain, discomfort, or other symptoms that are prompting you to seek medical attention today?, final_answer: None, conf_score: 0.0 ([0 : 1])
[2026-04-22 22:47:11,473] [INFO] [ABSTENTION PROMPT]: [{'role': 'system', 'content': 'You are a medical doctor trying to reason through a real-life clinical case. Based on your understanding of basic and clinical science, medical knowledge, and mechanisms underlying health, disease, patient care, and modes of therapy, respond according to the task specified by the user. Base your response on the current and standard practices referenced in medical guidelines.'}, {'role': 'user', 'content': 'A patient comes into the clinic presenting with a symptom as described in the conversation log below:\n    \nPATIENT INFORMATION: A 34-year-old pregnant woman, gravida 2, para 0, at 28 weeks of gestation presents to the physician for a prenatal visit.\nCONVERSATION LOG:\nDoctor Question: What is the patients reason for presenting to the clinic today?\nPatient Response: The patient cannot answer this question, please do not ask this question again.\n\nDoctor Question: None\nPatient Response: The patient cannot answer this question, please do not ask this question again.\n\nDoctor Question: None\nPatient Response: The patient cannot answer this question, please do not ask this question again.\n\nDoctor Question: What is the patients reason for presenting to the clinic today?\nPatient Response: The patient cannot answer this question, please do not ask this question again.\n\nDoctor Question: What is the patients reason for presenting to the clinic today?\nPatient Response: The patient cannot answer this question, please do not ask this question again.\n\nDoctor Question: What is the patients chief complaint?\nPatient Response: The patient cannot answer this question, please do not ask this question again.\n\nDoctor Question: What is the patients chief complaint?\nPatient Response: The patient cannot answer this question, please do not ask this question again.\n\nDoctor Question: None\nPatient Response: The patient cannot answer this question, please do not ask this question again.\n\nDoctor Question: What is the patients chief complaint?\nPatient Response: The patient cannot answer this question, please do not ask this question again.\n\nDoctor Question: Is there anything specific you are uncomfortable discussing today?\nPatient Response: The patient cannot answer this question, please do not ask this question again.\n\nQUESTION: Which of the following is the most appropriate recommendation at this time?\nOPTIONS: A: Hepatitis A vaccination, B: Plan to formula feed the newborn, C: Start combination therapy with interferon α and ribavirin, D: Undergo liver biopsy\nYOUR TASK: Given the information so far, if you are confident to pick an option correctly and factually, respond with the letter choice and NOTHING ELSE. Otherwise, if you are not confident to pick an option and need more information, ask ONE SPECIFIC ATOMIC QUESTION to the patient. The question should be bite-sized, NOT ask for too much at once, and NOT repeat what has already been asked. In this case, respond with the atomic question and NOTHING ELSE.'}]
[2026-04-22 22:47:11,473] [INFO] [ABSTENTION RESPONSE]: The patient is refusing to answer questions about their reason for presenting. This is concerning and requires further investigation. I need to understand why they are refusing to answer.

Atomic Question: Are you experiencing any pain, discomfort, or other symptoms that are prompting you to seek medical attention today?


[2026-04-22 22:47:11,473] [INFO] ++++++++++++++++++++ Start of Multiple Chocie Decision [expert_basics.py:expert_response_choice()] ++++++++++++++++++++
[2026-04-22 22:47:11,473] [INFO] [<CHOICE PROMPT>] [len(messages)=2] (messages[-1]):
A patient comes into the clinic presenting with a symptom as described in the conversation log below:
    
PATIENT INFORMATION: A 34-year-old pregnant woman, gravida 2, para 0, at 28 weeks of gestation presents to the physician for a prenatal visit.
CONVERSATION LOG:
Doctor Question: What is the patients reason for presenting to the clinic today?
Patient Response: The patient cannot answer this question, please do not ask this question again.

Doctor Question: None
Patient Response: The patient cannot answer this question, please do not ask this question again.

Doctor Question: None
Patient Response: The patient cannot answer this question, please do not ask this question again.

Doctor Question: What is the patients reason for presenting to the clinic today?
Patient Response: The patient cannot answer this question, please do not ask this question again.

Doctor Question: What is the patients reason for presenting to the clinic today?
Patient Response: The patient cannot answer this question, please do not ask this question again.

Doctor Question: What is the patients chief complaint?
Patient Response: The patient cannot answer this question, please do not ask this question again.

Doctor Question: What is the patients chief complaint?
Patient Response: The patient cannot answer this question, please do not ask this question again.

Doctor Question: None
Patient Response: The patient cannot answer this question, please do not ask this question again.

Doctor Question: What is the patients chief complaint?
Patient Response: The patient cannot answer this question, please do not ask this question again.

Doctor Question: Is there anything specific you are uncomfortable discussing today?
Patient Response: The patient cannot answer this question, please do not ask this question again.

QUESTION: Which of the following is the most appropriate recommendation at this time?
OPTIONS: A: Hepatitis A vaccination, B: Plan to formula feed the newborn, C: Start combination therapy with interferon α and ribavirin, D: Undergo liver biopsy
YOUR TASK: Assume that you already have enough information from the above question-answer pairs to answer the patient inquiry, use the above information to produce a factual conclusion. Respond with the correct letter choice (A, B, C, or D) and NOTHING ELSE.
LETTER CHOICE: 
[2026-04-22 22:47:11,660] [INFO] [<CHOICE LM RES>]: D

[2026-04-22 22:47:11,660] [INFO] [<CHOICE PARSED>]: D
[2026-04-22 22:47:11,660] [INFO] [IMPLICIT ABSTAIN RETURN]: abstain: True, confidence: 0.0, letter_choice: D, usage: {'input_tokens': 1149, 'output_tokens': 62}, atomic_question: Are you experiencing any pain, discomfort, or other symptoms that are prompting you to seek medical attention today?

[2026-04-22 22:47:11,660] [INFO] [Expert System]: {'type': 'question', 'question': 'Are you experiencing any pain, discomfort, or other symptoms that are prompting you to seek medical attention today?', 'letter_choice': 'D', 'confidence': 0.0, 'usage': {'input_tokens': 1149, 'output_tokens': 62}}
[2026-04-22 22:47:12,847] [INFO] [Patient System]: The patient appears well.
The physical examination reveals a fundal height of 26 cm.
No abnormalities are found during the physical exam.

[2026-04-22 22:47:12,848] [INFO] ==================== Turn 12 ====================
[2026-04-22 22:47:12,848] [INFO] ++++++++++++++++++++ Start of Implicit Abstention [expert_basics.py:expert_response_choice_or_question()] ++++++++++++++++++++
[2026-04-22 22:47:12,848] [INFO] [<IMPLICIT ABSTAIN PROMPT>] [len(messages)=2] (messages[-1]):
A patient comes into the clinic presenting with a symptom as described in the conversation log below:
    
PATIENT INFORMATION: A 34-year-old pregnant woman, gravida 2, para 0, at 28 weeks of gestation presents to the physician for a prenatal visit.
CONVERSATION LOG:
Doctor Question: What is the patients reason for presenting to the clinic today?
Patient Response: The patient cannot answer this question, please do not ask this question again.

Doctor Question: None
Patient Response: The patient cannot answer this question, please do not ask this question again.

Doctor Question: None
Patient Response: The patient cannot answer this question, please do not ask this question again.

Doctor Question: What is the patients reason for presenting to the clinic today?
Patient Response: The patient cannot answer this question, please do not ask this question again.

Doctor Question: What is the patients reason for presenting to the clinic today?
Patient Response: The patient cannot answer this question, please do not ask this question again.

Doctor Question: What is the patients chief complaint?
Patient Response: The patient cannot answer this question, please do not ask this question again.

Doctor Question: What is the patients chief complaint?
Patient Response: The patient cannot answer this question, please do not ask this question again.

Doctor Question: None
Patient Response: The patient cannot answer this question, please do not ask this question again.

Doctor Question: What is the patients chief complaint?
Patient Response: The patient cannot answer this question, please do not ask this question again.

Doctor Question: Is there anything specific you are uncomfortable discussing today?
Patient Response: The patient cannot answer this question, please do not ask this question again.

Doctor Question: Are you experiencing any pain, discomfort, or other symptoms that are prompting you to seek medical attention today?
Patient Response: The patient appears well.
The physical examination reveals a fundal height of 26 cm.
No abnormalities are found during the physical exam.

QUESTION: Which of the following is the most appropriate recommendation at this time?
OPTIONS: A: Hepatitis A vaccination, B: Plan to formula feed the newborn, C: Start combination therapy with interferon α and ribavirin, D: Undergo liver biopsy
YOUR TASK: Given the information so far, if you are confident to pick an option correctly and factually, respond with the letter choice and NOTHING ELSE. Otherwise, if you are not confident to pick an option and need more information, ask ONE SPECIFIC ATOMIC QUESTION to the patient. The question should be bite-sized, NOT ask for too much at once, and NOT repeat what has already been asked. In this case, respond with the atomic question and NOTHING ELSE.
[2026-04-22 22:47:12,848] [INFO] -------------------- Self-Consistency Iteration 1 --------------------
[2026-04-22 22:47:14,132] [INFO] [<IMPLICIT ABSTAIN LM RES>]: The patient is pregnant, and the physical exam is unremarkable. The patient reports feeling well. Therefore, the most appropriate recommendation is to continue prenatal care.

A

[2026-04-22 22:47:14,132] [INFO] ....Found A in response line: A
[2026-04-22 22:47:14,132] [INFO] [<IMPLICIT ABSTAIN PARSED>]: A
[2026-04-22 22:47:14,132] [INFO] [<IMPLICIT ABSTAIN RETURN>]: atomic_question: None, final_answer: A, conf_score: 1.0 ([1 : 0])
[2026-04-22 22:47:14,132] [INFO] [ABSTENTION PROMPT]: [{'role': 'system', 'content': 'You are a medical doctor trying to reason through a real-life clinical case. Based on your understanding of basic and clinical science, medical knowledge, and mechanisms underlying health, disease, patient care, and modes of therapy, respond according to the task specified by the user. Base your response on the current and standard practices referenced in medical guidelines.'}, {'role': 'user', 'content': 'A patient comes into the clinic presenting with a symptom as described in the conversation log below:\n    \nPATIENT INFORMATION: A 34-year-old pregnant woman, gravida 2, para 0, at 28 weeks of gestation presents to the physician for a prenatal visit.\nCONVERSATION LOG:\nDoctor Question: What is the patients reason for presenting to the clinic today?\nPatient Response: The patient cannot answer this question, please do not ask this question again.\n\nDoctor Question: None\nPatient Response: The patient cannot answer this question, please do not ask this question again.\n\nDoctor Question: None\nPatient Response: The patient cannot answer this question, please do not ask this question again.\n\nDoctor Question: What is the patients reason for presenting to the clinic today?\nPatient Response: The patient cannot answer this question, please do not ask this question again.\n\nDoctor Question: What is the patients reason for presenting to the clinic today?\nPatient Response: The patient cannot answer this question, please do not ask this question again.\n\nDoctor Question: What is the patients chief complaint?\nPatient Response: The patient cannot answer this question, please do not ask this question again.\n\nDoctor Question: What is the patients chief complaint?\nPatient Response: The patient cannot answer this question, please do not ask this question again.\n\nDoctor Question: None\nPatient Response: The patient cannot answer this question, please do not ask this question again.\n\nDoctor Question: What is the patients chief complaint?\nPatient Response: The patient cannot answer this question, please do not ask this question again.\n\nDoctor Question: Is there anything specific you are uncomfortable discussing today?\nPatient Response: The patient cannot answer this question, please do not ask this question again.\n\nDoctor Question: Are you experiencing any pain, discomfort, or other symptoms that are prompting you to seek medical attention today?\nPatient Response: The patient appears well.\nThe physical examination reveals a fundal height of 26 cm.\nNo abnormalities are found during the physical exam.\n\nQUESTION: Which of the following is the most appropriate recommendation at this time?\nOPTIONS: A: Hepatitis A vaccination, B: Plan to formula feed the newborn, C: Start combination therapy with interferon α and ribavirin, D: Undergo liver biopsy\nYOUR TASK: Given the information so far, if you are confident to pick an option correctly and factually, respond with the letter choice and NOTHING ELSE. Otherwise, if you are not confident to pick an option and need more information, ask ONE SPECIFIC ATOMIC QUESTION to the patient. The question should be bite-sized, NOT ask for too much at once, and NOT repeat what has already been asked. In this case, respond with the atomic question and NOTHING ELSE.'}]
[2026-04-22 22:47:14,132] [INFO] [ABSTENTION RESPONSE]: The patient is pregnant, and the physical exam is unremarkable. The patient reports feeling well. Therefore, the most appropriate recommendation is to continue prenatal care.

A


[2026-04-22 22:47:14,132] [INFO] [IMPLICIT ABSTAIN RETURN]: abstain: False, confidence: 1.0, letter_choice: A, usage: {'input_tokens': 653, 'output_tokens': 34}, atomic_question: None

[2026-04-22 22:47:14,132] [INFO] [Expert System]: {'type': 'choice', 'question': None, 'letter_choice': 'A', 'confidence': 1.0, 'usage': {'input_tokens': 653, 'output_tokens': 34}}
[2026-04-22 22:47:14,132] [INFO] |||||||||||||||||||| Interaction ended for patient #67 | Predicted: A | GT: A | Correct: True ||||||||||||||||||||



[2026-04-22 22:47:14,132] [INFO] |||||||||||||||||||| PATIENT #68 | GT: C (p24 antigen) ||||||||||||||||||||
[2026-04-22 22:47:14,132] [INFO] ==================== Turn 1 ====================
[2026-04-22 22:47:14,132] [INFO] ++++++++++++++++++++ Start of Implicit Abstention [expert_basics.py:expert_response_choice_or_question()] ++++++++++++++++++++
[2026-04-22 22:47:14,132] [INFO] [<IMPLICIT ABSTAIN PROMPT>] [len(messages)=2] (messages[-1]):
A patient comes into the clinic presenting with a symptom as described in the conversation log below:
    
PATIENT INFORMATION: A 36-year-old man presents with a 3-week history of fever, enlarged lymph nodes, fatigue, and a dry cough.
CONVERSATION LOG:
None
QUESTION: Which of the following does this screening test detect?
OPTIONS: A: Anti-HCV antigen, B: Lactic dehydrogenase, C: p24 antigen, D: CCR5 mutation
YOUR TASK: Given the information so far, if you are confident to pick an option correctly and factually, respond with the letter choice and NOTHING ELSE. Otherwise, if you are not confident to pick an option and need more information, ask ONE SPECIFIC ATOMIC QUESTION to the patient. The question should be bite-sized, NOT ask for too much at once, and NOT repeat what has already been asked. In this case, respond with the atomic question and NOTHING ELSE.
[2026-04-22 22:47:14,132] [INFO] -------------------- Self-Consistency Iteration 1 --------------------
[2026-04-22 22:47:14,310] [INFO] [<IMPLICIT ABSTAIN LM RES>]: C

[2026-04-22 22:47:14,310] [INFO] [<IMPLICIT ABSTAIN PARSED>]: C
[2026-04-22 22:47:14,310] [INFO] [<IMPLICIT ABSTAIN RETURN>]: atomic_question: None, final_answer: C, conf_score: 1.0 ([1 : 0])
[2026-04-22 22:47:14,310] [INFO] [ABSTENTION PROMPT]: [{'role': 'system', 'content': 'You are a medical doctor trying to reason through a real-life clinical case. Based on your understanding of basic and clinical science, medical knowledge, and mechanisms underlying health, disease, patient care, and modes of therapy, respond according to the task specified by the user. Base your response on the current and standard practices referenced in medical guidelines.'}, {'role': 'user', 'content': 'A patient comes into the clinic presenting with a symptom as described in the conversation log below:\n    \nPATIENT INFORMATION: A 36-year-old man presents with a 3-week history of fever, enlarged lymph nodes, fatigue, and a dry cough.\nCONVERSATION LOG:\nNone\nQUESTION: Which of the following does this screening test detect?\nOPTIONS: A: Anti-HCV antigen, B: Lactic dehydrogenase, C: p24 antigen, D: CCR5 mutation\nYOUR TASK: Given the information so far, if you are confident to pick an option correctly and factually, respond with the letter choice and NOTHING ELSE. Otherwise, if you are not confident to pick an option and need more information, ask ONE SPECIFIC ATOMIC QUESTION to the patient. The question should be bite-sized, NOT ask for too much at once, and NOT repeat what has already been asked. In this case, respond with the atomic question and NOTHING ELSE.'}]
[2026-04-22 22:47:14,310] [INFO] [ABSTENTION RESPONSE]: C


[2026-04-22 22:47:14,310] [INFO] [IMPLICIT ABSTAIN RETURN]: abstain: False, confidence: 1.0, letter_choice: C, usage: {'input_tokens': 281, 'output_tokens': 3}, atomic_question: None

[2026-04-22 22:47:14,310] [INFO] [Expert System]: {'type': 'choice', 'question': None, 'letter_choice': 'C', 'confidence': 1.0, 'usage': {'input_tokens': 281, 'output_tokens': 3}}
[2026-04-22 22:47:14,310] [INFO] |||||||||||||||||||| Interaction ended for patient #68 | Predicted: C | GT: C | Correct: True ||||||||||||||||||||



[2026-04-22 22:47:14,310] [INFO] |||||||||||||||||||| PATIENT #69 | GT: A (Ciprofloxacin) ||||||||||||||||||||
[2026-04-22 22:47:14,310] [INFO] ==================== Turn 1 ====================
[2026-04-22 22:47:14,310] [INFO] ++++++++++++++++++++ Start of Implicit Abstention [expert_basics.py:expert_response_choice_or_question()] ++++++++++++++++++++
[2026-04-22 22:47:14,310] [INFO] [<IMPLICIT ABSTAIN PROMPT>] [len(messages)=2] (messages[-1]):
A patient comes into the clinic presenting with a symptom as described in the conversation log below:
    
PATIENT INFORMATION: Seven days after initiation of induction chemotherapy for acute myeloid leukemia, a 56-year-old man develops leukopenia.
CONVERSATION LOG:
None
QUESTION: Laboratory studies show: | Hemoglobin 9 g/dL | Leukocyte count 1,500/mm3 | Percent segmented neutrophils 50% | Platelet count 85,000/mm3 | To reduce the likelihood of complications, it is most appropriate to administer which of the following?
OPTIONS: A: Ciprofloxacin, B: Granulocyte colony-stimulating factor, C: Vancomycin, D: No pharmaco-prophylaxis at this time
YOUR TASK: Given the information so far, if you are confident to pick an option correctly and factually, respond with the letter choice and NOTHING ELSE. Otherwise, if you are not confident to pick an option and need more information, ask ONE SPECIFIC ATOMIC QUESTION to the patient. The question should be bite-sized, NOT ask for too much at once, and NOT repeat what has already been asked. In this case, respond with the atomic question and NOTHING ELSE.
[2026-04-22 22:47:14,310] [INFO] -------------------- Self-Consistency Iteration 1 --------------------
[2026-04-22 22:47:14,488] [INFO] [<IMPLICIT ABSTAIN LM RES>]: B

[2026-04-22 22:47:14,488] [INFO] [<IMPLICIT ABSTAIN PARSED>]: B
[2026-04-22 22:47:14,488] [INFO] [<IMPLICIT ABSTAIN RETURN>]: atomic_question: None, final_answer: B, conf_score: 1.0 ([1 : 0])
[2026-04-22 22:47:14,488] [INFO] [ABSTENTION PROMPT]: [{'role': 'system', 'content': 'You are a medical doctor trying to reason through a real-life clinical case. Based on your understanding of basic and clinical science, medical knowledge, and mechanisms underlying health, disease, patient care, and modes of therapy, respond according to the task specified by the user. Base your response on the current and standard practices referenced in medical guidelines.'}, {'role': 'user', 'content': 'A patient comes into the clinic presenting with a symptom as described in the conversation log below:\n    \nPATIENT INFORMATION: Seven days after initiation of induction chemotherapy for acute myeloid leukemia, a 56-year-old man develops leukopenia.\nCONVERSATION LOG:\nNone\nQUESTION: Laboratory studies show: | Hemoglobin 9 g/dL | Leukocyte count 1,500/mm3 | Percent segmented neutrophils 50% | Platelet count 85,000/mm3 | To reduce the likelihood of complications, it is most appropriate to administer which of the following?\nOPTIONS: A: Ciprofloxacin, B: Granulocyte colony-stimulating factor, C: Vancomycin, D: No pharmaco-prophylaxis at this time\nYOUR TASK: Given the information so far, if you are confident to pick an option correctly and factually, respond with the letter choice and NOTHING ELSE. Otherwise, if you are not confident to pick an option and need more information, ask ONE SPECIFIC ATOMIC QUESTION to the patient. The question should be bite-sized, NOT ask for too much at once, and NOT repeat what has already been asked. In this case, respond with the atomic question and NOTHING ELSE.'}]
[2026-04-22 22:47:14,488] [INFO] [ABSTENTION RESPONSE]: B


[2026-04-22 22:47:14,488] [INFO] [IMPLICIT ABSTAIN RETURN]: abstain: False, confidence: 1.0, letter_choice: B, usage: {'input_tokens': 338, 'output_tokens': 3}, atomic_question: None

[2026-04-22 22:47:14,488] [INFO] [Expert System]: {'type': 'choice', 'question': None, 'letter_choice': 'B', 'confidence': 1.0, 'usage': {'input_tokens': 338, 'output_tokens': 3}}
[2026-04-22 22:47:14,488] [INFO] |||||||||||||||||||| Interaction ended for patient #69 | Predicted: B | GT: A | Correct: False ||||||||||||||||||||



[2026-04-22 22:47:14,488] [INFO] |||||||||||||||||||| PATIENT #70 | GT: C (Succinylcholine) ||||||||||||||||||||
[2026-04-22 22:47:14,488] [INFO] ==================== Turn 1 ====================
[2026-04-22 22:47:14,488] [INFO] ++++++++++++++++++++ Start of Implicit Abstention [expert_basics.py:expert_response_choice_or_question()] ++++++++++++++++++++
[2026-04-22 22:47:14,488] [INFO] [<IMPLICIT ABSTAIN PROMPT>] [len(messages)=2] (messages[-1]):
A patient comes into the clinic presenting with a symptom as described in the conversation log below:
    
PATIENT INFORMATION: A 40-year-old man undergoes an elective cholecystectomy for repeated attacks of cholelithiasis over the last 5 years.
CONVERSATION LOG:
None
QUESTION: Which of the following drugs most likely caused prolonged muscle paralysis in this patient?
OPTIONS: A: Midazolam, B: Pancuronium, C: Succinylcholine, D: Tubocurarine
YOUR TASK: Given the information so far, if you are confident to pick an option correctly and factually, respond with the letter choice and NOTHING ELSE. Otherwise, if you are not confident to pick an option and need more information, ask ONE SPECIFIC ATOMIC QUESTION to the patient. The question should be bite-sized, NOT ask for too much at once, and NOT repeat what has already been asked. In this case, respond with the atomic question and NOTHING ELSE.
[2026-04-22 22:47:14,488] [INFO] -------------------- Self-Consistency Iteration 1 --------------------
[2026-04-22 22:47:14,665] [INFO] [<IMPLICIT ABSTAIN LM RES>]: B

[2026-04-22 22:47:14,665] [INFO] [<IMPLICIT ABSTAIN PARSED>]: B
[2026-04-22 22:47:14,665] [INFO] [<IMPLICIT ABSTAIN RETURN>]: atomic_question: None, final_answer: B, conf_score: 1.0 ([1 : 0])
[2026-04-22 22:47:14,665] [INFO] [ABSTENTION PROMPT]: [{'role': 'system', 'content': 'You are a medical doctor trying to reason through a real-life clinical case. Based on your understanding of basic and clinical science, medical knowledge, and mechanisms underlying health, disease, patient care, and modes of therapy, respond according to the task specified by the user. Base your response on the current and standard practices referenced in medical guidelines.'}, {'role': 'user', 'content': 'A patient comes into the clinic presenting with a symptom as described in the conversation log below:\n    \nPATIENT INFORMATION: A 40-year-old man undergoes an elective cholecystectomy for repeated attacks of cholelithiasis over the last 5 years.\nCONVERSATION LOG:\nNone\nQUESTION: Which of the following drugs most likely caused prolonged muscle paralysis in this patient?\nOPTIONS: A: Midazolam, B: Pancuronium, C: Succinylcholine, D: Tubocurarine\nYOUR TASK: Given the information so far, if you are confident to pick an option correctly and factually, respond with the letter choice and NOTHING ELSE. Otherwise, if you are not confident to pick an option and need more information, ask ONE SPECIFIC ATOMIC QUESTION to the patient. The question should be bite-sized, NOT ask for too much at once, and NOT repeat what has already been asked. In this case, respond with the atomic question and NOTHING ELSE.'}]
[2026-04-22 22:47:14,665] [INFO] [ABSTENTION RESPONSE]: B


[2026-04-22 22:47:14,665] [INFO] [IMPLICIT ABSTAIN RETURN]: abstain: False, confidence: 1.0, letter_choice: B, usage: {'input_tokens': 283, 'output_tokens': 3}, atomic_question: None

[2026-04-22 22:47:14,665] [INFO] [Expert System]: {'type': 'choice', 'question': None, 'letter_choice': 'B', 'confidence': 1.0, 'usage': {'input_tokens': 283, 'output_tokens': 3}}
[2026-04-22 22:47:14,665] [INFO] |||||||||||||||||||| Interaction ended for patient #70 | Predicted: B | GT: C | Correct: False ||||||||||||||||||||



[2026-04-22 22:47:14,665] [INFO] |||||||||||||||||||| PATIENT #71 | GT: D (Surface ectoderm) ||||||||||||||||||||
[2026-04-22 22:47:14,665] [INFO] ==================== Turn 1 ====================
[2026-04-22 22:47:14,665] [INFO] ++++++++++++++++++++ Start of Implicit Abstention [expert_basics.py:expert_response_choice_or_question()] ++++++++++++++++++++
[2026-04-22 22:47:14,665] [INFO] [<IMPLICIT ABSTAIN PROMPT>] [len(messages)=2] (messages[-1]):
A patient comes into the clinic presenting with a symptom as described in the conversation log below:
    
PATIENT INFORMATION: A 12-year-old boy is brought to the emergency department by ambulance after he was struck by a car while crossing the road.
CONVERSATION LOG:
None
QUESTION: The most likely pathology underlying this patient's symptoms is derived from which of the following embryonic layers?
OPTIONS: A: Mesoderm, B: Neural crest, C: Neuroectoderm, D: Surface ectoderm
YOUR TASK: Given the information so far, if you are confident to pick an option correctly and factually, respond with the letter choice and NOTHING ELSE. Otherwise, if you are not confident to pick an option and need more information, ask ONE SPECIFIC ATOMIC QUESTION to the patient. The question should be bite-sized, NOT ask for too much at once, and NOT repeat what has already been asked. In this case, respond with the atomic question and NOTHING ELSE.
[2026-04-22 22:47:14,665] [INFO] -------------------- Self-Consistency Iteration 1 --------------------
[2026-04-22 22:47:14,843] [INFO] [<IMPLICIT ABSTAIN LM RES>]: C

[2026-04-22 22:47:14,843] [INFO] [<IMPLICIT ABSTAIN PARSED>]: C
[2026-04-22 22:47:14,843] [INFO] [<IMPLICIT ABSTAIN RETURN>]: atomic_question: None, final_answer: C, conf_score: 1.0 ([1 : 0])
[2026-04-22 22:47:14,843] [INFO] [ABSTENTION PROMPT]: [{'role': 'system', 'content': 'You are a medical doctor trying to reason through a real-life clinical case. Based on your understanding of basic and clinical science, medical knowledge, and mechanisms underlying health, disease, patient care, and modes of therapy, respond according to the task specified by the user. Base your response on the current and standard practices referenced in medical guidelines.'}, {'role': 'user', 'content': "A patient comes into the clinic presenting with a symptom as described in the conversation log below:\n    \nPATIENT INFORMATION: A 12-year-old boy is brought to the emergency department by ambulance after he was struck by a car while crossing the road.\nCONVERSATION LOG:\nNone\nQUESTION: The most likely pathology underlying this patient's symptoms is derived from which of the following embryonic layers?\nOPTIONS: A: Mesoderm, B: Neural crest, C: Neuroectoderm, D: Surface ectoderm\nYOUR TASK: Given the information so far, if you are confident to pick an option correctly and factually, respond with the letter choice and NOTHING ELSE. Otherwise, if you are not confident to pick an option and need more information, ask ONE SPECIFIC ATOMIC QUESTION to the patient. The question should be bite-sized, NOT ask for too much at once, and NOT repeat what has already been asked. In this case, respond with the atomic question and NOTHING ELSE."}]
[2026-04-22 22:47:14,843] [INFO] [ABSTENTION RESPONSE]: C


[2026-04-22 22:47:14,843] [INFO] [IMPLICIT ABSTAIN RETURN]: abstain: False, confidence: 1.0, letter_choice: C, usage: {'input_tokens': 284, 'output_tokens': 3}, atomic_question: None

[2026-04-22 22:47:14,843] [INFO] [Expert System]: {'type': 'choice', 'question': None, 'letter_choice': 'C', 'confidence': 1.0, 'usage': {'input_tokens': 284, 'output_tokens': 3}}
[2026-04-22 22:47:14,843] [INFO] |||||||||||||||||||| Interaction ended for patient #71 | Predicted: C | GT: D | Correct: False ||||||||||||||||||||



[2026-04-22 22:47:14,843] [INFO] |||||||||||||||||||| PATIENT #72 | GT: B (Chronic steroid use) ||||||||||||||||||||
[2026-04-22 22:47:14,843] [INFO] ==================== Turn 1 ====================
[2026-04-22 22:47:14,843] [INFO] ++++++++++++++++++++ Start of Implicit Abstention [expert_basics.py:expert_response_choice_or_question()] ++++++++++++++++++++
[2026-04-22 22:47:14,843] [INFO] [<IMPLICIT ABSTAIN PROMPT>] [len(messages)=2] (messages[-1]):
A patient comes into the clinic presenting with a symptom as described in the conversation log below:
    
PATIENT INFORMATION: A 40-year-old man presents with left hip pain.
CONVERSATION LOG:
None
QUESTION: Which of the following is most likely to be the underlying cause for the fracture in this patient?
OPTIONS: A: Trauma, B: Chronic steroid use, C: Metastatic lesion, D: Sciatica
YOUR TASK: Given the information so far, if you are confident to pick an option correctly and factually, respond with the letter choice and NOTHING ELSE. Otherwise, if you are not confident to pick an option and need more information, ask ONE SPECIFIC ATOMIC QUESTION to the patient. The question should be bite-sized, NOT ask for too much at once, and NOT repeat what has already been asked. In this case, respond with the atomic question and NOTHING ELSE.
[2026-04-22 22:47:14,843] [INFO] -------------------- Self-Consistency Iteration 1 --------------------
[2026-04-22 22:47:15,025] [INFO] [<IMPLICIT ABSTAIN LM RES>]: B

[2026-04-22 22:47:15,025] [INFO] [<IMPLICIT ABSTAIN PARSED>]: B
[2026-04-22 22:47:15,025] [INFO] [<IMPLICIT ABSTAIN RETURN>]: atomic_question: None, final_answer: B, conf_score: 1.0 ([1 : 0])
[2026-04-22 22:47:15,025] [INFO] [ABSTENTION PROMPT]: [{'role': 'system', 'content': 'You are a medical doctor trying to reason through a real-life clinical case. Based on your understanding of basic and clinical science, medical knowledge, and mechanisms underlying health, disease, patient care, and modes of therapy, respond according to the task specified by the user. Base your response on the current and standard practices referenced in medical guidelines.'}, {'role': 'user', 'content': 'A patient comes into the clinic presenting with a symptom as described in the conversation log below:\n    \nPATIENT INFORMATION: A 40-year-old man presents with left hip pain.\nCONVERSATION LOG:\nNone\nQUESTION: Which of the following is most likely to be the underlying cause for the fracture in this patient?\nOPTIONS: A: Trauma, B: Chronic steroid use, C: Metastatic lesion, D: Sciatica\nYOUR TASK: Given the information so far, if you are confident to pick an option correctly and factually, respond with the letter choice and NOTHING ELSE. Otherwise, if you are not confident to pick an option and need more information, ask ONE SPECIFIC ATOMIC QUESTION to the patient. The question should be bite-sized, NOT ask for too much at once, and NOT repeat what has already been asked. In this case, respond with the atomic question and NOTHING ELSE.'}]
[2026-04-22 22:47:15,025] [INFO] [ABSTENTION RESPONSE]: B


[2026-04-22 22:47:15,025] [INFO] [IMPLICIT ABSTAIN RETURN]: abstain: False, confidence: 1.0, letter_choice: B, usage: {'input_tokens': 268, 'output_tokens': 3}, atomic_question: None

[2026-04-22 22:47:15,025] [INFO] [Expert System]: {'type': 'choice', 'question': None, 'letter_choice': 'B', 'confidence': 1.0, 'usage': {'input_tokens': 268, 'output_tokens': 3}}
[2026-04-22 22:47:15,025] [INFO] |||||||||||||||||||| Interaction ended for patient #72 | Predicted: B | GT: B | Correct: True ||||||||||||||||||||



[2026-04-22 22:47:15,025] [INFO] |||||||||||||||||||| PATIENT #73 | GT: A (Lower border of the 10th rib at the right midaxillary line) ||||||||||||||||||||
[2026-04-22 22:47:15,025] [INFO] ==================== Turn 1 ====================
[2026-04-22 22:47:15,025] [INFO] ++++++++++++++++++++ Start of Implicit Abstention [expert_basics.py:expert_response_choice_or_question()] ++++++++++++++++++++
[2026-04-22 22:47:15,025] [INFO] [<IMPLICIT ABSTAIN PROMPT>] [len(messages)=2] (messages[-1]):
A patient comes into the clinic presenting with a symptom as described in the conversation log below:
    
PATIENT INFORMATION: A 78-year-old woman with a history of breast cancer, status-post bilateral mastectomy, presents to the emergency department with progressive difficulty breathing, worsening fatigue, and 5 pounds of unintended weight loss over the past month.
CONVERSATION LOG:
None
QUESTION: Where was the thoracentesis needle most likely placed?
OPTIONS: A: Lower border of the 10th rib at the right midaxillary line, B: Lower border of the 9th rib at the right midaxillary line, C: Upper border of the 7th rib at the right midclavicular line, D: Upper border of the 10th rib at the right midaxillary line
YOUR TASK: Given the information so far, if you are confident to pick an option correctly and factually, respond with the letter choice and NOTHING ELSE. Otherwise, if you are not confident to pick an option and need more information, ask ONE SPECIFIC ATOMIC QUESTION to the patient. The question should be bite-sized, NOT ask for too much at once, and NOT repeat what has already been asked. In this case, respond with the atomic question and NOTHING ELSE.
[2026-04-22 22:47:15,025] [INFO] -------------------- Self-Consistency Iteration 1 --------------------
[2026-04-22 22:47:15,209] [INFO] [<IMPLICIT ABSTAIN LM RES>]: B

[2026-04-22 22:47:15,209] [INFO] [<IMPLICIT ABSTAIN PARSED>]: B
[2026-04-22 22:47:15,209] [INFO] [<IMPLICIT ABSTAIN RETURN>]: atomic_question: None, final_answer: B, conf_score: 1.0 ([1 : 0])
[2026-04-22 22:47:15,209] [INFO] [ABSTENTION PROMPT]: [{'role': 'system', 'content': 'You are a medical doctor trying to reason through a real-life clinical case. Based on your understanding of basic and clinical science, medical knowledge, and mechanisms underlying health, disease, patient care, and modes of therapy, respond according to the task specified by the user. Base your response on the current and standard practices referenced in medical guidelines.'}, {'role': 'user', 'content': 'A patient comes into the clinic presenting with a symptom as described in the conversation log below:\n    \nPATIENT INFORMATION: A 78-year-old woman with a history of breast cancer, status-post bilateral mastectomy, presents to the emergency department with progressive difficulty breathing, worsening fatigue, and 5 pounds of unintended weight loss over the past month.\nCONVERSATION LOG:\nNone\nQUESTION: Where was the thoracentesis needle most likely placed?\nOPTIONS: A: Lower border of the 10th rib at the right midaxillary line, B: Lower border of the 9th rib at the right midaxillary line, C: Upper border of the 7th rib at the right midclavicular line, D: Upper border of the 10th rib at the right midaxillary line\nYOUR TASK: Given the information so far, if you are confident to pick an option correctly and factually, respond with the letter choice and NOTHING ELSE. Otherwise, if you are not confident to pick an option and need more information, ask ONE SPECIFIC ATOMIC QUESTION to the patient. The question should be bite-sized, NOT ask for too much at once, and NOT repeat what has already been asked. In this case, respond with the atomic question and NOTHING ELSE.'}]
[2026-04-22 22:47:15,209] [INFO] [ABSTENTION RESPONSE]: B


[2026-04-22 22:47:15,209] [INFO] [IMPLICIT ABSTAIN RETURN]: abstain: False, confidence: 1.0, letter_choice: B, usage: {'input_tokens': 346, 'output_tokens': 3}, atomic_question: None

[2026-04-22 22:47:15,209] [INFO] [Expert System]: {'type': 'choice', 'question': None, 'letter_choice': 'B', 'confidence': 1.0, 'usage': {'input_tokens': 346, 'output_tokens': 3}}
[2026-04-22 22:47:15,209] [INFO] |||||||||||||||||||| Interaction ended for patient #73 | Predicted: B | GT: A | Correct: False ||||||||||||||||||||



[2026-04-22 22:47:15,209] [INFO] |||||||||||||||||||| PATIENT #74 | GT: A (Value of Vmax is unchanged but value of Km is increased) ||||||||||||||||||||
[2026-04-22 22:47:15,209] [INFO] ==================== Turn 1 ====================
[2026-04-22 22:47:15,209] [INFO] ++++++++++++++++++++ Start of Implicit Abstention [expert_basics.py:expert_response_choice_or_question()] ++++++++++++++++++++
[2026-04-22 22:47:15,209] [INFO] [<IMPLICIT ABSTAIN PROMPT>] [len(messages)=2] (messages[-1]):
A patient comes into the clinic presenting with a symptom as described in the conversation log below:
    
PATIENT INFORMATION: While studying the metabolism of a novel drug, the researcher identifies a molecule that inhibits its metabolism by binding with enzyme E.
CONVERSATION LOG:
None
QUESTION: Which of the following statements best describes the effects of molecule A on Vmax and Km on the metabolic reactions of the novel drug?
OPTIONS: A: Value of Vmax is unchanged but value of Km is increased, B: Value of Vmax is decreased but value of Km is unchanged, C: Values of both Vmax and Km are unchanged, D: Value of Vmax is unchanged but value of Km is decreased
YOUR TASK: Given the information so far, if you are confident to pick an option correctly and factually, respond with the letter choice and NOTHING ELSE. Otherwise, if you are not confident to pick an option and need more information, ask ONE SPECIFIC ATOMIC QUESTION to the patient. The question should be bite-sized, NOT ask for too much at once, and NOT repeat what has already been asked. In this case, respond with the atomic question and NOTHING ELSE.
[2026-04-22 22:47:15,209] [INFO] -------------------- Self-Consistency Iteration 1 --------------------
[2026-04-22 22:47:15,394] [INFO] [<IMPLICIT ABSTAIN LM RES>]: D

[2026-04-22 22:47:15,394] [INFO] [<IMPLICIT ABSTAIN PARSED>]: D
[2026-04-22 22:47:15,394] [INFO] [<IMPLICIT ABSTAIN RETURN>]: atomic_question: None, final_answer: D, conf_score: 1.0 ([1 : 0])
[2026-04-22 22:47:15,394] [INFO] [ABSTENTION PROMPT]: [{'role': 'system', 'content': 'You are a medical doctor trying to reason through a real-life clinical case. Based on your understanding of basic and clinical science, medical knowledge, and mechanisms underlying health, disease, patient care, and modes of therapy, respond according to the task specified by the user. Base your response on the current and standard practices referenced in medical guidelines.'}, {'role': 'user', 'content': 'A patient comes into the clinic presenting with a symptom as described in the conversation log below:\n    \nPATIENT INFORMATION: While studying the metabolism of a novel drug, the researcher identifies a molecule that inhibits its metabolism by binding with enzyme E.\nCONVERSATION LOG:\nNone\nQUESTION: Which of the following statements best describes the effects of molecule A on Vmax and Km on the metabolic reactions of the novel drug?\nOPTIONS: A: Value of Vmax is unchanged but value of Km is increased, B: Value of Vmax is decreased but value of Km is unchanged, C: Values of both Vmax and Km are unchanged, D: Value of Vmax is unchanged but value of Km is decreased\nYOUR TASK: Given the information so far, if you are confident to pick an option correctly and factually, respond with the letter choice and NOTHING ELSE. Otherwise, if you are not confident to pick an option and need more information, ask ONE SPECIFIC ATOMIC QUESTION to the patient. The question should be bite-sized, NOT ask for too much at once, and NOT repeat what has already been asked. In this case, respond with the atomic question and NOTHING ELSE.'}]
[2026-04-22 22:47:15,394] [INFO] [ABSTENTION RESPONSE]: D


[2026-04-22 22:47:15,394] [INFO] [IMPLICIT ABSTAIN RETURN]: abstain: False, confidence: 1.0, letter_choice: D, usage: {'input_tokens': 320, 'output_tokens': 3}, atomic_question: None

[2026-04-22 22:47:15,394] [INFO] [Expert System]: {'type': 'choice', 'question': None, 'letter_choice': 'D', 'confidence': 1.0, 'usage': {'input_tokens': 320, 'output_tokens': 3}}
[2026-04-22 22:47:15,394] [INFO] |||||||||||||||||||| Interaction ended for patient #74 | Predicted: D | GT: A | Correct: False ||||||||||||||||||||



[2026-04-22 22:47:15,394] [INFO] |||||||||||||||||||| PATIENT #75 | GT: A (Angiotensin II) ||||||||||||||||||||
[2026-04-22 22:47:15,394] [INFO] ==================== Turn 1 ====================
[2026-04-22 22:47:15,394] [INFO] ++++++++++++++++++++ Start of Implicit Abstention [expert_basics.py:expert_response_choice_or_question()] ++++++++++++++++++++
[2026-04-22 22:47:15,394] [INFO] [<IMPLICIT ABSTAIN PROMPT>] [len(messages)=2] (messages[-1]):
A patient comes into the clinic presenting with a symptom as described in the conversation log below:
    
PATIENT INFORMATION: A 70-year-old man presents to a physician’s office with shortness of breath for 1 month.
CONVERSATION LOG:
None
QUESTION: Inhibition of which of the following hormones would be most beneficial for this patient?
OPTIONS: A: Angiotensin II, B: Prostaglandin E1, C: Aldosterone, D: Epinephrine
YOUR TASK: Given the information so far, if you are confident to pick an option correctly and factually, respond with the letter choice and NOTHING ELSE. Otherwise, if you are not confident to pick an option and need more information, ask ONE SPECIFIC ATOMIC QUESTION to the patient. The question should be bite-sized, NOT ask for too much at once, and NOT repeat what has already been asked. In this case, respond with the atomic question and NOTHING ELSE.
[2026-04-22 22:47:15,394] [INFO] -------------------- Self-Consistency Iteration 1 --------------------
[2026-04-22 22:47:15,571] [INFO] [<IMPLICIT ABSTAIN LM RES>]: B

[2026-04-22 22:47:15,572] [INFO] [<IMPLICIT ABSTAIN PARSED>]: B
[2026-04-22 22:47:15,572] [INFO] [<IMPLICIT ABSTAIN RETURN>]: atomic_question: None, final_answer: B, conf_score: 1.0 ([1 : 0])
[2026-04-22 22:47:15,572] [INFO] [ABSTENTION PROMPT]: [{'role': 'system', 'content': 'You are a medical doctor trying to reason through a real-life clinical case. Based on your understanding of basic and clinical science, medical knowledge, and mechanisms underlying health, disease, patient care, and modes of therapy, respond according to the task specified by the user. Base your response on the current and standard practices referenced in medical guidelines.'}, {'role': 'user', 'content': 'A patient comes into the clinic presenting with a symptom as described in the conversation log below:\n    \nPATIENT INFORMATION: A 70-year-old man presents to a physician’s office with shortness of breath for 1 month.\nCONVERSATION LOG:\nNone\nQUESTION: Inhibition of which of the following hormones would be most beneficial for this patient?\nOPTIONS: A: Angiotensin II, B: Prostaglandin E1, C: Aldosterone, D: Epinephrine\nYOUR TASK: Given the information so far, if you are confident to pick an option correctly and factually, respond with the letter choice and NOTHING ELSE. Otherwise, if you are not confident to pick an option and need more information, ask ONE SPECIFIC ATOMIC QUESTION to the patient. The question should be bite-sized, NOT ask for too much at once, and NOT repeat what has already been asked. In this case, respond with the atomic question and NOTHING ELSE.'}]
[2026-04-22 22:47:15,572] [INFO] [ABSTENTION RESPONSE]: B


[2026-04-22 22:47:15,572] [INFO] [IMPLICIT ABSTAIN RETURN]: abstain: False, confidence: 1.0, letter_choice: B, usage: {'input_tokens': 278, 'output_tokens': 3}, atomic_question: None

[2026-04-22 22:47:15,572] [INFO] [Expert System]: {'type': 'choice', 'question': None, 'letter_choice': 'B', 'confidence': 1.0, 'usage': {'input_tokens': 278, 'output_tokens': 3}}
[2026-04-22 22:47:15,572] [INFO] |||||||||||||||||||| Interaction ended for patient #75 | Predicted: B | GT: A | Correct: False ||||||||||||||||||||



[2026-04-22 22:47:15,572] [INFO] |||||||||||||||||||| PATIENT #76 | GT: A (Intermittent catheterization) ||||||||||||||||||||
[2026-04-22 22:47:15,572] [INFO] ==================== Turn 1 ====================
[2026-04-22 22:47:15,572] [INFO] ++++++++++++++++++++ Start of Implicit Abstention [expert_basics.py:expert_response_choice_or_question()] ++++++++++++++++++++
[2026-04-22 22:47:15,572] [INFO] [<IMPLICIT ABSTAIN PROMPT>] [len(messages)=2] (messages[-1]):
A patient comes into the clinic presenting with a symptom as described in the conversation log below:
    
PATIENT INFORMATION: A 51-year-old man comes to the physician because of severe pain while urinating for 4 days.
CONVERSATION LOG:
None
QUESTION: WBC 20–25/hpf | Which of the following would have most likely prevented this complication?"
OPTIONS: A: Intermittent catheterization, B: Prophylactic oral ciprofloxacin, C: Topical mupirocin application, D: Screening for bacteriuria
YOUR TASK: Given the information so far, if you are confident to pick an option correctly and factually, respond with the letter choice and NOTHING ELSE. Otherwise, if you are not confident to pick an option and need more information, ask ONE SPECIFIC ATOMIC QUESTION to the patient. The question should be bite-sized, NOT ask for too much at once, and NOT repeat what has already been asked. In this case, respond with the atomic question and NOTHING ELSE.
[2026-04-22 22:47:15,572] [INFO] -------------------- Self-Consistency Iteration 1 --------------------
[2026-04-22 22:47:15,750] [INFO] [<IMPLICIT ABSTAIN LM RES>]: A

[2026-04-22 22:47:15,750] [INFO] [<IMPLICIT ABSTAIN PARSED>]: A
[2026-04-22 22:47:15,750] [INFO] [<IMPLICIT ABSTAIN RETURN>]: atomic_question: None, final_answer: A, conf_score: 1.0 ([1 : 0])
[2026-04-22 22:47:15,750] [INFO] [ABSTENTION PROMPT]: [{'role': 'system', 'content': 'You are a medical doctor trying to reason through a real-life clinical case. Based on your understanding of basic and clinical science, medical knowledge, and mechanisms underlying health, disease, patient care, and modes of therapy, respond according to the task specified by the user. Base your response on the current and standard practices referenced in medical guidelines.'}, {'role': 'user', 'content': 'A patient comes into the clinic presenting with a symptom as described in the conversation log below:\n    \nPATIENT INFORMATION: A 51-year-old man comes to the physician because of severe pain while urinating for 4 days.\nCONVERSATION LOG:\nNone\nQUESTION: WBC 20–25/hpf | Which of the following would have most likely prevented this complication?"\nOPTIONS: A: Intermittent catheterization, B: Prophylactic oral ciprofloxacin, C: Topical mupirocin application, D: Screening for bacteriuria\nYOUR TASK: Given the information so far, if you are confident to pick an option correctly and factually, respond with the letter choice and NOTHING ELSE. Otherwise, if you are not confident to pick an option and need more information, ask ONE SPECIFIC ATOMIC QUESTION to the patient. The question should be bite-sized, NOT ask for too much at once, and NOT repeat what has already been asked. In this case, respond with the atomic question and NOTHING ELSE.'}]
[2026-04-22 22:47:15,750] [INFO] [ABSTENTION RESPONSE]: A


[2026-04-22 22:47:15,750] [INFO] [IMPLICIT ABSTAIN RETURN]: abstain: False, confidence: 1.0, letter_choice: A, usage: {'input_tokens': 293, 'output_tokens': 3}, atomic_question: None

[2026-04-22 22:47:15,750] [INFO] [Expert System]: {'type': 'choice', 'question': None, 'letter_choice': 'A', 'confidence': 1.0, 'usage': {'input_tokens': 293, 'output_tokens': 3}}
[2026-04-22 22:47:15,750] [INFO] |||||||||||||||||||| Interaction ended for patient #76 | Predicted: A | GT: A | Correct: True ||||||||||||||||||||



[2026-04-22 22:47:15,751] [INFO] |||||||||||||||||||| PATIENT #77 | GT: C (Amphotericin B and flucytosine) ||||||||||||||||||||
[2026-04-22 22:47:15,751] [INFO] ==================== Turn 1 ====================
[2026-04-22 22:47:15,751] [INFO] ++++++++++++++++++++ Start of Implicit Abstention [expert_basics.py:expert_response_choice_or_question()] ++++++++++++++++++++
[2026-04-22 22:47:15,751] [INFO] [<IMPLICIT ABSTAIN PROMPT>] [len(messages)=2] (messages[-1]):
A patient comes into the clinic presenting with a symptom as described in the conversation log below:
    
PATIENT INFORMATION: A 40-year-old woman with HIV infection comes to the emergency department because of a 4-week history of progressively worsening fatigue and headache.
CONVERSATION LOG:
None
QUESTION: Which of the following is the most appropriate pharmacotherapy for this patient's neurological symptoms?
OPTIONS: A: Pyrimethamine, sulfadiazine, and folinic acid, B: Isoniazid, rifampin, pyrazinamide, and ethambutol, C: Amphotericin B and flucytosine, D: Fluconazole
YOUR TASK: Given the information so far, if you are confident to pick an option correctly and factually, respond with the letter choice and NOTHING ELSE. Otherwise, if you are not confident to pick an option and need more information, ask ONE SPECIFIC ATOMIC QUESTION to the patient. The question should be bite-sized, NOT ask for too much at once, and NOT repeat what has already been asked. In this case, respond with the atomic question and NOTHING ELSE.
[2026-04-22 22:47:15,751] [INFO] -------------------- Self-Consistency Iteration 1 --------------------
[2026-04-22 22:47:15,929] [INFO] [<IMPLICIT ABSTAIN LM RES>]: A

[2026-04-22 22:47:15,929] [INFO] [<IMPLICIT ABSTAIN PARSED>]: A
[2026-04-22 22:47:15,929] [INFO] [<IMPLICIT ABSTAIN RETURN>]: atomic_question: None, final_answer: A, conf_score: 1.0 ([1 : 0])
[2026-04-22 22:47:15,929] [INFO] [ABSTENTION PROMPT]: [{'role': 'system', 'content': 'You are a medical doctor trying to reason through a real-life clinical case. Based on your understanding of basic and clinical science, medical knowledge, and mechanisms underlying health, disease, patient care, and modes of therapy, respond according to the task specified by the user. Base your response on the current and standard practices referenced in medical guidelines.'}, {'role': 'user', 'content': "A patient comes into the clinic presenting with a symptom as described in the conversation log below:\n    \nPATIENT INFORMATION: A 40-year-old woman with HIV infection comes to the emergency department because of a 4-week history of progressively worsening fatigue and headache.\nCONVERSATION LOG:\nNone\nQUESTION: Which of the following is the most appropriate pharmacotherapy for this patient's neurological symptoms?\nOPTIONS: A: Pyrimethamine, sulfadiazine, and folinic acid, B: Isoniazid, rifampin, pyrazinamide, and ethambutol, C: Amphotericin B and flucytosine, D: Fluconazole\nYOUR TASK: Given the information so far, if you are confident to pick an option correctly and factually, respond with the letter choice and NOTHING ELSE. Otherwise, if you are not confident to pick an option and need more information, ask ONE SPECIFIC ATOMIC QUESTION to the patient. The question should be bite-sized, NOT ask for too much at once, and NOT repeat what has already been asked. In this case, respond with the atomic question and NOTHING ELSE."}]
[2026-04-22 22:47:15,929] [INFO] [ABSTENTION RESPONSE]: A


[2026-04-22 22:47:15,929] [INFO] [IMPLICIT ABSTAIN RETURN]: abstain: False, confidence: 1.0, letter_choice: A, usage: {'input_tokens': 319, 'output_tokens': 3}, atomic_question: None

[2026-04-22 22:47:15,929] [INFO] [Expert System]: {'type': 'choice', 'question': None, 'letter_choice': 'A', 'confidence': 1.0, 'usage': {'input_tokens': 319, 'output_tokens': 3}}
[2026-04-22 22:47:15,929] [INFO] |||||||||||||||||||| Interaction ended for patient #77 | Predicted: A | GT: C | Correct: False ||||||||||||||||||||



[2026-04-22 22:47:15,929] [INFO] |||||||||||||||||||| PATIENT #78 | GT: A (Malignant biliary tract obstruction) ||||||||||||||||||||
[2026-04-22 22:47:15,929] [INFO] ==================== Turn 1 ====================
[2026-04-22 22:47:15,929] [INFO] ++++++++++++++++++++ Start of Implicit Abstention [expert_basics.py:expert_response_choice_or_question()] ++++++++++++++++++++
[2026-04-22 22:47:15,929] [INFO] [<IMPLICIT ABSTAIN PROMPT>] [len(messages)=2] (messages[-1]):
A patient comes into the clinic presenting with a symptom as described in the conversation log below:
    
PATIENT INFORMATION: A 64-year-old man comes to the physician because of a 2-week history of intermittent epigastric discomfort.
CONVERSATION LOG:
None
QUESTION: Which of the following is the most likely cause of these findings?"
OPTIONS: A: Malignant biliary tract obstruction, B: Acetaminophen-induced liver injury, C: Hemolysis, D: Chronic pancreatitis
YOUR TASK: Given the information so far, if you are confident to pick an option correctly and factually, respond with the letter choice and NOTHING ELSE. Otherwise, if you are not confident to pick an option and need more information, ask ONE SPECIFIC ATOMIC QUESTION to the patient. The question should be bite-sized, NOT ask for too much at once, and NOT repeat what has already been asked. In this case, respond with the atomic question and NOTHING ELSE.
[2026-04-22 22:47:15,929] [INFO] -------------------- Self-Consistency Iteration 1 --------------------
[2026-04-22 22:47:16,107] [INFO] [<IMPLICIT ABSTAIN LM RES>]: D

[2026-04-22 22:47:16,107] [INFO] [<IMPLICIT ABSTAIN PARSED>]: D
[2026-04-22 22:47:16,107] [INFO] [<IMPLICIT ABSTAIN RETURN>]: atomic_question: None, final_answer: D, conf_score: 1.0 ([1 : 0])
[2026-04-22 22:47:16,107] [INFO] [ABSTENTION PROMPT]: [{'role': 'system', 'content': 'You are a medical doctor trying to reason through a real-life clinical case. Based on your understanding of basic and clinical science, medical knowledge, and mechanisms underlying health, disease, patient care, and modes of therapy, respond according to the task specified by the user. Base your response on the current and standard practices referenced in medical guidelines.'}, {'role': 'user', 'content': 'A patient comes into the clinic presenting with a symptom as described in the conversation log below:\n    \nPATIENT INFORMATION: A 64-year-old man comes to the physician because of a 2-week history of intermittent epigastric discomfort.\nCONVERSATION LOG:\nNone\nQUESTION: Which of the following is the most likely cause of these findings?"\nOPTIONS: A: Malignant biliary tract obstruction, B: Acetaminophen-induced liver injury, C: Hemolysis, D: Chronic pancreatitis\nYOUR TASK: Given the information so far, if you are confident to pick an option correctly and factually, respond with the letter choice and NOTHING ELSE. Otherwise, if you are not confident to pick an option and need more information, ask ONE SPECIFIC ATOMIC QUESTION to the patient. The question should be bite-sized, NOT ask for too much at once, and NOT repeat what has already been asked. In this case, respond with the atomic question and NOTHING ELSE.'}]
[2026-04-22 22:47:16,107] [INFO] [ABSTENTION RESPONSE]: D


[2026-04-22 22:47:16,107] [INFO] [IMPLICIT ABSTAIN RETURN]: abstain: False, confidence: 1.0, letter_choice: D, usage: {'input_tokens': 281, 'output_tokens': 3}, atomic_question: None

[2026-04-22 22:47:16,107] [INFO] [Expert System]: {'type': 'choice', 'question': None, 'letter_choice': 'D', 'confidence': 1.0, 'usage': {'input_tokens': 281, 'output_tokens': 3}}
[2026-04-22 22:47:16,107] [INFO] |||||||||||||||||||| Interaction ended for patient #78 | Predicted: D | GT: A | Correct: False ||||||||||||||||||||



[2026-04-22 22:47:16,107] [INFO] |||||||||||||||||||| PATIENT #79 | GT: D (Metoprolol) ||||||||||||||||||||
[2026-04-22 22:47:16,107] [INFO] ==================== Turn 1 ====================
[2026-04-22 22:47:16,107] [INFO] ++++++++++++++++++++ Start of Implicit Abstention [expert_basics.py:expert_response_choice_or_question()] ++++++++++++++++++++
[2026-04-22 22:47:16,107] [INFO] [<IMPLICIT ABSTAIN PROMPT>] [len(messages)=2] (messages[-1]):
A patient comes into the clinic presenting with a symptom as described in the conversation log below:
    
PATIENT INFORMATION: A 27-year-old woman is brought to the physician after passing out at home.
CONVERSATION LOG:
None
QUESTION: Which of the following is the most appropriate treatment for this patient?
OPTIONS: A: Septal myectomy, B: Amlodipine, C: Cardiac pacemaker, D: Metoprolol
YOUR TASK: Given the information so far, if you are confident to pick an option correctly and factually, respond with the letter choice and NOTHING ELSE. Otherwise, if you are not confident to pick an option and need more information, ask ONE SPECIFIC ATOMIC QUESTION to the patient. The question should be bite-sized, NOT ask for too much at once, and NOT repeat what has already been asked. In this case, respond with the atomic question and NOTHING ELSE.
[2026-04-22 22:47:16,107] [INFO] -------------------- Self-Consistency Iteration 1 --------------------
[2026-04-22 22:47:17,258] [INFO] [<IMPLICIT ABSTAIN LM RES>]: The patient passed out at home. I need to determine the cause of the syncope to guide treatment.

What medications are you currently taking?

[2026-04-22 22:47:17,258] [INFO] [<IMPLICIT ABSTAIN PARSED>]: What medications are you currently taking?
[2026-04-22 22:47:17,258] [INFO] [<IMPLICIT ABSTAIN RETURN>]: atomic_question: What medications are you currently taking?, final_answer: None, conf_score: 0.0 ([0 : 1])
[2026-04-22 22:47:17,258] [INFO] [ABSTENTION PROMPT]: [{'role': 'system', 'content': 'You are a medical doctor trying to reason through a real-life clinical case. Based on your understanding of basic and clinical science, medical knowledge, and mechanisms underlying health, disease, patient care, and modes of therapy, respond according to the task specified by the user. Base your response on the current and standard practices referenced in medical guidelines.'}, {'role': 'user', 'content': 'A patient comes into the clinic presenting with a symptom as described in the conversation log below:\n    \nPATIENT INFORMATION: A 27-year-old woman is brought to the physician after passing out at home.\nCONVERSATION LOG:\nNone\nQUESTION: Which of the following is the most appropriate treatment for this patient?\nOPTIONS: A: Septal myectomy, B: Amlodipine, C: Cardiac pacemaker, D: Metoprolol\nYOUR TASK: Given the information so far, if you are confident to pick an option correctly and factually, respond with the letter choice and NOTHING ELSE. Otherwise, if you are not confident to pick an option and need more information, ask ONE SPECIFIC ATOMIC QUESTION to the patient. The question should be bite-sized, NOT ask for too much at once, and NOT repeat what has already been asked. In this case, respond with the atomic question and NOTHING ELSE.'}]
[2026-04-22 22:47:17,258] [INFO] [ABSTENTION RESPONSE]: The patient passed out at home. I need to determine the cause of the syncope to guide treatment.

What medications are you currently taking?


[2026-04-22 22:47:17,258] [INFO] ++++++++++++++++++++ Start of Multiple Chocie Decision [expert_basics.py:expert_response_choice()] ++++++++++++++++++++
[2026-04-22 22:47:17,258] [INFO] [<CHOICE PROMPT>] [len(messages)=2] (messages[-1]):
A patient comes into the clinic presenting with a symptom as described in the conversation log below:
    
PATIENT INFORMATION: A 27-year-old woman is brought to the physician after passing out at home.
CONVERSATION LOG:
None
QUESTION: Which of the following is the most appropriate treatment for this patient?
OPTIONS: A: Septal myectomy, B: Amlodipine, C: Cardiac pacemaker, D: Metoprolol
YOUR TASK: Assume that you already have enough information from the above question-answer pairs to answer the patient inquiry, use the above information to produce a factual conclusion. Respond with the correct letter choice (A, B, C, or D) and NOTHING ELSE.
LETTER CHOICE: 
[2026-04-22 22:47:17,435] [INFO] [<CHOICE LM RES>]: B

[2026-04-22 22:47:17,436] [INFO] [<CHOICE PARSED>]: B
[2026-04-22 22:47:17,436] [INFO] [IMPLICIT ABSTAIN RETURN]: abstain: True, confidence: 0.0, letter_choice: B, usage: {'input_tokens': 503, 'output_tokens': 34}, atomic_question: What medications are you currently taking?

[2026-04-22 22:47:17,436] [INFO] [Expert System]: {'type': 'question', 'question': 'What medications are you currently taking?', 'letter_choice': 'B', 'confidence': 0.0, 'usage': {'input_tokens': 503, 'output_tokens': 34}}
[2026-04-22 22:47:18,099] [INFO] [Patient System]: The patient cannot answer this question, please do not ask this question again.

[2026-04-22 22:47:18,099] [INFO] ==================== Turn 2 ====================
[2026-04-22 22:47:18,099] [INFO] ++++++++++++++++++++ Start of Implicit Abstention [expert_basics.py:expert_response_choice_or_question()] ++++++++++++++++++++
[2026-04-22 22:47:18,099] [INFO] [<IMPLICIT ABSTAIN PROMPT>] [len(messages)=2] (messages[-1]):
A patient comes into the clinic presenting with a symptom as described in the conversation log below:
    
PATIENT INFORMATION: A 27-year-old woman is brought to the physician after passing out at home.
CONVERSATION LOG:
Doctor Question: What medications are you currently taking?
Patient Response: The patient cannot answer this question, please do not ask this question again.

QUESTION: Which of the following is the most appropriate treatment for this patient?
OPTIONS: A: Septal myectomy, B: Amlodipine, C: Cardiac pacemaker, D: Metoprolol
YOUR TASK: Given the information so far, if you are confident to pick an option correctly and factually, respond with the letter choice and NOTHING ELSE. Otherwise, if you are not confident to pick an option and need more information, ask ONE SPECIFIC ATOMIC QUESTION to the patient. The question should be bite-sized, NOT ask for too much at once, and NOT repeat what has already been asked. In this case, respond with the atomic question and NOTHING ELSE.
[2026-04-22 22:47:18,099] [INFO] -------------------- Self-Consistency Iteration 1 --------------------
[2026-04-22 22:47:18,315] [INFO] [<IMPLICIT ABSTAIN LM RES>]: A.

[2026-04-22 22:47:18,315] [INFO] ....Found A in response line: A.
[2026-04-22 22:47:18,315] [INFO] [<IMPLICIT ABSTAIN PARSED>]: A
[2026-04-22 22:47:18,315] [INFO] [<IMPLICIT ABSTAIN RETURN>]: atomic_question: None, final_answer: A, conf_score: 1.0 ([1 : 0])
[2026-04-22 22:47:18,315] [INFO] [ABSTENTION PROMPT]: [{'role': 'system', 'content': 'You are a medical doctor trying to reason through a real-life clinical case. Based on your understanding of basic and clinical science, medical knowledge, and mechanisms underlying health, disease, patient care, and modes of therapy, respond according to the task specified by the user. Base your response on the current and standard practices referenced in medical guidelines.'}, {'role': 'user', 'content': 'A patient comes into the clinic presenting with a symptom as described in the conversation log below:\n    \nPATIENT INFORMATION: A 27-year-old woman is brought to the physician after passing out at home.\nCONVERSATION LOG:\nDoctor Question: What medications are you currently taking?\nPatient Response: The patient cannot answer this question, please do not ask this question again.\n\nQUESTION: Which of the following is the most appropriate treatment for this patient?\nOPTIONS: A: Septal myectomy, B: Amlodipine, C: Cardiac pacemaker, D: Metoprolol\nYOUR TASK: Given the information so far, if you are confident to pick an option correctly and factually, respond with the letter choice and NOTHING ELSE. Otherwise, if you are not confident to pick an option and need more information, ask ONE SPECIFIC ATOMIC QUESTION to the patient. The question should be bite-sized, NOT ask for too much at once, and NOT repeat what has already been asked. In this case, respond with the atomic question and NOTHING ELSE.'}]
[2026-04-22 22:47:18,315] [INFO] [ABSTENTION RESPONSE]: A.


[2026-04-22 22:47:18,315] [INFO] [IMPLICIT ABSTAIN RETURN]: abstain: False, confidence: 1.0, letter_choice: A, usage: {'input_tokens': 299, 'output_tokens': 4}, atomic_question: None

[2026-04-22 22:47:18,315] [INFO] [Expert System]: {'type': 'choice', 'question': None, 'letter_choice': 'A', 'confidence': 1.0, 'usage': {'input_tokens': 299, 'output_tokens': 4}}
[2026-04-22 22:47:18,315] [INFO] |||||||||||||||||||| Interaction ended for patient #79 | Predicted: A | GT: D | Correct: False ||||||||||||||||||||



[2026-04-22 22:47:18,315] [INFO] |||||||||||||||||||| PATIENT #80 | GT: A (Acid maltase) ||||||||||||||||||||
[2026-04-22 22:47:18,315] [INFO] ==================== Turn 1 ====================
[2026-04-22 22:47:18,315] [INFO] ++++++++++++++++++++ Start of Implicit Abstention [expert_basics.py:expert_response_choice_or_question()] ++++++++++++++++++++
[2026-04-22 22:47:18,315] [INFO] [<IMPLICIT ABSTAIN PROMPT>] [len(messages)=2] (messages[-1]):
A patient comes into the clinic presenting with a symptom as described in the conversation log below:
    
PATIENT INFORMATION: A 7-month-old male infant is brought to the physician because of a 2-month history of fatigue and weakness.
CONVERSATION LOG:
None
QUESTION: The patient most likely has a deficiency of which of the following enzymes?
OPTIONS: A: Acid maltase, B: Iduronate sulfatase, C: Glucose-6-phosphatase, D: Alpha-galactosidase
YOUR TASK: Given the information so far, if you are confident to pick an option correctly and factually, respond with the letter choice and NOTHING ELSE. Otherwise, if you are not confident to pick an option and need more information, ask ONE SPECIFIC ATOMIC QUESTION to the patient. The question should be bite-sized, NOT ask for too much at once, and NOT repeat what has already been asked. In this case, respond with the atomic question and NOTHING ELSE.
[2026-04-22 22:47:18,315] [INFO] -------------------- Self-Consistency Iteration 1 --------------------
[2026-04-22 22:47:18,498] [INFO] [<IMPLICIT ABSTAIN LM RES>]: C

[2026-04-22 22:47:18,498] [INFO] [<IMPLICIT ABSTAIN PARSED>]: C
[2026-04-22 22:47:18,498] [INFO] [<IMPLICIT ABSTAIN RETURN>]: atomic_question: None, final_answer: C, conf_score: 1.0 ([1 : 0])
[2026-04-22 22:47:18,498] [INFO] [ABSTENTION PROMPT]: [{'role': 'system', 'content': 'You are a medical doctor trying to reason through a real-life clinical case. Based on your understanding of basic and clinical science, medical knowledge, and mechanisms underlying health, disease, patient care, and modes of therapy, respond according to the task specified by the user. Base your response on the current and standard practices referenced in medical guidelines.'}, {'role': 'user', 'content': 'A patient comes into the clinic presenting with a symptom as described in the conversation log below:\n    \nPATIENT INFORMATION: A 7-month-old male infant is brought to the physician because of a 2-month history of fatigue and weakness.\nCONVERSATION LOG:\nNone\nQUESTION: The patient most likely has a deficiency of which of the following enzymes?\nOPTIONS: A: Acid maltase, B: Iduronate sulfatase, C: Glucose-6-phosphatase, D: Alpha-galactosidase\nYOUR TASK: Given the information so far, if you are confident to pick an option correctly and factually, respond with the letter choice and NOTHING ELSE. Otherwise, if you are not confident to pick an option and need more information, ask ONE SPECIFIC ATOMIC QUESTION to the patient. The question should be bite-sized, NOT ask for too much at once, and NOT repeat what has already been asked. In this case, respond with the atomic question and NOTHING ELSE.'}]
[2026-04-22 22:47:18,498] [INFO] [ABSTENTION RESPONSE]: C


[2026-04-22 22:47:18,498] [INFO] [IMPLICIT ABSTAIN RETURN]: abstain: False, confidence: 1.0, letter_choice: C, usage: {'input_tokens': 285, 'output_tokens': 3}, atomic_question: None

[2026-04-22 22:47:18,498] [INFO] [Expert System]: {'type': 'choice', 'question': None, 'letter_choice': 'C', 'confidence': 1.0, 'usage': {'input_tokens': 285, 'output_tokens': 3}}
[2026-04-22 22:47:18,498] [INFO] |||||||||||||||||||| Interaction ended for patient #80 | Predicted: C | GT: A | Correct: False ||||||||||||||||||||



[2026-04-22 22:47:18,499] [INFO] |||||||||||||||||||| PATIENT #81 | GT: C (2 mm Hg) ||||||||||||||||||||
[2026-04-22 22:47:18,499] [INFO] ==================== Turn 1 ====================
[2026-04-22 22:47:18,499] [INFO] ++++++++++++++++++++ Start of Implicit Abstention [expert_basics.py:expert_response_choice_or_question()] ++++++++++++++++++++
[2026-04-22 22:47:18,499] [INFO] [<IMPLICIT ABSTAIN PROMPT>] [len(messages)=2] (messages[-1]):
A patient comes into the clinic presenting with a symptom as described in the conversation log below:
    
PATIENT INFORMATION: A 43-year-old man presents to a medical office for follow-up of hypertension.
CONVERSATION LOG:
None
QUESTION: What is the standard deviation for the systolic blood pressure readings?
OPTIONS: A: 1 mm Hg, B: 1.5 mm Hg, C: 2 mm Hg, D: 2.5 mm Hg
YOUR TASK: Given the information so far, if you are confident to pick an option correctly and factually, respond with the letter choice and NOTHING ELSE. Otherwise, if you are not confident to pick an option and need more information, ask ONE SPECIFIC ATOMIC QUESTION to the patient. The question should be bite-sized, NOT ask for too much at once, and NOT repeat what has already been asked. In this case, respond with the atomic question and NOTHING ELSE.
[2026-04-22 22:47:18,499] [INFO] -------------------- Self-Consistency Iteration 1 --------------------
[2026-04-22 22:47:18,677] [INFO] [<IMPLICIT ABSTAIN LM RES>]: B

[2026-04-22 22:47:18,677] [INFO] [<IMPLICIT ABSTAIN PARSED>]: B
[2026-04-22 22:47:18,677] [INFO] [<IMPLICIT ABSTAIN RETURN>]: atomic_question: None, final_answer: B, conf_score: 1.0 ([1 : 0])
[2026-04-22 22:47:18,677] [INFO] [ABSTENTION PROMPT]: [{'role': 'system', 'content': 'You are a medical doctor trying to reason through a real-life clinical case. Based on your understanding of basic and clinical science, medical knowledge, and mechanisms underlying health, disease, patient care, and modes of therapy, respond according to the task specified by the user. Base your response on the current and standard practices referenced in medical guidelines.'}, {'role': 'user', 'content': 'A patient comes into the clinic presenting with a symptom as described in the conversation log below:\n    \nPATIENT INFORMATION: A 43-year-old man presents to a medical office for follow-up of hypertension.\nCONVERSATION LOG:\nNone\nQUESTION: What is the standard deviation for the systolic blood pressure readings?\nOPTIONS: A: 1 mm Hg, B: 1.5 mm Hg, C: 2 mm Hg, D: 2.5 mm Hg\nYOUR TASK: Given the information so far, if you are confident to pick an option correctly and factually, respond with the letter choice and NOTHING ELSE. Otherwise, if you are not confident to pick an option and need more information, ask ONE SPECIFIC ATOMIC QUESTION to the patient. The question should be bite-sized, NOT ask for too much at once, and NOT repeat what has already been asked. In this case, respond with the atomic question and NOTHING ELSE.'}]
[2026-04-22 22:47:18,677] [INFO] [ABSTENTION RESPONSE]: B


[2026-04-22 22:47:18,677] [INFO] [IMPLICIT ABSTAIN RETURN]: abstain: False, confidence: 1.0, letter_choice: B, usage: {'input_tokens': 278, 'output_tokens': 3}, atomic_question: None

[2026-04-22 22:47:18,677] [INFO] [Expert System]: {'type': 'choice', 'question': None, 'letter_choice': 'B', 'confidence': 1.0, 'usage': {'input_tokens': 278, 'output_tokens': 3}}
[2026-04-22 22:47:18,677] [INFO] |||||||||||||||||||| Interaction ended for patient #81 | Predicted: B | GT: C | Correct: False ||||||||||||||||||||



[2026-04-22 22:47:18,677] [INFO] |||||||||||||||||||| PATIENT #82 | GT: D (HbS and HbC) ||||||||||||||||||||
[2026-04-22 22:47:18,677] [INFO] ==================== Turn 1 ====================
[2026-04-22 22:47:18,677] [INFO] ++++++++++++++++++++ Start of Implicit Abstention [expert_basics.py:expert_response_choice_or_question()] ++++++++++++++++++++
[2026-04-22 22:47:18,677] [INFO] [<IMPLICIT ABSTAIN PROMPT>] [len(messages)=2] (messages[-1]):
A patient comes into the clinic presenting with a symptom as described in the conversation log below:
    
PATIENT INFORMATION: An 11-year-old boy is brought to the physician by his mother because of worsening fatigue.
CONVERSATION LOG:
None
QUESTION: Based on this electrophoresis, which of the following types of hemoglobin are dominant in this patient's blood?
OPTIONS: A: HbA and HbC, B: HbS only, C: HbA only, D: HbS and HbC
YOUR TASK: Given the information so far, if you are confident to pick an option correctly and factually, respond with the letter choice and NOTHING ELSE. Otherwise, if you are not confident to pick an option and need more information, ask ONE SPECIFIC ATOMIC QUESTION to the patient. The question should be bite-sized, NOT ask for too much at once, and NOT repeat what has already been asked. In this case, respond with the atomic question and NOTHING ELSE.
[2026-04-22 22:47:18,677] [INFO] -------------------- Self-Consistency Iteration 1 --------------------
[2026-04-22 22:47:19,485] [INFO] [<IMPLICIT ABSTAIN LM RES>]: I need more information to determine the dominant hemoglobin types. What is the patient's ethnicity?

[2026-04-22 22:47:19,485] [INFO] [<IMPLICIT ABSTAIN PARSED>]: I need more information to determine the dominant hemoglobin types. What is the patients ethnicity?
[2026-04-22 22:47:19,485] [INFO] [<IMPLICIT ABSTAIN RETURN>]: atomic_question: I need more information to determine the dominant hemoglobin types. What is the patients ethnicity?, final_answer: None, conf_score: 0.0 ([0 : 1])
[2026-04-22 22:47:19,485] [INFO] [ABSTENTION PROMPT]: [{'role': 'system', 'content': 'You are a medical doctor trying to reason through a real-life clinical case. Based on your understanding of basic and clinical science, medical knowledge, and mechanisms underlying health, disease, patient care, and modes of therapy, respond according to the task specified by the user. Base your response on the current and standard practices referenced in medical guidelines.'}, {'role': 'user', 'content': "A patient comes into the clinic presenting with a symptom as described in the conversation log below:\n    \nPATIENT INFORMATION: An 11-year-old boy is brought to the physician by his mother because of worsening fatigue.\nCONVERSATION LOG:\nNone\nQUESTION: Based on this electrophoresis, which of the following types of hemoglobin are dominant in this patient's blood?\nOPTIONS: A: HbA and HbC, B: HbS only, C: HbA only, D: HbS and HbC\nYOUR TASK: Given the information so far, if you are confident to pick an option correctly and factually, respond with the letter choice and NOTHING ELSE. Otherwise, if you are not confident to pick an option and need more information, ask ONE SPECIFIC ATOMIC QUESTION to the patient. The question should be bite-sized, NOT ask for too much at once, and NOT repeat what has already been asked. In this case, respond with the atomic question and NOTHING ELSE."}]
[2026-04-22 22:47:19,485] [INFO] [ABSTENTION RESPONSE]: I need more information to determine the dominant hemoglobin types. What is the patient's ethnicity?


[2026-04-22 22:47:19,485] [INFO] ++++++++++++++++++++ Start of Multiple Chocie Decision [expert_basics.py:expert_response_choice()] ++++++++++++++++++++
[2026-04-22 22:47:19,485] [INFO] [<CHOICE PROMPT>] [len(messages)=2] (messages[-1]):
A patient comes into the clinic presenting with a symptom as described in the conversation log below:
    
PATIENT INFORMATION: An 11-year-old boy is brought to the physician by his mother because of worsening fatigue.
CONVERSATION LOG:
None
QUESTION: Based on this electrophoresis, which of the following types of hemoglobin are dominant in this patient's blood?
OPTIONS: A: HbA and HbC, B: HbS only, C: HbA only, D: HbS and HbC
YOUR TASK: Assume that you already have enough information from the above question-answer pairs to answer the patient inquiry, use the above information to produce a factual conclusion. Respond with the correct letter choice (A, B, C, or D) and NOTHING ELSE.
LETTER CHOICE: 
[2026-04-22 22:47:19,668] [INFO] [<CHOICE LM RES>]: C

[2026-04-22 22:47:19,668] [INFO] [<CHOICE PARSED>]: C
[2026-04-22 22:47:19,668] [INFO] [IMPLICIT ABSTAIN RETURN]: abstain: True, confidence: 0.0, letter_choice: C, usage: {'input_tokens': 529, 'output_tokens': 24}, atomic_question: I need more information to determine the dominant hemoglobin types. What is the patients ethnicity?

[2026-04-22 22:47:19,668] [INFO] [Expert System]: {'type': 'question', 'question': 'I need more information to determine the dominant hemoglobin types. What is the patients ethnicity?', 'letter_choice': 'C', 'confidence': 0.0, 'usage': {'input_tokens': 529, 'output_tokens': 24}}
[2026-04-22 22:47:20,338] [INFO] [Patient System]: The patient cannot answer this question, please do not ask this question again.

[2026-04-22 22:47:20,338] [INFO] ==================== Turn 2 ====================
[2026-04-22 22:47:20,338] [INFO] ++++++++++++++++++++ Start of Implicit Abstention [expert_basics.py:expert_response_choice_or_question()] ++++++++++++++++++++
[2026-04-22 22:47:20,338] [INFO] [<IMPLICIT ABSTAIN PROMPT>] [len(messages)=2] (messages[-1]):
A patient comes into the clinic presenting with a symptom as described in the conversation log below:
    
PATIENT INFORMATION: An 11-year-old boy is brought to the physician by his mother because of worsening fatigue.
CONVERSATION LOG:
Doctor Question: I need more information to determine the dominant hemoglobin types. What is the patients ethnicity?
Patient Response: The patient cannot answer this question, please do not ask this question again.

QUESTION: Based on this electrophoresis, which of the following types of hemoglobin are dominant in this patient's blood?
OPTIONS: A: HbA and HbC, B: HbS only, C: HbA only, D: HbS and HbC
YOUR TASK: Given the information so far, if you are confident to pick an option correctly and factually, respond with the letter choice and NOTHING ELSE. Otherwise, if you are not confident to pick an option and need more information, ask ONE SPECIFIC ATOMIC QUESTION to the patient. The question should be bite-sized, NOT ask for too much at once, and NOT repeat what has already been asked. In this case, respond with the atomic question and NOTHING ELSE.
[2026-04-22 22:47:20,338] [INFO] -------------------- Self-Consistency Iteration 1 --------------------
[2026-04-22 22:47:21,432] [INFO] [<IMPLICIT ABSTAIN LM RES>]: I am not confident in choosing an answer based on the limited information provided.

What is the patient's family history of anemia?

[2026-04-22 22:47:21,432] [INFO] [<IMPLICIT ABSTAIN PARSED>]: What is the patients family history of anemia?
[2026-04-22 22:47:21,432] [INFO] [<IMPLICIT ABSTAIN RETURN>]: atomic_question: What is the patients family history of anemia?, final_answer: None, conf_score: 0.0 ([0 : 1])
[2026-04-22 22:47:21,432] [INFO] [ABSTENTION PROMPT]: [{'role': 'system', 'content': 'You are a medical doctor trying to reason through a real-life clinical case. Based on your understanding of basic and clinical science, medical knowledge, and mechanisms underlying health, disease, patient care, and modes of therapy, respond according to the task specified by the user. Base your response on the current and standard practices referenced in medical guidelines.'}, {'role': 'user', 'content': "A patient comes into the clinic presenting with a symptom as described in the conversation log below:\n    \nPATIENT INFORMATION: An 11-year-old boy is brought to the physician by his mother because of worsening fatigue.\nCONVERSATION LOG:\nDoctor Question: I need more information to determine the dominant hemoglobin types. What is the patients ethnicity?\nPatient Response: The patient cannot answer this question, please do not ask this question again.\n\nQUESTION: Based on this electrophoresis, which of the following types of hemoglobin are dominant in this patient's blood?\nOPTIONS: A: HbA and HbC, B: HbS only, C: HbA only, D: HbS and HbC\nYOUR TASK: Given the information so far, if you are confident to pick an option correctly and factually, respond with the letter choice and NOTHING ELSE. Otherwise, if you are not confident to pick an option and need more information, ask ONE SPECIFIC ATOMIC QUESTION to the patient. The question should be bite-sized, NOT ask for too much at once, and NOT repeat what has already been asked. In this case, respond with the atomic question and NOTHING ELSE."}]
[2026-04-22 22:47:21,432] [INFO] [ABSTENTION RESPONSE]: I am not confident in choosing an answer based on the limited information provided.

What is the patient's family history of anemia?


[2026-04-22 22:47:21,432] [INFO] ++++++++++++++++++++ Start of Multiple Chocie Decision [expert_basics.py:expert_response_choice()] ++++++++++++++++++++
[2026-04-22 22:47:21,432] [INFO] [<CHOICE PROMPT>] [len(messages)=2] (messages[-1]):
A patient comes into the clinic presenting with a symptom as described in the conversation log below:
    
PATIENT INFORMATION: An 11-year-old boy is brought to the physician by his mother because of worsening fatigue.
CONVERSATION LOG:
Doctor Question: I need more information to determine the dominant hemoglobin types. What is the patients ethnicity?
Patient Response: The patient cannot answer this question, please do not ask this question again.

QUESTION: Based on this electrophoresis, which of the following types of hemoglobin are dominant in this patient's blood?
OPTIONS: A: HbA and HbC, B: HbS only, C: HbA only, D: HbS and HbC
YOUR TASK: Assume that you already have enough information from the above question-answer pairs to answer the patient inquiry, use the above information to produce a factual conclusion. Respond with the correct letter choice (A, B, C, or D) and NOTHING ELSE.
LETTER CHOICE: 
[2026-04-22 22:47:25,748] [INFO] [<CHOICE LM RES>]: The patient's ethnicity is not provided. However, the question asks about dominant hemoglobin types. Given the options and the limited information, it's impossible to definitively determine the dominant hemoglobin types without knowing the patient's ethnicity. I cannot provide a definitive answer based on the information available.

Since the patient is an 11-year-old boy, it is likely that the patient is of African or Mediterranean descent. Given that the patient is of African or Mediterranean descent, the most likely dominant hemoglobin types are HbA and HbS.

Therefore, the answer is **D**.

[2026-04-22 22:47:25,748] [ERROR] can't parse choice: The patient's ethnicity is not provided. However, the question asks about dominant hemoglobin types. Given the options and the limited information, it's impossible to definitively determine the dominant hemoglobin types without knowing the patient's ethnicity. I cannot provide a definitive answer based on the information available.

Since the patient is an 11-year-old boy, it is likely that the patient is of African or Mediterranean descent. Given that the patient is of African or Mediterranean descent, the most likely dominant hemoglobin types are HbA and HbS.

Therefore, the answer is **D**.

[2026-04-22 22:47:25,748] [INFO] [<CHOICE PARSED>]: FAILED TO PARSE.
[2026-04-22 22:47:25,748] [INFO] [IMPLICIT ABSTAIN RETURN]: abstain: True, confidence: 0.0, letter_choice: None, usage: {'input_tokens': 605, 'output_tokens': 150}, atomic_question: What is the patients family history of anemia?

[2026-04-22 22:47:25,748] [INFO] [Expert System]: {'type': 'question', 'question': 'What is the patients family history of anemia?', 'letter_choice': None, 'confidence': 0.0, 'usage': {'input_tokens': 605, 'output_tokens': 150}}
[2026-04-22 22:47:26,627] [INFO] [Patient System]: 1. His mother reports that he seems to have trouble keeping up with his older brothers when playing outside.

[2026-04-22 22:47:26,627] [INFO] ==================== Turn 3 ====================
[2026-04-22 22:47:26,627] [INFO] ++++++++++++++++++++ Start of Implicit Abstention [expert_basics.py:expert_response_choice_or_question()] ++++++++++++++++++++
[2026-04-22 22:47:26,627] [INFO] [<IMPLICIT ABSTAIN PROMPT>] [len(messages)=2] (messages[-1]):
A patient comes into the clinic presenting with a symptom as described in the conversation log below:
    
PATIENT INFORMATION: An 11-year-old boy is brought to the physician by his mother because of worsening fatigue.
CONVERSATION LOG:
Doctor Question: I need more information to determine the dominant hemoglobin types. What is the patients ethnicity?
Patient Response: The patient cannot answer this question, please do not ask this question again.

Doctor Question: What is the patients family history of anemia?
Patient Response: 1. His mother reports that he seems to have trouble keeping up with his older brothers when playing outside.

QUESTION: Based on this electrophoresis, which of the following types of hemoglobin are dominant in this patient's blood?
OPTIONS: A: HbA and HbC, B: HbS only, C: HbA only, D: HbS and HbC
YOUR TASK: Given the information so far, if you are confident to pick an option correctly and factually, respond with the letter choice and NOTHING ELSE. Otherwise, if you are not confident to pick an option and need more information, ask ONE SPECIFIC ATOMIC QUESTION to the patient. The question should be bite-sized, NOT ask for too much at once, and NOT repeat what has already been asked. In this case, respond with the atomic question and NOTHING ELSE.
[2026-04-22 22:47:26,627] [INFO] -------------------- Self-Consistency Iteration 1 --------------------
[2026-04-22 22:47:26,812] [INFO] [<IMPLICIT ABSTAIN LM RES>]: B

[2026-04-22 22:47:26,812] [INFO] [<IMPLICIT ABSTAIN PARSED>]: B
[2026-04-22 22:47:26,812] [INFO] [<IMPLICIT ABSTAIN RETURN>]: atomic_question: None, final_answer: B, conf_score: 1.0 ([1 : 0])
[2026-04-22 22:47:26,812] [INFO] [ABSTENTION PROMPT]: [{'role': 'system', 'content': 'You are a medical doctor trying to reason through a real-life clinical case. Based on your understanding of basic and clinical science, medical knowledge, and mechanisms underlying health, disease, patient care, and modes of therapy, respond according to the task specified by the user. Base your response on the current and standard practices referenced in medical guidelines.'}, {'role': 'user', 'content': "A patient comes into the clinic presenting with a symptom as described in the conversation log below:\n    \nPATIENT INFORMATION: An 11-year-old boy is brought to the physician by his mother because of worsening fatigue.\nCONVERSATION LOG:\nDoctor Question: I need more information to determine the dominant hemoglobin types. What is the patients ethnicity?\nPatient Response: The patient cannot answer this question, please do not ask this question again.\n\nDoctor Question: What is the patients family history of anemia?\nPatient Response: 1. His mother reports that he seems to have trouble keeping up with his older brothers when playing outside.\n\nQUESTION: Based on this electrophoresis, which of the following types of hemoglobin are dominant in this patient's blood?\nOPTIONS: A: HbA and HbC, B: HbS only, C: HbA only, D: HbS and HbC\nYOUR TASK: Given the information so far, if you are confident to pick an option correctly and factually, respond with the letter choice and NOTHING ELSE. Otherwise, if you are not confident to pick an option and need more information, ask ONE SPECIFIC ATOMIC QUESTION to the patient. The question should be bite-sized, NOT ask for too much at once, and NOT repeat what has already been asked. In this case, respond with the atomic question and NOTHING ELSE."}]
[2026-04-22 22:47:26,812] [INFO] [ABSTENTION RESPONSE]: B


[2026-04-22 22:47:26,812] [INFO] [IMPLICIT ABSTAIN RETURN]: abstain: False, confidence: 1.0, letter_choice: B, usage: {'input_tokens': 361, 'output_tokens': 3}, atomic_question: None

[2026-04-22 22:47:26,812] [INFO] [Expert System]: {'type': 'choice', 'question': None, 'letter_choice': 'B', 'confidence': 1.0, 'usage': {'input_tokens': 361, 'output_tokens': 3}}
[2026-04-22 22:47:26,812] [INFO] |||||||||||||||||||| Interaction ended for patient #82 | Predicted: B | GT: D | Correct: False ||||||||||||||||||||



[2026-04-22 22:47:26,813] [INFO] |||||||||||||||||||| PATIENT #83 | GT: B (Hypertensive emergency) ||||||||||||||||||||
[2026-04-22 22:47:26,813] [INFO] ==================== Turn 1 ====================
[2026-04-22 22:47:26,813] [INFO] ++++++++++++++++++++ Start of Implicit Abstention [expert_basics.py:expert_response_choice_or_question()] ++++++++++++++++++++
[2026-04-22 22:47:26,813] [INFO] [<IMPLICIT ABSTAIN PROMPT>] [len(messages)=2] (messages[-1]):
A patient comes into the clinic presenting with a symptom as described in the conversation log below:
    
PATIENT INFORMATION: A 55-year-old African American man presents to the emergency department with central chest pressure.
CONVERSATION LOG:
None
QUESTION: Which of the following is the most likely diagnosis?
OPTIONS: A: Hypertensive urgency, B: Hypertensive emergency, C: Aortic aneurysm, D: Malignant hypertension
YOUR TASK: Given the information so far, if you are confident to pick an option correctly and factually, respond with the letter choice and NOTHING ELSE. Otherwise, if you are not confident to pick an option and need more information, ask ONE SPECIFIC ATOMIC QUESTION to the patient. The question should be bite-sized, NOT ask for too much at once, and NOT repeat what has already been asked. In this case, respond with the atomic question and NOTHING ELSE.
[2026-04-22 22:47:26,813] [INFO] -------------------- Self-Consistency Iteration 1 --------------------
[2026-04-22 22:47:26,984] [INFO] [<IMPLICIT ABSTAIN LM RES>]: A

[2026-04-22 22:47:26,984] [INFO] [<IMPLICIT ABSTAIN PARSED>]: A
[2026-04-22 22:47:26,984] [INFO] [<IMPLICIT ABSTAIN RETURN>]: atomic_question: None, final_answer: A, conf_score: 1.0 ([1 : 0])
[2026-04-22 22:47:26,984] [INFO] [ABSTENTION PROMPT]: [{'role': 'system', 'content': 'You are a medical doctor trying to reason through a real-life clinical case. Based on your understanding of basic and clinical science, medical knowledge, and mechanisms underlying health, disease, patient care, and modes of therapy, respond according to the task specified by the user. Base your response on the current and standard practices referenced in medical guidelines.'}, {'role': 'user', 'content': 'A patient comes into the clinic presenting with a symptom as described in the conversation log below:\n    \nPATIENT INFORMATION: A 55-year-old African American man presents to the emergency department with central chest pressure.\nCONVERSATION LOG:\nNone\nQUESTION: Which of the following is the most likely diagnosis?\nOPTIONS: A: Hypertensive urgency, B: Hypertensive emergency, C: Aortic aneurysm, D: Malignant hypertension\nYOUR TASK: Given the information so far, if you are confident to pick an option correctly and factually, respond with the letter choice and NOTHING ELSE. Otherwise, if you are not confident to pick an option and need more information, ask ONE SPECIFIC ATOMIC QUESTION to the patient. The question should be bite-sized, NOT ask for too much at once, and NOT repeat what has already been asked. In this case, respond with the atomic question and NOTHING ELSE.'}]
[2026-04-22 22:47:26,984] [INFO] [ABSTENTION RESPONSE]: A


[2026-04-22 22:47:26,984] [INFO] [IMPLICIT ABSTAIN RETURN]: abstain: False, confidence: 1.0, letter_choice: A, usage: {'input_tokens': 268, 'output_tokens': 3}, atomic_question: None

[2026-04-22 22:47:26,984] [INFO] [Expert System]: {'type': 'choice', 'question': None, 'letter_choice': 'A', 'confidence': 1.0, 'usage': {'input_tokens': 268, 'output_tokens': 3}}
[2026-04-22 22:47:26,984] [INFO] |||||||||||||||||||| Interaction ended for patient #83 | Predicted: A | GT: B | Correct: False ||||||||||||||||||||



[2026-04-22 22:47:26,984] [INFO] |||||||||||||||||||| PATIENT #84 | GT: A (Positive GM1 ganglioside autoantibodies) ||||||||||||||||||||
[2026-04-22 22:47:26,984] [INFO] ==================== Turn 1 ====================
[2026-04-22 22:47:26,984] [INFO] ++++++++++++++++++++ Start of Implicit Abstention [expert_basics.py:expert_response_choice_or_question()] ++++++++++++++++++++
[2026-04-22 22:47:26,984] [INFO] [<IMPLICIT ABSTAIN PROMPT>] [len(messages)=2] (messages[-1]):
A patient comes into the clinic presenting with a symptom as described in the conversation log below:
    
PATIENT INFORMATION: A 38-year-old woman comes to the physician for the evaluation of progressive weakness and numbness for 3 months.
CONVERSATION LOG:
None
QUESTION: Further evaluation of this patient is most likely to show which of the following findings?
OPTIONS: A: Positive GM1 ganglioside autoantibodies, B: Positive Lyme ELISA test, C: Low vitamin B12 level, D: Elevated TSH and decreased FT4 levels
YOUR TASK: Given the information so far, if you are confident to pick an option correctly and factually, respond with the letter choice and NOTHING ELSE. Otherwise, if you are not confident to pick an option and need more information, ask ONE SPECIFIC ATOMIC QUESTION to the patient. The question should be bite-sized, NOT ask for too much at once, and NOT repeat what has already been asked. In this case, respond with the atomic question and NOTHING ELSE.
[2026-04-22 22:47:26,984] [INFO] -------------------- Self-Consistency Iteration 1 --------------------
[2026-04-22 22:47:27,159] [INFO] [<IMPLICIT ABSTAIN LM RES>]: A

[2026-04-22 22:47:27,159] [INFO] [<IMPLICIT ABSTAIN PARSED>]: A
[2026-04-22 22:47:27,159] [INFO] [<IMPLICIT ABSTAIN RETURN>]: atomic_question: None, final_answer: A, conf_score: 1.0 ([1 : 0])
[2026-04-22 22:47:27,159] [INFO] [ABSTENTION PROMPT]: [{'role': 'system', 'content': 'You are a medical doctor trying to reason through a real-life clinical case. Based on your understanding of basic and clinical science, medical knowledge, and mechanisms underlying health, disease, patient care, and modes of therapy, respond according to the task specified by the user. Base your response on the current and standard practices referenced in medical guidelines.'}, {'role': 'user', 'content': 'A patient comes into the clinic presenting with a symptom as described in the conversation log below:\n    \nPATIENT INFORMATION: A 38-year-old woman comes to the physician for the evaluation of progressive weakness and numbness for 3 months.\nCONVERSATION LOG:\nNone\nQUESTION: Further evaluation of this patient is most likely to show which of the following findings?\nOPTIONS: A: Positive GM1 ganglioside autoantibodies, B: Positive Lyme ELISA test, C: Low vitamin B12 level, D: Elevated TSH and decreased FT4 levels\nYOUR TASK: Given the information so far, if you are confident to pick an option correctly and factually, respond with the letter choice and NOTHING ELSE. Otherwise, if you are not confident to pick an option and need more information, ask ONE SPECIFIC ATOMIC QUESTION to the patient. The question should be bite-sized, NOT ask for too much at once, and NOT repeat what has already been asked. In this case, respond with the atomic question and NOTHING ELSE.'}]
[2026-04-22 22:47:27,159] [INFO] [ABSTENTION RESPONSE]: A


[2026-04-22 22:47:27,159] [INFO] [IMPLICIT ABSTAIN RETURN]: abstain: False, confidence: 1.0, letter_choice: A, usage: {'input_tokens': 293, 'output_tokens': 3}, atomic_question: None

[2026-04-22 22:47:27,159] [INFO] [Expert System]: {'type': 'choice', 'question': None, 'letter_choice': 'A', 'confidence': 1.0, 'usage': {'input_tokens': 293, 'output_tokens': 3}}
[2026-04-22 22:47:27,159] [INFO] |||||||||||||||||||| Interaction ended for patient #84 | Predicted: A | GT: A | Correct: True ||||||||||||||||||||



[2026-04-22 22:47:27,159] [INFO] |||||||||||||||||||| PATIENT #85 | GT: D (Hepatitis E) ||||||||||||||||||||
[2026-04-22 22:47:27,159] [INFO] ==================== Turn 1 ====================
[2026-04-22 22:47:27,159] [INFO] ++++++++++++++++++++ Start of Implicit Abstention [expert_basics.py:expert_response_choice_or_question()] ++++++++++++++++++++
[2026-04-22 22:47:27,159] [INFO] [<IMPLICIT ABSTAIN PROMPT>] [len(messages)=2] (messages[-1]):
A patient comes into the clinic presenting with a symptom as described in the conversation log below:
    
PATIENT INFORMATION: A 32-year-old G2P1 at 32 weeks gestation presents to the emergency department with complaints of severe abdominal pain, fatigue, and nausea.
CONVERSATION LOG:
None
QUESTION: Infection with which of the following organisms would portend the worst prognosis with the highest mortality rate for this patient?
OPTIONS: A: Hepatitis A, B: Hepatitis B, C: Hepatitis D, D: Hepatitis E
YOUR TASK: Given the information so far, if you are confident to pick an option correctly and factually, respond with the letter choice and NOTHING ELSE. Otherwise, if you are not confident to pick an option and need more information, ask ONE SPECIFIC ATOMIC QUESTION to the patient. The question should be bite-sized, NOT ask for too much at once, and NOT repeat what has already been asked. In this case, respond with the atomic question and NOTHING ELSE.
[2026-04-22 22:47:27,159] [INFO] -------------------- Self-Consistency Iteration 1 --------------------
[2026-04-22 22:47:27,337] [INFO] [<IMPLICIT ABSTAIN LM RES>]: D

[2026-04-22 22:47:27,338] [INFO] [<IMPLICIT ABSTAIN PARSED>]: D
[2026-04-22 22:47:27,338] [INFO] [<IMPLICIT ABSTAIN RETURN>]: atomic_question: None, final_answer: D, conf_score: 1.0 ([1 : 0])
[2026-04-22 22:47:27,338] [INFO] [ABSTENTION PROMPT]: [{'role': 'system', 'content': 'You are a medical doctor trying to reason through a real-life clinical case. Based on your understanding of basic and clinical science, medical knowledge, and mechanisms underlying health, disease, patient care, and modes of therapy, respond according to the task specified by the user. Base your response on the current and standard practices referenced in medical guidelines.'}, {'role': 'user', 'content': 'A patient comes into the clinic presenting with a symptom as described in the conversation log below:\n    \nPATIENT INFORMATION: A 32-year-old G2P1 at 32 weeks gestation presents to the emergency department with complaints of severe abdominal pain, fatigue, and nausea.\nCONVERSATION LOG:\nNone\nQUESTION: Infection with which of the following organisms would portend the worst prognosis with the highest mortality rate for this patient?\nOPTIONS: A: Hepatitis A, B: Hepatitis B, C: Hepatitis D, D: Hepatitis E\nYOUR TASK: Given the information so far, if you are confident to pick an option correctly and factually, respond with the letter choice and NOTHING ELSE. Otherwise, if you are not confident to pick an option and need more information, ask ONE SPECIFIC ATOMIC QUESTION to the patient. The question should be bite-sized, NOT ask for too much at once, and NOT repeat what has already been asked. In this case, respond with the atomic question and NOTHING ELSE.'}]
[2026-04-22 22:47:27,338] [INFO] [ABSTENTION RESPONSE]: D


[2026-04-22 22:47:27,338] [INFO] [IMPLICIT ABSTAIN RETURN]: abstain: False, confidence: 1.0, letter_choice: D, usage: {'input_tokens': 290, 'output_tokens': 3}, atomic_question: None

[2026-04-22 22:47:27,338] [INFO] [Expert System]: {'type': 'choice', 'question': None, 'letter_choice': 'D', 'confidence': 1.0, 'usage': {'input_tokens': 290, 'output_tokens': 3}}
[2026-04-22 22:47:27,338] [INFO] |||||||||||||||||||| Interaction ended for patient #85 | Predicted: D | GT: D | Correct: True ||||||||||||||||||||



[2026-04-22 22:47:27,338] [INFO] |||||||||||||||||||| PATIENT #86 | GT: D (Adenocarcinoma) ||||||||||||||||||||
[2026-04-22 22:47:27,338] [INFO] ==================== Turn 1 ====================
[2026-04-22 22:47:27,338] [INFO] ++++++++++++++++++++ Start of Implicit Abstention [expert_basics.py:expert_response_choice_or_question()] ++++++++++++++++++++
[2026-04-22 22:47:27,338] [INFO] [<IMPLICIT ABSTAIN PROMPT>] [len(messages)=2] (messages[-1]):
A patient comes into the clinic presenting with a symptom as described in the conversation log below:
    
PATIENT INFORMATION: A 42-year-old woman comes to the physician because of an episode of coughing with bloody sputum.
CONVERSATION LOG:
None
QUESTION: Pathologic examination of the biopsy specimen is most likely to show which of the following?
OPTIONS: A: Small cell lung carcinoma, B: Large cell lung carcinoma, C: Bronchial carcinoid tumor, D: Adenocarcinoma
YOUR TASK: Given the information so far, if you are confident to pick an option correctly and factually, respond with the letter choice and NOTHING ELSE. Otherwise, if you are not confident to pick an option and need more information, ask ONE SPECIFIC ATOMIC QUESTION to the patient. The question should be bite-sized, NOT ask for too much at once, and NOT repeat what has already been asked. In this case, respond with the atomic question and NOTHING ELSE.
[2026-04-22 22:47:27,338] [INFO] -------------------- Self-Consistency Iteration 1 --------------------
[2026-04-22 22:47:32,413] [INFO] [<IMPLICIT ABSTAIN LM RES>]: Given the patient's presentation of coughing with bloody sputum, the most likely diagnosis is lung cancer. The question asks about the pathologic examination of a biopsy specimen. While all the listed options are types of lung cancer, some are more likely than others based on the patient's age and presentation.

The most common types of lung cancer in this age group are adenocarcinoma and squamous cell carcinoma. Small cell lung carcinoma is less common in this age group. Bronchial carcinoid tumors are rare.

Without further information, it is difficult to differentiate between adenocarcinoma and squamous cell carcinoma. However, given the limited options, I will choose the most common type of lung cancer in this age group.

Therefore, my answer is:

D

[2026-04-22 22:47:32,413] [INFO] ....Found Small cell lung carcinoma in response line: The most common types of lung cancer in this age group are adenocarcinoma and squamous cell carcinoma. Small cell lung carcinoma is less common in this age group. Bronchial carcinoid tumors are rare.
[2026-04-22 22:47:32,413] [INFO] [<IMPLICIT ABSTAIN PARSED>]: A
[2026-04-22 22:47:32,413] [INFO] [<IMPLICIT ABSTAIN RETURN>]: atomic_question: None, final_answer: A, conf_score: 1.0 ([1 : 0])
[2026-04-22 22:47:32,413] [INFO] [ABSTENTION PROMPT]: [{'role': 'system', 'content': 'You are a medical doctor trying to reason through a real-life clinical case. Based on your understanding of basic and clinical science, medical knowledge, and mechanisms underlying health, disease, patient care, and modes of therapy, respond according to the task specified by the user. Base your response on the current and standard practices referenced in medical guidelines.'}, {'role': 'user', 'content': 'A patient comes into the clinic presenting with a symptom as described in the conversation log below:\n    \nPATIENT INFORMATION: A 42-year-old woman comes to the physician because of an episode of coughing with bloody sputum.\nCONVERSATION LOG:\nNone\nQUESTION: Pathologic examination of the biopsy specimen is most likely to show which of the following?\nOPTIONS: A: Small cell lung carcinoma, B: Large cell lung carcinoma, C: Bronchial carcinoid tumor, D: Adenocarcinoma\nYOUR TASK: Given the information so far, if you are confident to pick an option correctly and factually, respond with the letter choice and NOTHING ELSE. Otherwise, if you are not confident to pick an option and need more information, ask ONE SPECIFIC ATOMIC QUESTION to the patient. The question should be bite-sized, NOT ask for too much at once, and NOT repeat what has already been asked. In this case, respond with the atomic question and NOTHING ELSE.'}]
[2026-04-22 22:47:32,413] [INFO] [ABSTENTION RESPONSE]: Given the patient's presentation of coughing with bloody sputum, the most likely diagnosis is lung cancer. The question asks about the pathologic examination of a biopsy specimen. While all the listed options are types of lung cancer, some are more likely than others based on the patient's age and presentation.

The most common types of lung cancer in this age group are adenocarcinoma and squamous cell carcinoma. Small cell lung carcinoma is less common in this age group. Bronchial carcinoid tumors are rare.

Without further information, it is difficult to differentiate between adenocarcinoma and squamous cell carcinoma. However, given the limited options, I will choose the most common type of lung cancer in this age group.

Therefore, my answer is:

D


[2026-04-22 22:47:32,413] [INFO] [IMPLICIT ABSTAIN RETURN]: abstain: False, confidence: 1.0, letter_choice: A, usage: {'input_tokens': 281, 'output_tokens': 149}, atomic_question: None

[2026-04-22 22:47:32,413] [INFO] [Expert System]: {'type': 'choice', 'question': None, 'letter_choice': 'A', 'confidence': 1.0, 'usage': {'input_tokens': 281, 'output_tokens': 149}}
[2026-04-22 22:47:32,413] [INFO] |||||||||||||||||||| Interaction ended for patient #86 | Predicted: A | GT: D | Correct: False ||||||||||||||||||||



[2026-04-22 22:47:32,413] [INFO] |||||||||||||||||||| PATIENT #87 | GT: D (There is no correlation between fiber intake and the frequency of coronary heart incidents because the correlation coefficient is significant.) ||||||||||||||||||||
[2026-04-22 22:47:32,413] [INFO] ==================== Turn 1 ====================
[2026-04-22 22:47:32,413] [INFO] ++++++++++++++++++++ Start of Implicit Abstention [expert_basics.py:expert_response_choice_or_question()] ++++++++++++++++++++
[2026-04-22 22:47:32,413] [INFO] [<IMPLICIT ABSTAIN PROMPT>] [len(messages)=2] (messages[-1]):
A patient comes into the clinic presenting with a symptom as described in the conversation log below:
    
PATIENT INFORMATION: A group of researchers is conducting a prospective study to examine if dietary fiber intake is protective against coronary heart disease.
CONVERSATION LOG:
None
QUESTION: Which of the following statements is correct regarding this study result?
OPTIONS: A: There is a significant correlation between the daily fiber intake and the frequency of coronary heart incidents because the correlation coefficient is significant., B: There is a significant correlation between fiber intake and the frequency of coronary heart incidents because the correlation coefficient is not significant., C: There is a significant correlation between fiber intake and the frequency of coronary heart incidents because the value of the correlation coefficient shows a very good and robust correlation., D: There is no correlation between fiber intake and the frequency of coronary heart incidents because the correlation coefficient is significant.
YOUR TASK: Given the information so far, if you are confident to pick an option correctly and factually, respond with the letter choice and NOTHING ELSE. Otherwise, if you are not confident to pick an option and need more information, ask ONE SPECIFIC ATOMIC QUESTION to the patient. The question should be bite-sized, NOT ask for too much at once, and NOT repeat what has already been asked. In this case, respond with the atomic question and NOTHING ELSE.
[2026-04-22 22:47:32,413] [INFO] -------------------- Self-Consistency Iteration 1 --------------------
[2026-04-22 22:47:32,590] [INFO] [<IMPLICIT ABSTAIN LM RES>]: B

[2026-04-22 22:47:32,590] [INFO] [<IMPLICIT ABSTAIN PARSED>]: B
[2026-04-22 22:47:32,590] [INFO] [<IMPLICIT ABSTAIN RETURN>]: atomic_question: None, final_answer: B, conf_score: 1.0 ([1 : 0])
[2026-04-22 22:47:32,590] [INFO] [ABSTENTION PROMPT]: [{'role': 'system', 'content': 'You are a medical doctor trying to reason through a real-life clinical case. Based on your understanding of basic and clinical science, medical knowledge, and mechanisms underlying health, disease, patient care, and modes of therapy, respond according to the task specified by the user. Base your response on the current and standard practices referenced in medical guidelines.'}, {'role': 'user', 'content': 'A patient comes into the clinic presenting with a symptom as described in the conversation log below:\n    \nPATIENT INFORMATION: A group of researchers is conducting a prospective study to examine if dietary fiber intake is protective against coronary heart disease.\nCONVERSATION LOG:\nNone\nQUESTION: Which of the following statements is correct regarding this study result?\nOPTIONS: A: There is a significant correlation between the daily fiber intake and the frequency of coronary heart incidents because the correlation coefficient is significant., B: There is a significant correlation between fiber intake and the frequency of coronary heart incidents because the correlation coefficient is not significant., C: There is a significant correlation between fiber intake and the frequency of coronary heart incidents because the value of the correlation coefficient shows a very good and robust correlation., D: There is no correlation between fiber intake and the frequency of coronary heart incidents because the correlation coefficient is significant.\nYOUR TASK: Given the information so far, if you are confident to pick an option correctly and factually, respond with the letter choice and NOTHING ELSE. Otherwise, if you are not confident to pick an option and need more information, ask ONE SPECIFIC ATOMIC QUESTION to the patient. The question should be bite-sized, NOT ask for too much at once, and NOT repeat what has already been asked. In this case, respond with the atomic question and NOTHING ELSE.'}]
[2026-04-22 22:47:32,590] [INFO] [ABSTENTION RESPONSE]: B


[2026-04-22 22:47:32,590] [INFO] [IMPLICIT ABSTAIN RETURN]: abstain: False, confidence: 1.0, letter_choice: B, usage: {'input_tokens': 354, 'output_tokens': 3}, atomic_question: None

[2026-04-22 22:47:32,590] [INFO] [Expert System]: {'type': 'choice', 'question': None, 'letter_choice': 'B', 'confidence': 1.0, 'usage': {'input_tokens': 354, 'output_tokens': 3}}
[2026-04-22 22:47:32,590] [INFO] |||||||||||||||||||| Interaction ended for patient #87 | Predicted: B | GT: D | Correct: False ||||||||||||||||||||



[2026-04-22 22:47:32,590] [INFO] |||||||||||||||||||| PATIENT #88 | GT: B (Incision and drainage) ||||||||||||||||||||
[2026-04-22 22:47:32,590] [INFO] ==================== Turn 1 ====================
[2026-04-22 22:47:32,590] [INFO] ++++++++++++++++++++ Start of Implicit Abstention [expert_basics.py:expert_response_choice_or_question()] ++++++++++++++++++++
[2026-04-22 22:47:32,590] [INFO] [<IMPLICIT ABSTAIN PROMPT>] [len(messages)=2] (messages[-1]):
A patient comes into the clinic presenting with a symptom as described in the conversation log below:
    
PATIENT INFORMATION: A 24-year-old man comes to the physician because of a painful swelling above his buttocks for 1 week.
CONVERSATION LOG:
None
QUESTION: Which of the following is the most appropriate next step in management?
OPTIONS: A: Coccygectomy, B: Incision and drainage, C: Retinoid therapy, D: Surgical resection and primary wound closure
YOUR TASK: Given the information so far, if you are confident to pick an option correctly and factually, respond with the letter choice and NOTHING ELSE. Otherwise, if you are not confident to pick an option and need more information, ask ONE SPECIFIC ATOMIC QUESTION to the patient. The question should be bite-sized, NOT ask for too much at once, and NOT repeat what has already been asked. In this case, respond with the atomic question and NOTHING ELSE.
[2026-04-22 22:47:32,590] [INFO] -------------------- Self-Consistency Iteration 1 --------------------
[2026-04-22 22:47:32,764] [INFO] [<IMPLICIT ABSTAIN LM RES>]: A

[2026-04-22 22:47:32,764] [INFO] [<IMPLICIT ABSTAIN PARSED>]: A
[2026-04-22 22:47:32,764] [INFO] [<IMPLICIT ABSTAIN RETURN>]: atomic_question: None, final_answer: A, conf_score: 1.0 ([1 : 0])
[2026-04-22 22:47:32,764] [INFO] [ABSTENTION PROMPT]: [{'role': 'system', 'content': 'You are a medical doctor trying to reason through a real-life clinical case. Based on your understanding of basic and clinical science, medical knowledge, and mechanisms underlying health, disease, patient care, and modes of therapy, respond according to the task specified by the user. Base your response on the current and standard practices referenced in medical guidelines.'}, {'role': 'user', 'content': 'A patient comes into the clinic presenting with a symptom as described in the conversation log below:\n    \nPATIENT INFORMATION: A 24-year-old man comes to the physician because of a painful swelling above his buttocks for 1 week.\nCONVERSATION LOG:\nNone\nQUESTION: Which of the following is the most appropriate next step in management?\nOPTIONS: A: Coccygectomy, B: Incision and drainage, C: Retinoid therapy, D: Surgical resection and primary wound closure\nYOUR TASK: Given the information so far, if you are confident to pick an option correctly and factually, respond with the letter choice and NOTHING ELSE. Otherwise, if you are not confident to pick an option and need more information, ask ONE SPECIFIC ATOMIC QUESTION to the patient. The question should be bite-sized, NOT ask for too much at once, and NOT repeat what has already been asked. In this case, respond with the atomic question and NOTHING ELSE.'}]
[2026-04-22 22:47:32,764] [INFO] [ABSTENTION RESPONSE]: A


[2026-04-22 22:47:32,764] [INFO] [IMPLICIT ABSTAIN RETURN]: abstain: False, confidence: 1.0, letter_choice: A, usage: {'input_tokens': 282, 'output_tokens': 3}, atomic_question: None

[2026-04-22 22:47:32,764] [INFO] [Expert System]: {'type': 'choice', 'question': None, 'letter_choice': 'A', 'confidence': 1.0, 'usage': {'input_tokens': 282, 'output_tokens': 3}}
[2026-04-22 22:47:32,764] [INFO] |||||||||||||||||||| Interaction ended for patient #88 | Predicted: A | GT: B | Correct: False ||||||||||||||||||||



[2026-04-22 22:47:32,764] [INFO] |||||||||||||||||||| PATIENT #89 | GT: B (Topical benzoyl peroxide) ||||||||||||||||||||
[2026-04-22 22:47:32,764] [INFO] ==================== Turn 1 ====================
[2026-04-22 22:47:32,764] [INFO] ++++++++++++++++++++ Start of Implicit Abstention [expert_basics.py:expert_response_choice_or_question()] ++++++++++++++++++++
[2026-04-22 22:47:32,764] [INFO] [<IMPLICIT ABSTAIN PROMPT>] [len(messages)=2] (messages[-1]):
A patient comes into the clinic presenting with a symptom as described in the conversation log below:
    
PATIENT INFORMATION: A 17-year-old girl comes to the physician because of a 3-year history of acne on her face and chest.
CONVERSATION LOG:
None
QUESTION: Which of the following is the most appropriate initial treatment?
OPTIONS: A: Oral antibiotics, B: Topical benzoyl peroxide, C: Topical antibiotic, D: Oral isotretinoin
YOUR TASK: Given the information so far, if you are confident to pick an option correctly and factually, respond with the letter choice and NOTHING ELSE. Otherwise, if you are not confident to pick an option and need more information, ask ONE SPECIFIC ATOMIC QUESTION to the patient. The question should be bite-sized, NOT ask for too much at once, and NOT repeat what has already been asked. In this case, respond with the atomic question and NOTHING ELSE.
[2026-04-22 22:47:32,764] [INFO] -------------------- Self-Consistency Iteration 1 --------------------
[2026-04-22 22:47:32,936] [INFO] [<IMPLICIT ABSTAIN LM RES>]: B

[2026-04-22 22:47:32,936] [INFO] [<IMPLICIT ABSTAIN PARSED>]: B
[2026-04-22 22:47:32,936] [INFO] [<IMPLICIT ABSTAIN RETURN>]: atomic_question: None, final_answer: B, conf_score: 1.0 ([1 : 0])
[2026-04-22 22:47:32,936] [INFO] [ABSTENTION PROMPT]: [{'role': 'system', 'content': 'You are a medical doctor trying to reason through a real-life clinical case. Based on your understanding of basic and clinical science, medical knowledge, and mechanisms underlying health, disease, patient care, and modes of therapy, respond according to the task specified by the user. Base your response on the current and standard practices referenced in medical guidelines.'}, {'role': 'user', 'content': 'A patient comes into the clinic presenting with a symptom as described in the conversation log below:\n    \nPATIENT INFORMATION: A 17-year-old girl comes to the physician because of a 3-year history of acne on her face and chest.\nCONVERSATION LOG:\nNone\nQUESTION: Which of the following is the most appropriate initial treatment?\nOPTIONS: A: Oral antibiotics, B: Topical benzoyl peroxide, C: Topical antibiotic, D: Oral isotretinoin\nYOUR TASK: Given the information so far, if you are confident to pick an option correctly and factually, respond with the letter choice and NOTHING ELSE. Otherwise, if you are not confident to pick an option and need more information, ask ONE SPECIFIC ATOMIC QUESTION to the patient. The question should be bite-sized, NOT ask for too much at once, and NOT repeat what has already been asked. In this case, respond with the atomic question and NOTHING ELSE.'}]
[2026-04-22 22:47:32,936] [INFO] [ABSTENTION RESPONSE]: B


[2026-04-22 22:47:32,936] [INFO] [IMPLICIT ABSTAIN RETURN]: abstain: False, confidence: 1.0, letter_choice: B, usage: {'input_tokens': 278, 'output_tokens': 3}, atomic_question: None

[2026-04-22 22:47:32,936] [INFO] [Expert System]: {'type': 'choice', 'question': None, 'letter_choice': 'B', 'confidence': 1.0, 'usage': {'input_tokens': 278, 'output_tokens': 3}}
[2026-04-22 22:47:32,936] [INFO] |||||||||||||||||||| Interaction ended for patient #89 | Predicted: B | GT: B | Correct: True ||||||||||||||||||||



[2026-04-22 22:47:32,936] [INFO] |||||||||||||||||||| PATIENT #90 | GT: B (Glycopyrrolate) ||||||||||||||||||||
[2026-04-22 22:47:32,936] [INFO] ==================== Turn 1 ====================
[2026-04-22 22:47:32,936] [INFO] ++++++++++++++++++++ Start of Implicit Abstention [expert_basics.py:expert_response_choice_or_question()] ++++++++++++++++++++
[2026-04-22 22:47:32,936] [INFO] [<IMPLICIT ABSTAIN PROMPT>] [len(messages)=2] (messages[-1]):
A patient comes into the clinic presenting with a symptom as described in the conversation log below:
    
PATIENT INFORMATION: A 12-year-old boy is brought to the emergency department by his mother because he has been having difficulty breathing.
CONVERSATION LOG:
None
QUESTION: Which of the following drugs most likely has a similar mechanism of action as the drug prescribed to this patient?
OPTIONS: A: Cortisol, B: Glycopyrrolate, C: Theophylline, D: Zileuton
YOUR TASK: Given the information so far, if you are confident to pick an option correctly and factually, respond with the letter choice and NOTHING ELSE. Otherwise, if you are not confident to pick an option and need more information, ask ONE SPECIFIC ATOMIC QUESTION to the patient. The question should be bite-sized, NOT ask for too much at once, and NOT repeat what has already been asked. In this case, respond with the atomic question and NOTHING ELSE.
[2026-04-22 22:47:32,936] [INFO] -------------------- Self-Consistency Iteration 1 --------------------
[2026-04-22 22:47:33,105] [INFO] [<IMPLICIT ABSTAIN LM RES>]: C

[2026-04-22 22:47:33,105] [INFO] [<IMPLICIT ABSTAIN PARSED>]: C
[2026-04-22 22:47:33,105] [INFO] [<IMPLICIT ABSTAIN RETURN>]: atomic_question: None, final_answer: C, conf_score: 1.0 ([1 : 0])
[2026-04-22 22:47:33,105] [INFO] [ABSTENTION PROMPT]: [{'role': 'system', 'content': 'You are a medical doctor trying to reason through a real-life clinical case. Based on your understanding of basic and clinical science, medical knowledge, and mechanisms underlying health, disease, patient care, and modes of therapy, respond according to the task specified by the user. Base your response on the current and standard practices referenced in medical guidelines.'}, {'role': 'user', 'content': 'A patient comes into the clinic presenting with a symptom as described in the conversation log below:\n    \nPATIENT INFORMATION: A 12-year-old boy is brought to the emergency department by his mother because he has been having difficulty breathing.\nCONVERSATION LOG:\nNone\nQUESTION: Which of the following drugs most likely has a similar mechanism of action as the drug prescribed to this patient?\nOPTIONS: A: Cortisol, B: Glycopyrrolate, C: Theophylline, D: Zileuton\nYOUR TASK: Given the information so far, if you are confident to pick an option correctly and factually, respond with the letter choice and NOTHING ELSE. Otherwise, if you are not confident to pick an option and need more information, ask ONE SPECIFIC ATOMIC QUESTION to the patient. The question should be bite-sized, NOT ask for too much at once, and NOT repeat what has already been asked. In this case, respond with the atomic question and NOTHING ELSE.'}]
[2026-04-22 22:47:33,105] [INFO] [ABSTENTION RESPONSE]: C


[2026-04-22 22:47:33,105] [INFO] [IMPLICIT ABSTAIN RETURN]: abstain: False, confidence: 1.0, letter_choice: C, usage: {'input_tokens': 285, 'output_tokens': 3}, atomic_question: None

[2026-04-22 22:47:33,105] [INFO] [Expert System]: {'type': 'choice', 'question': None, 'letter_choice': 'C', 'confidence': 1.0, 'usage': {'input_tokens': 285, 'output_tokens': 3}}
[2026-04-22 22:47:33,105] [INFO] |||||||||||||||||||| Interaction ended for patient #90 | Predicted: C | GT: B | Correct: False ||||||||||||||||||||



[2026-04-22 22:47:33,106] [INFO] |||||||||||||||||||| PATIENT #91 | GT: A (Cetirizine) ||||||||||||||||||||
[2026-04-22 22:47:33,106] [INFO] ==================== Turn 1 ====================
[2026-04-22 22:47:33,106] [INFO] ++++++++++++++++++++ Start of Implicit Abstention [expert_basics.py:expert_response_choice_or_question()] ++++++++++++++++++++
[2026-04-22 22:47:33,106] [INFO] [<IMPLICIT ABSTAIN PROMPT>] [len(messages)=2] (messages[-1]):
A patient comes into the clinic presenting with a symptom as described in the conversation log below:
    
PATIENT INFORMATION: A 35-year-old taxi driver presents to his physician with complaints of itchy, watery eyes and excessive sneezing that have become more severe with the change of the seasons.
CONVERSATION LOG:
None
QUESTION: Which of the following medications would you prescribe for this patient?
OPTIONS: A: Cetirizine, B: Chlorpheniramine, C: Diphenhydramine, D: Hydroxyzine
YOUR TASK: Given the information so far, if you are confident to pick an option correctly and factually, respond with the letter choice and NOTHING ELSE. Otherwise, if you are not confident to pick an option and need more information, ask ONE SPECIFIC ATOMIC QUESTION to the patient. The question should be bite-sized, NOT ask for too much at once, and NOT repeat what has already been asked. In this case, respond with the atomic question and NOTHING ELSE.
[2026-04-22 22:47:33,106] [INFO] -------------------- Self-Consistency Iteration 1 --------------------
[2026-04-22 22:47:33,275] [INFO] [<IMPLICIT ABSTAIN LM RES>]: A

[2026-04-22 22:47:33,275] [INFO] [<IMPLICIT ABSTAIN PARSED>]: A
[2026-04-22 22:47:33,275] [INFO] [<IMPLICIT ABSTAIN RETURN>]: atomic_question: None, final_answer: A, conf_score: 1.0 ([1 : 0])
[2026-04-22 22:47:33,275] [INFO] [ABSTENTION PROMPT]: [{'role': 'system', 'content': 'You are a medical doctor trying to reason through a real-life clinical case. Based on your understanding of basic and clinical science, medical knowledge, and mechanisms underlying health, disease, patient care, and modes of therapy, respond according to the task specified by the user. Base your response on the current and standard practices referenced in medical guidelines.'}, {'role': 'user', 'content': 'A patient comes into the clinic presenting with a symptom as described in the conversation log below:\n    \nPATIENT INFORMATION: A 35-year-old taxi driver presents to his physician with complaints of itchy, watery eyes and excessive sneezing that have become more severe with the change of the seasons.\nCONVERSATION LOG:\nNone\nQUESTION: Which of the following medications would you prescribe for this patient?\nOPTIONS: A: Cetirizine, B: Chlorpheniramine, C: Diphenhydramine, D: Hydroxyzine\nYOUR TASK: Given the information so far, if you are confident to pick an option correctly and factually, respond with the letter choice and NOTHING ELSE. Otherwise, if you are not confident to pick an option and need more information, ask ONE SPECIFIC ATOMIC QUESTION to the patient. The question should be bite-sized, NOT ask for too much at once, and NOT repeat what has already been asked. In this case, respond with the atomic question and NOTHING ELSE.'}]
[2026-04-22 22:47:33,275] [INFO] [ABSTENTION RESPONSE]: A


[2026-04-22 22:47:33,275] [INFO] [IMPLICIT ABSTAIN RETURN]: abstain: False, confidence: 1.0, letter_choice: A, usage: {'input_tokens': 288, 'output_tokens': 3}, atomic_question: None

[2026-04-22 22:47:33,275] [INFO] [Expert System]: {'type': 'choice', 'question': None, 'letter_choice': 'A', 'confidence': 1.0, 'usage': {'input_tokens': 288, 'output_tokens': 3}}
[2026-04-22 22:47:33,275] [INFO] |||||||||||||||||||| Interaction ended for patient #91 | Predicted: A | GT: A | Correct: True ||||||||||||||||||||



[2026-04-22 22:47:33,275] [INFO] |||||||||||||||||||| PATIENT #92 | GT: D (Marfan syndrome) ||||||||||||||||||||
[2026-04-22 22:47:33,275] [INFO] ==================== Turn 1 ====================
[2026-04-22 22:47:33,275] [INFO] ++++++++++++++++++++ Start of Implicit Abstention [expert_basics.py:expert_response_choice_or_question()] ++++++++++++++++++++
[2026-04-22 22:47:33,275] [INFO] [<IMPLICIT ABSTAIN PROMPT>] [len(messages)=2] (messages[-1]):
A patient comes into the clinic presenting with a symptom as described in the conversation log below:
    
PATIENT INFORMATION: A 19-year-old female college student comes to the physician for a sudden loss of visual acuity of her right eye.
CONVERSATION LOG:
None
QUESTION: Which of the following is the most likely diagnosis in this patient?
OPTIONS: A: Joint hypermobility syndrome, B: Sturge-Weber syndrome, C: Ehlers-Danlos syndrome, D: Marfan syndrome
YOUR TASK: Given the information so far, if you are confident to pick an option correctly and factually, respond with the letter choice and NOTHING ELSE. Otherwise, if you are not confident to pick an option and need more information, ask ONE SPECIFIC ATOMIC QUESTION to the patient. The question should be bite-sized, NOT ask for too much at once, and NOT repeat what has already been asked. In this case, respond with the atomic question and NOTHING ELSE.
[2026-04-22 22:47:33,275] [INFO] -------------------- Self-Consistency Iteration 1 --------------------
[2026-04-22 22:47:33,444] [INFO] [<IMPLICIT ABSTAIN LM RES>]: C

[2026-04-22 22:47:33,444] [INFO] [<IMPLICIT ABSTAIN PARSED>]: C
[2026-04-22 22:47:33,444] [INFO] [<IMPLICIT ABSTAIN RETURN>]: atomic_question: None, final_answer: C, conf_score: 1.0 ([1 : 0])
[2026-04-22 22:47:33,444] [INFO] [ABSTENTION PROMPT]: [{'role': 'system', 'content': 'You are a medical doctor trying to reason through a real-life clinical case. Based on your understanding of basic and clinical science, medical knowledge, and mechanisms underlying health, disease, patient care, and modes of therapy, respond according to the task specified by the user. Base your response on the current and standard practices referenced in medical guidelines.'}, {'role': 'user', 'content': 'A patient comes into the clinic presenting with a symptom as described in the conversation log below:\n    \nPATIENT INFORMATION: A 19-year-old female college student comes to the physician for a sudden loss of visual acuity of her right eye.\nCONVERSATION LOG:\nNone\nQUESTION: Which of the following is the most likely diagnosis in this patient?\nOPTIONS: A: Joint hypermobility syndrome, B: Sturge-Weber syndrome, C: Ehlers-Danlos syndrome, D: Marfan syndrome\nYOUR TASK: Given the information so far, if you are confident to pick an option correctly and factually, respond with the letter choice and NOTHING ELSE. Otherwise, if you are not confident to pick an option and need more information, ask ONE SPECIFIC ATOMIC QUESTION to the patient. The question should be bite-sized, NOT ask for too much at once, and NOT repeat what has already been asked. In this case, respond with the atomic question and NOTHING ELSE.'}]
[2026-04-22 22:47:33,444] [INFO] [ABSTENTION RESPONSE]: C


[2026-04-22 22:47:33,444] [INFO] [IMPLICIT ABSTAIN RETURN]: abstain: False, confidence: 1.0, letter_choice: C, usage: {'input_tokens': 284, 'output_tokens': 3}, atomic_question: None

[2026-04-22 22:47:33,444] [INFO] [Expert System]: {'type': 'choice', 'question': None, 'letter_choice': 'C', 'confidence': 1.0, 'usage': {'input_tokens': 284, 'output_tokens': 3}}
[2026-04-22 22:47:33,444] [INFO] |||||||||||||||||||| Interaction ended for patient #92 | Predicted: C | GT: D | Correct: False ||||||||||||||||||||



[2026-04-22 22:47:33,444] [INFO] |||||||||||||||||||| PATIENT #93 | GT: C (CA 19-9) ||||||||||||||||||||
[2026-04-22 22:47:33,444] [INFO] ==================== Turn 1 ====================
[2026-04-22 22:47:33,444] [INFO] ++++++++++++++++++++ Start of Implicit Abstention [expert_basics.py:expert_response_choice_or_question()] ++++++++++++++++++++
[2026-04-22 22:47:33,444] [INFO] [<IMPLICIT ABSTAIN PROMPT>] [len(messages)=2] (messages[-1]):
A patient comes into the clinic presenting with a symptom as described in the conversation log below:
    
PATIENT INFORMATION: A 62-year-old man presents to his primary care provider complaining of abdominal pain.
CONVERSATION LOG:
None
QUESTION: Which of the following serum markers is most likely elevated in this patient?
OPTIONS: A: Bombesin, B: CA-125, C: CA 19-9, D: S-100
YOUR TASK: Given the information so far, if you are confident to pick an option correctly and factually, respond with the letter choice and NOTHING ELSE. Otherwise, if you are not confident to pick an option and need more information, ask ONE SPECIFIC ATOMIC QUESTION to the patient. The question should be bite-sized, NOT ask for too much at once, and NOT repeat what has already been asked. In this case, respond with the atomic question and NOTHING ELSE.
[2026-04-22 22:47:33,444] [INFO] -------------------- Self-Consistency Iteration 1 --------------------
[2026-04-22 22:47:33,613] [INFO] [<IMPLICIT ABSTAIN LM RES>]: C

[2026-04-22 22:47:33,613] [INFO] [<IMPLICIT ABSTAIN PARSED>]: C
[2026-04-22 22:47:33,613] [INFO] [<IMPLICIT ABSTAIN RETURN>]: atomic_question: None, final_answer: C, conf_score: 1.0 ([1 : 0])
[2026-04-22 22:47:33,613] [INFO] [ABSTENTION PROMPT]: [{'role': 'system', 'content': 'You are a medical doctor trying to reason through a real-life clinical case. Based on your understanding of basic and clinical science, medical knowledge, and mechanisms underlying health, disease, patient care, and modes of therapy, respond according to the task specified by the user. Base your response on the current and standard practices referenced in medical guidelines.'}, {'role': 'user', 'content': 'A patient comes into the clinic presenting with a symptom as described in the conversation log below:\n    \nPATIENT INFORMATION: A 62-year-old man presents to his primary care provider complaining of abdominal pain.\nCONVERSATION LOG:\nNone\nQUESTION: Which of the following serum markers is most likely elevated in this patient?\nOPTIONS: A: Bombesin, B: CA-125, C: CA 19-9, D: S-100\nYOUR TASK: Given the information so far, if you are confident to pick an option correctly and factually, respond with the letter choice and NOTHING ELSE. Otherwise, if you are not confident to pick an option and need more information, ask ONE SPECIFIC ATOMIC QUESTION to the patient. The question should be bite-sized, NOT ask for too much at once, and NOT repeat what has already been asked. In this case, respond with the atomic question and NOTHING ELSE.'}]
[2026-04-22 22:47:33,613] [INFO] [ABSTENTION RESPONSE]: C


[2026-04-22 22:47:33,613] [INFO] [IMPLICIT ABSTAIN RETURN]: abstain: False, confidence: 1.0, letter_choice: C, usage: {'input_tokens': 277, 'output_tokens': 3}, atomic_question: None

[2026-04-22 22:47:33,613] [INFO] [Expert System]: {'type': 'choice', 'question': None, 'letter_choice': 'C', 'confidence': 1.0, 'usage': {'input_tokens': 277, 'output_tokens': 3}}
[2026-04-22 22:47:33,613] [INFO] |||||||||||||||||||| Interaction ended for patient #93 | Predicted: C | GT: C | Correct: True ||||||||||||||||||||



[2026-04-22 22:47:33,613] [INFO] |||||||||||||||||||| PATIENT #94 | GT: D (Regan-Lowe medium) ||||||||||||||||||||
[2026-04-22 22:47:33,613] [INFO] ==================== Turn 1 ====================
[2026-04-22 22:47:33,613] [INFO] ++++++++++++++++++++ Start of Implicit Abstention [expert_basics.py:expert_response_choice_or_question()] ++++++++++++++++++++
[2026-04-22 22:47:33,613] [INFO] [<IMPLICIT ABSTAIN PROMPT>] [len(messages)=2] (messages[-1]):
A patient comes into the clinic presenting with a symptom as described in the conversation log below:
    
PATIENT INFORMATION: A 4-year-old girl from a recently immigrated family presents to the emergency department with episodes of severe coughing lasting up to several minutes followed by vomiting.
CONVERSATION LOG:
None
QUESTION: Which of the following could be used to culture the most likely cause of this disorder?
OPTIONS: A: Charcoal yeast with iron and cysteine, B: Eaton agar, C: Loffler medium, D: Regan-Lowe medium
YOUR TASK: Given the information so far, if you are confident to pick an option correctly and factually, respond with the letter choice and NOTHING ELSE. Otherwise, if you are not confident to pick an option and need more information, ask ONE SPECIFIC ATOMIC QUESTION to the patient. The question should be bite-sized, NOT ask for too much at once, and NOT repeat what has already been asked. In this case, respond with the atomic question and NOTHING ELSE.
[2026-04-22 22:47:33,613] [INFO] -------------------- Self-Consistency Iteration 1 --------------------
[2026-04-22 22:47:35,682] [INFO] [<IMPLICIT ABSTAIN LM RES>]: The most likely cause of the patient's symptoms (severe coughing followed by vomiting) is *Croup*. Croup is caused by a viral infection, most commonly parainfluenza virus.

The best culture medium for *Croup* is Regan-Lowe medium.

D

[2026-04-22 22:47:35,683] [INFO] ....Found Regan-Lowe medium in response line: The best culture medium for *Croup* is Regan-Lowe medium.
[2026-04-22 22:47:35,683] [INFO] [<IMPLICIT ABSTAIN PARSED>]: D
[2026-04-22 22:47:35,683] [INFO] [<IMPLICIT ABSTAIN RETURN>]: atomic_question: None, final_answer: D, conf_score: 1.0 ([1 : 0])
[2026-04-22 22:47:35,683] [INFO] [ABSTENTION PROMPT]: [{'role': 'system', 'content': 'You are a medical doctor trying to reason through a real-life clinical case. Based on your understanding of basic and clinical science, medical knowledge, and mechanisms underlying health, disease, patient care, and modes of therapy, respond according to the task specified by the user. Base your response on the current and standard practices referenced in medical guidelines.'}, {'role': 'user', 'content': 'A patient comes into the clinic presenting with a symptom as described in the conversation log below:\n    \nPATIENT INFORMATION: A 4-year-old girl from a recently immigrated family presents to the emergency department with episodes of severe coughing lasting up to several minutes followed by vomiting.\nCONVERSATION LOG:\nNone\nQUESTION: Which of the following could be used to culture the most likely cause of this disorder?\nOPTIONS: A: Charcoal yeast with iron and cysteine, B: Eaton agar, C: Loffler medium, D: Regan-Lowe medium\nYOUR TASK: Given the information so far, if you are confident to pick an option correctly and factually, respond with the letter choice and NOTHING ELSE. Otherwise, if you are not confident to pick an option and need more information, ask ONE SPECIFIC ATOMIC QUESTION to the patient. The question should be bite-sized, NOT ask for too much at once, and NOT repeat what has already been asked. In this case, respond with the atomic question and NOTHING ELSE.'}]
[2026-04-22 22:47:35,683] [INFO] [ABSTENTION RESPONSE]: The most likely cause of the patient's symptoms (severe coughing followed by vomiting) is *Croup*. Croup is caused by a viral infection, most commonly parainfluenza virus.

The best culture medium for *Croup* is Regan-Lowe medium.

D


[2026-04-22 22:47:35,683] [INFO] [IMPLICIT ABSTAIN RETURN]: abstain: False, confidence: 1.0, letter_choice: D, usage: {'input_tokens': 291, 'output_tokens': 60}, atomic_question: None

[2026-04-22 22:47:35,683] [INFO] [Expert System]: {'type': 'choice', 'question': None, 'letter_choice': 'D', 'confidence': 1.0, 'usage': {'input_tokens': 291, 'output_tokens': 60}}
[2026-04-22 22:47:35,683] [INFO] |||||||||||||||||||| Interaction ended for patient #94 | Predicted: D | GT: D | Correct: True ||||||||||||||||||||



[2026-04-22 22:47:35,683] [INFO] |||||||||||||||||||| PATIENT #95 | GT: C (Crypt abscess) ||||||||||||||||||||
[2026-04-22 22:47:35,683] [INFO] ==================== Turn 1 ====================
[2026-04-22 22:47:35,683] [INFO] ++++++++++++++++++++ Start of Implicit Abstention [expert_basics.py:expert_response_choice_or_question()] ++++++++++++++++++++
[2026-04-22 22:47:35,683] [INFO] [<IMPLICIT ABSTAIN PROMPT>] [len(messages)=2] (messages[-1]):
A patient comes into the clinic presenting with a symptom as described in the conversation log below:
    
PATIENT INFORMATION: A 28-year-old man presents with episodic abdominal pain and bloody diarrhea for the past week.
CONVERSATION LOG:
None
QUESTION: Which of the following histopathologic findings characteristic of this patient’s most likely diagnosis is marked by the yellow circle?
OPTIONS: A: Goblet cell hyperplasia, B: Paneth cells metaplasia, C: Crypt abscess, D: Enterocyte dysplasia
YOUR TASK: Given the information so far, if you are confident to pick an option correctly and factually, respond with the letter choice and NOTHING ELSE. Otherwise, if you are not confident to pick an option and need more information, ask ONE SPECIFIC ATOMIC QUESTION to the patient. The question should be bite-sized, NOT ask for too much at once, and NOT repeat what has already been asked. In this case, respond with the atomic question and NOTHING ELSE.
[2026-04-22 22:47:35,683] [INFO] -------------------- Self-Consistency Iteration 1 --------------------
[2026-04-22 22:47:35,852] [INFO] [<IMPLICIT ABSTAIN LM RES>]: C

[2026-04-22 22:47:35,852] [INFO] [<IMPLICIT ABSTAIN PARSED>]: C
[2026-04-22 22:47:35,852] [INFO] [<IMPLICIT ABSTAIN RETURN>]: atomic_question: None, final_answer: C, conf_score: 1.0 ([1 : 0])
[2026-04-22 22:47:35,852] [INFO] [ABSTENTION PROMPT]: [{'role': 'system', 'content': 'You are a medical doctor trying to reason through a real-life clinical case. Based on your understanding of basic and clinical science, medical knowledge, and mechanisms underlying health, disease, patient care, and modes of therapy, respond according to the task specified by the user. Base your response on the current and standard practices referenced in medical guidelines.'}, {'role': 'user', 'content': 'A patient comes into the clinic presenting with a symptom as described in the conversation log below:\n    \nPATIENT INFORMATION: A 28-year-old man presents with episodic abdominal pain and bloody diarrhea for the past week.\nCONVERSATION LOG:\nNone\nQUESTION: Which of the following histopathologic findings characteristic of this patient’s most likely diagnosis is marked by the yellow circle?\nOPTIONS: A: Goblet cell hyperplasia, B: Paneth cells metaplasia, C: Crypt abscess, D: Enterocyte dysplasia\nYOUR TASK: Given the information so far, if you are confident to pick an option correctly and factually, respond with the letter choice and NOTHING ELSE. Otherwise, if you are not confident to pick an option and need more information, ask ONE SPECIFIC ATOMIC QUESTION to the patient. The question should be bite-sized, NOT ask for too much at once, and NOT repeat what has already been asked. In this case, respond with the atomic question and NOTHING ELSE.'}]
[2026-04-22 22:47:35,852] [INFO] [ABSTENTION RESPONSE]: C


[2026-04-22 22:47:35,852] [INFO] [IMPLICIT ABSTAIN RETURN]: abstain: False, confidence: 1.0, letter_choice: C, usage: {'input_tokens': 286, 'output_tokens': 3}, atomic_question: None

[2026-04-22 22:47:35,852] [INFO] [Expert System]: {'type': 'choice', 'question': None, 'letter_choice': 'C', 'confidence': 1.0, 'usage': {'input_tokens': 286, 'output_tokens': 3}}
[2026-04-22 22:47:35,852] [INFO] |||||||||||||||||||| Interaction ended for patient #95 | Predicted: C | GT: C | Correct: True ||||||||||||||||||||



[2026-04-22 22:47:35,852] [INFO] |||||||||||||||||||| PATIENT #96 | GT: A (Parvovirus B19) ||||||||||||||||||||
[2026-04-22 22:47:35,852] [INFO] ==================== Turn 1 ====================
[2026-04-22 22:47:35,852] [INFO] ++++++++++++++++++++ Start of Implicit Abstention [expert_basics.py:expert_response_choice_or_question()] ++++++++++++++++++++
[2026-04-22 22:47:35,852] [INFO] [<IMPLICIT ABSTAIN PROMPT>] [len(messages)=2] (messages[-1]):
A patient comes into the clinic presenting with a symptom as described in the conversation log below:
    
PATIENT INFORMATION: A 14-year-old boy is brought to the emergency department because of a 2-day history of fatigue.
CONVERSATION LOG:
None
QUESTION: Which of the following is the most likely underlying cause of these findings?"
OPTIONS: A: Parvovirus B19, B: Medication-induced hemolysis, C: Defect in erythrocyte membrane proteins, D: Hemolytic crisis
YOUR TASK: Given the information so far, if you are confident to pick an option correctly and factually, respond with the letter choice and NOTHING ELSE. Otherwise, if you are not confident to pick an option and need more information, ask ONE SPECIFIC ATOMIC QUESTION to the patient. The question should be bite-sized, NOT ask for too much at once, and NOT repeat what has already been asked. In this case, respond with the atomic question and NOTHING ELSE.
[2026-04-22 22:47:35,852] [INFO] -------------------- Self-Consistency Iteration 1 --------------------
[2026-04-22 22:47:36,022] [INFO] [<IMPLICIT ABSTAIN LM RES>]: A

[2026-04-22 22:47:36,022] [INFO] [<IMPLICIT ABSTAIN PARSED>]: A
[2026-04-22 22:47:36,022] [INFO] [<IMPLICIT ABSTAIN RETURN>]: atomic_question: None, final_answer: A, conf_score: 1.0 ([1 : 0])
[2026-04-22 22:47:36,022] [INFO] [ABSTENTION PROMPT]: [{'role': 'system', 'content': 'You are a medical doctor trying to reason through a real-life clinical case. Based on your understanding of basic and clinical science, medical knowledge, and mechanisms underlying health, disease, patient care, and modes of therapy, respond according to the task specified by the user. Base your response on the current and standard practices referenced in medical guidelines.'}, {'role': 'user', 'content': 'A patient comes into the clinic presenting with a symptom as described in the conversation log below:\n    \nPATIENT INFORMATION: A 14-year-old boy is brought to the emergency department because of a 2-day history of fatigue.\nCONVERSATION LOG:\nNone\nQUESTION: Which of the following is the most likely underlying cause of these findings?"\nOPTIONS: A: Parvovirus B19, B: Medication-induced hemolysis, C: Defect in erythrocyte membrane proteins, D: Hemolytic crisis\nYOUR TASK: Given the information so far, if you are confident to pick an option correctly and factually, respond with the letter choice and NOTHING ELSE. Otherwise, if you are not confident to pick an option and need more information, ask ONE SPECIFIC ATOMIC QUESTION to the patient. The question should be bite-sized, NOT ask for too much at once, and NOT repeat what has already been asked. In this case, respond with the atomic question and NOTHING ELSE.'}]
[2026-04-22 22:47:36,022] [INFO] [ABSTENTION RESPONSE]: A


[2026-04-22 22:47:36,022] [INFO] [IMPLICIT ABSTAIN RETURN]: abstain: False, confidence: 1.0, letter_choice: A, usage: {'input_tokens': 285, 'output_tokens': 3}, atomic_question: None

[2026-04-22 22:47:36,022] [INFO] [Expert System]: {'type': 'choice', 'question': None, 'letter_choice': 'A', 'confidence': 1.0, 'usage': {'input_tokens': 285, 'output_tokens': 3}}
[2026-04-22 22:47:36,022] [INFO] |||||||||||||||||||| Interaction ended for patient #96 | Predicted: A | GT: A | Correct: True ||||||||||||||||||||



[2026-04-22 22:47:36,022] [INFO] |||||||||||||||||||| PATIENT #97 | GT: A (Increased pulmonary capillary wedge pressure) ||||||||||||||||||||
[2026-04-22 22:47:36,022] [INFO] ==================== Turn 1 ====================
[2026-04-22 22:47:36,022] [INFO] ++++++++++++++++++++ Start of Implicit Abstention [expert_basics.py:expert_response_choice_or_question()] ++++++++++++++++++++
[2026-04-22 22:47:36,022] [INFO] [<IMPLICIT ABSTAIN PROMPT>] [len(messages)=2] (messages[-1]):
A patient comes into the clinic presenting with a symptom as described in the conversation log below:
    
PATIENT INFORMATION: A 44-year-old woman comes to the office because of 4 episodes of loss of consciousness over the past 2 weeks.
CONVERSATION LOG:
None
QUESTION: Which of the following is the most likely underlying mechanism of these findings?
OPTIONS: A: Increased pulmonary capillary wedge pressure, B: Increased central venous pressure, C: Increased oxygenated blood in the right ventricle, D: Increased mean arterial pressure
YOUR TASK: Given the information so far, if you are confident to pick an option correctly and factually, respond with the letter choice and NOTHING ELSE. Otherwise, if you are not confident to pick an option and need more information, ask ONE SPECIFIC ATOMIC QUESTION to the patient. The question should be bite-sized, NOT ask for too much at once, and NOT repeat what has already been asked. In this case, respond with the atomic question and NOTHING ELSE.
[2026-04-22 22:47:36,022] [INFO] -------------------- Self-Consistency Iteration 1 --------------------
[2026-04-22 22:47:36,191] [INFO] [<IMPLICIT ABSTAIN LM RES>]: B

[2026-04-22 22:47:36,191] [INFO] [<IMPLICIT ABSTAIN PARSED>]: B
[2026-04-22 22:47:36,191] [INFO] [<IMPLICIT ABSTAIN RETURN>]: atomic_question: None, final_answer: B, conf_score: 1.0 ([1 : 0])
[2026-04-22 22:47:36,191] [INFO] [ABSTENTION PROMPT]: [{'role': 'system', 'content': 'You are a medical doctor trying to reason through a real-life clinical case. Based on your understanding of basic and clinical science, medical knowledge, and mechanisms underlying health, disease, patient care, and modes of therapy, respond according to the task specified by the user. Base your response on the current and standard practices referenced in medical guidelines.'}, {'role': 'user', 'content': 'A patient comes into the clinic presenting with a symptom as described in the conversation log below:\n    \nPATIENT INFORMATION: A 44-year-old woman comes to the office because of 4 episodes of loss of consciousness over the past 2 weeks.\nCONVERSATION LOG:\nNone\nQUESTION: Which of the following is the most likely underlying mechanism of these findings?\nOPTIONS: A: Increased pulmonary capillary wedge pressure, B: Increased central venous pressure, C: Increased oxygenated blood in the right ventricle, D: Increased mean arterial pressure\nYOUR TASK: Given the information so far, if you are confident to pick an option correctly and factually, respond with the letter choice and NOTHING ELSE. Otherwise, if you are not confident to pick an option and need more information, ask ONE SPECIFIC ATOMIC QUESTION to the patient. The question should be bite-sized, NOT ask for too much at once, and NOT repeat what has already been asked. In this case, respond with the atomic question and NOTHING ELSE.'}]
[2026-04-22 22:47:36,191] [INFO] [ABSTENTION RESPONSE]: B


[2026-04-22 22:47:36,191] [INFO] [IMPLICIT ABSTAIN RETURN]: abstain: False, confidence: 1.0, letter_choice: B, usage: {'input_tokens': 289, 'output_tokens': 3}, atomic_question: None

[2026-04-22 22:47:36,191] [INFO] [Expert System]: {'type': 'choice', 'question': None, 'letter_choice': 'B', 'confidence': 1.0, 'usage': {'input_tokens': 289, 'output_tokens': 3}}
[2026-04-22 22:47:36,191] [INFO] |||||||||||||||||||| Interaction ended for patient #97 | Predicted: B | GT: A | Correct: False ||||||||||||||||||||



[2026-04-22 22:47:36,191] [INFO] |||||||||||||||||||| PATIENT #98 | GT: D (Low molecular weight heparin therapy) ||||||||||||||||||||
[2026-04-22 22:47:36,191] [INFO] ==================== Turn 1 ====================
[2026-04-22 22:47:36,191] [INFO] ++++++++++++++++++++ Start of Implicit Abstention [expert_basics.py:expert_response_choice_or_question()] ++++++++++++++++++++
[2026-04-22 22:47:36,191] [INFO] [<IMPLICIT ABSTAIN PROMPT>] [len(messages)=2] (messages[-1]):
A patient comes into the clinic presenting with a symptom as described in the conversation log below:
    
PATIENT INFORMATION: A 43-year-old woman is brought to the emergency department because of severe central chest pain, mild shortness of breath, and one episode of coughing up blood since waking up that morning.
CONVERSATION LOG:
None
QUESTION: Which of the following is the most appropriate next step in management?"
OPTIONS: A: CT pulmonary angiography, B: D-dimer levels, C: Catheter embolectomy, D: Low molecular weight heparin therapy
YOUR TASK: Given the information so far, if you are confident to pick an option correctly and factually, respond with the letter choice and NOTHING ELSE. Otherwise, if you are not confident to pick an option and need more information, ask ONE SPECIFIC ATOMIC QUESTION to the patient. The question should be bite-sized, NOT ask for too much at once, and NOT repeat what has already been asked. In this case, respond with the atomic question and NOTHING ELSE.
[2026-04-22 22:47:36,191] [INFO] -------------------- Self-Consistency Iteration 1 --------------------
[2026-04-22 22:47:36,360] [INFO] [<IMPLICIT ABSTAIN LM RES>]: A

[2026-04-22 22:47:36,360] [INFO] [<IMPLICIT ABSTAIN PARSED>]: A
[2026-04-22 22:47:36,360] [INFO] [<IMPLICIT ABSTAIN RETURN>]: atomic_question: None, final_answer: A, conf_score: 1.0 ([1 : 0])
[2026-04-22 22:47:36,360] [INFO] [ABSTENTION PROMPT]: [{'role': 'system', 'content': 'You are a medical doctor trying to reason through a real-life clinical case. Based on your understanding of basic and clinical science, medical knowledge, and mechanisms underlying health, disease, patient care, and modes of therapy, respond according to the task specified by the user. Base your response on the current and standard practices referenced in medical guidelines.'}, {'role': 'user', 'content': 'A patient comes into the clinic presenting with a symptom as described in the conversation log below:\n    \nPATIENT INFORMATION: A 43-year-old woman is brought to the emergency department because of severe central chest pain, mild shortness of breath, and one episode of coughing up blood since waking up that morning.\nCONVERSATION LOG:\nNone\nQUESTION: Which of the following is the most appropriate next step in management?"\nOPTIONS: A: CT pulmonary angiography, B: D-dimer levels, C: Catheter embolectomy, D: Low molecular weight heparin therapy\nYOUR TASK: Given the information so far, if you are confident to pick an option correctly and factually, respond with the letter choice and NOTHING ELSE. Otherwise, if you are not confident to pick an option and need more information, ask ONE SPECIFIC ATOMIC QUESTION to the patient. The question should be bite-sized, NOT ask for too much at once, and NOT repeat what has already been asked. In this case, respond with the atomic question and NOTHING ELSE.'}]
[2026-04-22 22:47:36,360] [INFO] [ABSTENTION RESPONSE]: A


[2026-04-22 22:47:36,360] [INFO] [IMPLICIT ABSTAIN RETURN]: abstain: False, confidence: 1.0, letter_choice: A, usage: {'input_tokens': 297, 'output_tokens': 3}, atomic_question: None

[2026-04-22 22:47:36,361] [INFO] [Expert System]: {'type': 'choice', 'question': None, 'letter_choice': 'A', 'confidence': 1.0, 'usage': {'input_tokens': 297, 'output_tokens': 3}}
[2026-04-22 22:47:36,361] [INFO] |||||||||||||||||||| Interaction ended for patient #98 | Predicted: A | GT: D | Correct: False ||||||||||||||||||||



[2026-04-22 22:47:36,361] [INFO] |||||||||||||||||||| PATIENT #99 | GT: B (Heparin: activates antithrombin 3) ||||||||||||||||||||
[2026-04-22 22:47:36,361] [INFO] ==================== Turn 1 ====================
[2026-04-22 22:47:36,361] [INFO] ++++++++++++++++++++ Start of Implicit Abstention [expert_basics.py:expert_response_choice_or_question()] ++++++++++++++++++++
[2026-04-22 22:47:36,361] [INFO] [<IMPLICIT ABSTAIN PROMPT>] [len(messages)=2] (messages[-1]):
A patient comes into the clinic presenting with a symptom as described in the conversation log below:
    
PATIENT INFORMATION: A 58-year-old Caucasian male with a history of peripheral vascular disease is admitted to the hospital with a painful, pulseless foot.
CONVERSATION LOG:
None
QUESTION: Which of the following matches a drug with its correct characteristic?
OPTIONS: A: Warfarin: directly inhibits thrombin, B: Heparin: activates antithrombin 3, C: Aspirin: reversibly inhibits COX-1, D: Prasugrel: reduced risk of bleeding compared to other drugs in its class
YOUR TASK: Given the information so far, if you are confident to pick an option correctly and factually, respond with the letter choice and NOTHING ELSE. Otherwise, if you are not confident to pick an option and need more information, ask ONE SPECIFIC ATOMIC QUESTION to the patient. The question should be bite-sized, NOT ask for too much at once, and NOT repeat what has already been asked. In this case, respond with the atomic question and NOTHING ELSE.
[2026-04-22 22:47:36,361] [INFO] -------------------- Self-Consistency Iteration 1 --------------------
[2026-04-22 22:47:36,530] [INFO] [<IMPLICIT ABSTAIN LM RES>]: C

[2026-04-22 22:47:36,530] [INFO] [<IMPLICIT ABSTAIN PARSED>]: C
[2026-04-22 22:47:36,530] [INFO] [<IMPLICIT ABSTAIN RETURN>]: atomic_question: None, final_answer: C, conf_score: 1.0 ([1 : 0])
[2026-04-22 22:47:36,530] [INFO] [ABSTENTION PROMPT]: [{'role': 'system', 'content': 'You are a medical doctor trying to reason through a real-life clinical case. Based on your understanding of basic and clinical science, medical knowledge, and mechanisms underlying health, disease, patient care, and modes of therapy, respond according to the task specified by the user. Base your response on the current and standard practices referenced in medical guidelines.'}, {'role': 'user', 'content': 'A patient comes into the clinic presenting with a symptom as described in the conversation log below:\n    \nPATIENT INFORMATION: A 58-year-old Caucasian male with a history of peripheral vascular disease is admitted to the hospital with a painful, pulseless foot.\nCONVERSATION LOG:\nNone\nQUESTION: Which of the following matches a drug with its correct characteristic?\nOPTIONS: A: Warfarin: directly inhibits thrombin, B: Heparin: activates antithrombin 3, C: Aspirin: reversibly inhibits COX-1, D: Prasugrel: reduced risk of bleeding compared to other drugs in its class\nYOUR TASK: Given the information so far, if you are confident to pick an option correctly and factually, respond with the letter choice and NOTHING ELSE. Otherwise, if you are not confident to pick an option and need more information, ask ONE SPECIFIC ATOMIC QUESTION to the patient. The question should be bite-sized, NOT ask for too much at once, and NOT repeat what has already been asked. In this case, respond with the atomic question and NOTHING ELSE.'}]
[2026-04-22 22:47:36,530] [INFO] [ABSTENTION RESPONSE]: C


[2026-04-22 22:47:36,530] [INFO] [IMPLICIT ABSTAIN RETURN]: abstain: False, confidence: 1.0, letter_choice: C, usage: {'input_tokens': 308, 'output_tokens': 3}, atomic_question: None

[2026-04-22 22:47:36,530] [INFO] [Expert System]: {'type': 'choice', 'question': None, 'letter_choice': 'C', 'confidence': 1.0, 'usage': {'input_tokens': 308, 'output_tokens': 3}}
[2026-04-22 22:47:36,530] [INFO] |||||||||||||||||||| Interaction ended for patient #99 | Predicted: C | GT: B | Correct: False ||||||||||||||||||||



[2026-04-22 22:47:36,531] [INFO] |||||||||||||||||||| PATIENT #100 | GT: A (Benign paroxysmal positional vertigo) ||||||||||||||||||||
[2026-04-22 22:47:36,531] [INFO] ==================== Turn 1 ====================
[2026-04-22 22:47:36,531] [INFO] ++++++++++++++++++++ Start of Implicit Abstention [expert_basics.py:expert_response_choice_or_question()] ++++++++++++++++++++
[2026-04-22 22:47:36,531] [INFO] [<IMPLICIT ABSTAIN PROMPT>] [len(messages)=2] (messages[-1]):
A patient comes into the clinic presenting with a symptom as described in the conversation log below:
    
PATIENT INFORMATION: A 64-year-old woman comes to the physician because of several episodes of dizziness during the last month.
CONVERSATION LOG:
None
QUESTION: Which of the following is the most likely diagnosis?
OPTIONS: A: Benign paroxysmal positional vertigo, B: Persistent postural-perceptual dizziness, C: Meniere disease, D: Acoustic neuroma
YOUR TASK: Given the information so far, if you are confident to pick an option correctly and factually, respond with the letter choice and NOTHING ELSE. Otherwise, if you are not confident to pick an option and need more information, ask ONE SPECIFIC ATOMIC QUESTION to the patient. The question should be bite-sized, NOT ask for too much at once, and NOT repeat what has already been asked. In this case, respond with the atomic question and NOTHING ELSE.
[2026-04-22 22:47:36,531] [INFO] -------------------- Self-Consistency Iteration 1 --------------------
[2026-04-22 22:47:36,700] [INFO] [<IMPLICIT ABSTAIN LM RES>]: B

[2026-04-22 22:47:36,700] [INFO] [<IMPLICIT ABSTAIN PARSED>]: B
[2026-04-22 22:47:36,700] [INFO] [<IMPLICIT ABSTAIN RETURN>]: atomic_question: None, final_answer: B, conf_score: 1.0 ([1 : 0])
[2026-04-22 22:47:36,700] [INFO] [ABSTENTION PROMPT]: [{'role': 'system', 'content': 'You are a medical doctor trying to reason through a real-life clinical case. Based on your understanding of basic and clinical science, medical knowledge, and mechanisms underlying health, disease, patient care, and modes of therapy, respond according to the task specified by the user. Base your response on the current and standard practices referenced in medical guidelines.'}, {'role': 'user', 'content': 'A patient comes into the clinic presenting with a symptom as described in the conversation log below:\n    \nPATIENT INFORMATION: A 64-year-old woman comes to the physician because of several episodes of dizziness during the last month.\nCONVERSATION LOG:\nNone\nQUESTION: Which of the following is the most likely diagnosis?\nOPTIONS: A: Benign paroxysmal positional vertigo, B: Persistent postural-perceptual dizziness, C: Meniere disease, D: Acoustic neuroma\nYOUR TASK: Given the information so far, if you are confident to pick an option correctly and factually, respond with the letter choice and NOTHING ELSE. Otherwise, if you are not confident to pick an option and need more information, ask ONE SPECIFIC ATOMIC QUESTION to the patient. The question should be bite-sized, NOT ask for too much at once, and NOT repeat what has already been asked. In this case, respond with the atomic question and NOTHING ELSE.'}]
[2026-04-22 22:47:36,700] [INFO] [ABSTENTION RESPONSE]: B


[2026-04-22 22:47:36,700] [INFO] [IMPLICIT ABSTAIN RETURN]: abstain: False, confidence: 1.0, letter_choice: B, usage: {'input_tokens': 280, 'output_tokens': 3}, atomic_question: None

[2026-04-22 22:47:36,700] [INFO] [Expert System]: {'type': 'choice', 'question': None, 'letter_choice': 'B', 'confidence': 1.0, 'usage': {'input_tokens': 280, 'output_tokens': 3}}
[2026-04-22 22:47:36,700] [INFO] |||||||||||||||||||| Interaction ended for patient #100 | Predicted: B | GT: A | Correct: False ||||||||||||||||||||



[2026-04-22 22:47:36,700] [INFO] |||||||||||||||||||| PATIENT #101 | GT: D (Ulcers that are flask-shaped) ||||||||||||||||||||
[2026-04-22 22:47:36,700] [INFO] ==================== Turn 1 ====================
[2026-04-22 22:47:36,700] [INFO] ++++++++++++++++++++ Start of Implicit Abstention [expert_basics.py:expert_response_choice_or_question()] ++++++++++++++++++++
[2026-04-22 22:47:36,700] [INFO] [<IMPLICIT ABSTAIN PROMPT>] [len(messages)=2] (messages[-1]):
A patient comes into the clinic presenting with a symptom as described in the conversation log below:
    
PATIENT INFORMATION: A 31-year-old woman presents to her primary care physician because she has been experiencing diarrhea over the last several days.
CONVERSATION LOG:
None
QUESTION: Which of the following findings would most likely be seen in this patient?
OPTIONS: A: Acid fast cysts, B: Motile bacteria, C: Non-invasive trophozoites, D: Ulcers that are flask-shaped
YOUR TASK: Given the information so far, if you are confident to pick an option correctly and factually, respond with the letter choice and NOTHING ELSE. Otherwise, if you are not confident to pick an option and need more information, ask ONE SPECIFIC ATOMIC QUESTION to the patient. The question should be bite-sized, NOT ask for too much at once, and NOT repeat what has already been asked. In this case, respond with the atomic question and NOTHING ELSE.
[2026-04-22 22:47:36,700] [INFO] -------------------- Self-Consistency Iteration 1 --------------------
[2026-04-22 22:47:36,869] [INFO] [<IMPLICIT ABSTAIN LM RES>]: B

[2026-04-22 22:47:36,869] [INFO] [<IMPLICIT ABSTAIN PARSED>]: B
[2026-04-22 22:47:36,869] [INFO] [<IMPLICIT ABSTAIN RETURN>]: atomic_question: None, final_answer: B, conf_score: 1.0 ([1 : 0])
[2026-04-22 22:47:36,869] [INFO] [ABSTENTION PROMPT]: [{'role': 'system', 'content': 'You are a medical doctor trying to reason through a real-life clinical case. Based on your understanding of basic and clinical science, medical knowledge, and mechanisms underlying health, disease, patient care, and modes of therapy, respond according to the task specified by the user. Base your response on the current and standard practices referenced in medical guidelines.'}, {'role': 'user', 'content': 'A patient comes into the clinic presenting with a symptom as described in the conversation log below:\n    \nPATIENT INFORMATION: A 31-year-old woman presents to her primary care physician because she has been experiencing diarrhea over the last several days.\nCONVERSATION LOG:\nNone\nQUESTION: Which of the following findings would most likely be seen in this patient?\nOPTIONS: A: Acid fast cysts, B: Motile bacteria, C: Non-invasive trophozoites, D: Ulcers that are flask-shaped\nYOUR TASK: Given the information so far, if you are confident to pick an option correctly and factually, respond with the letter choice and NOTHING ELSE. Otherwise, if you are not confident to pick an option and need more information, ask ONE SPECIFIC ATOMIC QUESTION to the patient. The question should be bite-sized, NOT ask for too much at once, and NOT repeat what has already been asked. In this case, respond with the atomic question and NOTHING ELSE.'}]
[2026-04-22 22:47:36,869] [INFO] [ABSTENTION RESPONSE]: B


[2026-04-22 22:47:36,869] [INFO] [IMPLICIT ABSTAIN RETURN]: abstain: False, confidence: 1.0, letter_choice: B, usage: {'input_tokens': 285, 'output_tokens': 3}, atomic_question: None

[2026-04-22 22:47:36,869] [INFO] [Expert System]: {'type': 'choice', 'question': None, 'letter_choice': 'B', 'confidence': 1.0, 'usage': {'input_tokens': 285, 'output_tokens': 3}}
[2026-04-22 22:47:36,869] [INFO] |||||||||||||||||||| Interaction ended for patient #101 | Predicted: B | GT: D | Correct: False ||||||||||||||||||||



[2026-04-22 22:47:36,869] [INFO] |||||||||||||||||||| PATIENT #102 | GT: D (Decreased GMP synthesis) ||||||||||||||||||||
[2026-04-22 22:47:36,869] [INFO] ==================== Turn 1 ====================
[2026-04-22 22:47:36,869] [INFO] ++++++++++++++++++++ Start of Implicit Abstention [expert_basics.py:expert_response_choice_or_question()] ++++++++++++++++++++
[2026-04-22 22:47:36,869] [INFO] [<IMPLICIT ABSTAIN PROMPT>] [len(messages)=2] (messages[-1]):
A patient comes into the clinic presenting with a symptom as described in the conversation log below:
    
PATIENT INFORMATION: A 35-year-old woman that is currently being treated for chronic hepatitis C comes to the physician because of progressive fatigue for 10 days.
CONVERSATION LOG:
None
QUESTION: Which of the following mechanisms most likely contributes to the efficacy of this patient's pharmacotherapy?
OPTIONS: A: Activation of leukocytes, B: Inhibition of reverse transcriptase, C: Inhibition of RNA polymerase, D: Decreased GMP synthesis
YOUR TASK: Given the information so far, if you are confident to pick an option correctly and factually, respond with the letter choice and NOTHING ELSE. Otherwise, if you are not confident to pick an option and need more information, ask ONE SPECIFIC ATOMIC QUESTION to the patient. The question should be bite-sized, NOT ask for too much at once, and NOT repeat what has already been asked. In this case, respond with the atomic question and NOTHING ELSE.
[2026-04-22 22:47:36,869] [INFO] -------------------- Self-Consistency Iteration 1 --------------------
[2026-04-22 22:47:37,044] [INFO] [<IMPLICIT ABSTAIN LM RES>]: C

[2026-04-22 22:47:37,044] [INFO] [<IMPLICIT ABSTAIN PARSED>]: C
[2026-04-22 22:47:37,044] [INFO] [<IMPLICIT ABSTAIN RETURN>]: atomic_question: None, final_answer: C, conf_score: 1.0 ([1 : 0])
[2026-04-22 22:47:37,044] [INFO] [ABSTENTION PROMPT]: [{'role': 'system', 'content': 'You are a medical doctor trying to reason through a real-life clinical case. Based on your understanding of basic and clinical science, medical knowledge, and mechanisms underlying health, disease, patient care, and modes of therapy, respond according to the task specified by the user. Base your response on the current and standard practices referenced in medical guidelines.'}, {'role': 'user', 'content': "A patient comes into the clinic presenting with a symptom as described in the conversation log below:\n    \nPATIENT INFORMATION: A 35-year-old woman that is currently being treated for chronic hepatitis C comes to the physician because of progressive fatigue for 10 days.\nCONVERSATION LOG:\nNone\nQUESTION: Which of the following mechanisms most likely contributes to the efficacy of this patient's pharmacotherapy?\nOPTIONS: A: Activation of leukocytes, B: Inhibition of reverse transcriptase, C: Inhibition of RNA polymerase, D: Decreased GMP synthesis\nYOUR TASK: Given the information so far, if you are confident to pick an option correctly and factually, respond with the letter choice and NOTHING ELSE. Otherwise, if you are not confident to pick an option and need more information, ask ONE SPECIFIC ATOMIC QUESTION to the patient. The question should be bite-sized, NOT ask for too much at once, and NOT repeat what has already been asked. In this case, respond with the atomic question and NOTHING ELSE."}]
[2026-04-22 22:47:37,044] [INFO] [ABSTENTION RESPONSE]: C


[2026-04-22 22:47:37,044] [INFO] [IMPLICIT ABSTAIN RETURN]: abstain: False, confidence: 1.0, letter_choice: C, usage: {'input_tokens': 292, 'output_tokens': 3}, atomic_question: None

[2026-04-22 22:47:37,044] [INFO] [Expert System]: {'type': 'choice', 'question': None, 'letter_choice': 'C', 'confidence': 1.0, 'usage': {'input_tokens': 292, 'output_tokens': 3}}
[2026-04-22 22:47:37,044] [INFO] |||||||||||||||||||| Interaction ended for patient #102 | Predicted: C | GT: D | Correct: False ||||||||||||||||||||



[2026-04-22 22:47:37,044] [INFO] |||||||||||||||||||| PATIENT #103 | GT: A (Contraction of the pupillary dilator muscle with no effect on the ciliary muscle) ||||||||||||||||||||
[2026-04-22 22:47:37,044] [INFO] ==================== Turn 1 ====================
[2026-04-22 22:47:37,044] [INFO] ++++++++++++++++++++ Start of Implicit Abstention [expert_basics.py:expert_response_choice_or_question()] ++++++++++++++++++++
[2026-04-22 22:47:37,044] [INFO] [<IMPLICIT ABSTAIN PROMPT>] [len(messages)=2] (messages[-1]):
A patient comes into the clinic presenting with a symptom as described in the conversation log below:
    
PATIENT INFORMATION: A 7-year-old boy is brought to a pediatrician by his parents.
CONVERSATION LOG:
None
QUESTION: Which of the following effects are most likely to have occurred in this child’s eye from these eye drops?
OPTIONS: A: Contraction of the pupillary dilator muscle with no effect on the ciliary muscle, B: Relaxation of the pupillary dilator muscle with no effect on the ciliary muscle, C: Relaxation of the pupillary sphincter muscle with contraction of the ciliary muscle, D: Contraction of the pupillary dilator muscle with contraction of the ciliary muscle
YOUR TASK: Given the information so far, if you are confident to pick an option correctly and factually, respond with the letter choice and NOTHING ELSE. Otherwise, if you are not confident to pick an option and need more information, ask ONE SPECIFIC ATOMIC QUESTION to the patient. The question should be bite-sized, NOT ask for too much at once, and NOT repeat what has already been asked. In this case, respond with the atomic question and NOTHING ELSE.
[2026-04-22 22:47:37,044] [INFO] -------------------- Self-Consistency Iteration 1 --------------------
[2026-04-22 22:47:37,485] [INFO] [<IMPLICIT ABSTAIN LM RES>]: What is the name of the eye drops?

[2026-04-22 22:47:37,485] [INFO] [<IMPLICIT ABSTAIN PARSED>]: What is the name of the eye drops?
[2026-04-22 22:47:37,485] [INFO] [<IMPLICIT ABSTAIN RETURN>]: atomic_question: What is the name of the eye drops?, final_answer: None, conf_score: 0.0 ([0 : 1])
[2026-04-22 22:47:37,485] [INFO] [ABSTENTION PROMPT]: [{'role': 'system', 'content': 'You are a medical doctor trying to reason through a real-life clinical case. Based on your understanding of basic and clinical science, medical knowledge, and mechanisms underlying health, disease, patient care, and modes of therapy, respond according to the task specified by the user. Base your response on the current and standard practices referenced in medical guidelines.'}, {'role': 'user', 'content': 'A patient comes into the clinic presenting with a symptom as described in the conversation log below:\n    \nPATIENT INFORMATION: A 7-year-old boy is brought to a pediatrician by his parents.\nCONVERSATION LOG:\nNone\nQUESTION: Which of the following effects are most likely to have occurred in this child’s eye from these eye drops?\nOPTIONS: A: Contraction of the pupillary dilator muscle with no effect on the ciliary muscle, B: Relaxation of the pupillary dilator muscle with no effect on the ciliary muscle, C: Relaxation of the pupillary sphincter muscle with contraction of the ciliary muscle, D: Contraction of the pupillary dilator muscle with contraction of the ciliary muscle\nYOUR TASK: Given the information so far, if you are confident to pick an option correctly and factually, respond with the letter choice and NOTHING ELSE. Otherwise, if you are not confident to pick an option and need more information, ask ONE SPECIFIC ATOMIC QUESTION to the patient. The question should be bite-sized, NOT ask for too much at once, and NOT repeat what has already been asked. In this case, respond with the atomic question and NOTHING ELSE.'}]
[2026-04-22 22:47:37,485] [INFO] [ABSTENTION RESPONSE]: What is the name of the eye drops?


[2026-04-22 22:47:37,485] [INFO] ++++++++++++++++++++ Start of Multiple Chocie Decision [expert_basics.py:expert_response_choice()] ++++++++++++++++++++
[2026-04-22 22:47:37,485] [INFO] [<CHOICE PROMPT>] [len(messages)=2] (messages[-1]):
A patient comes into the clinic presenting with a symptom as described in the conversation log below:
    
PATIENT INFORMATION: A 7-year-old boy is brought to a pediatrician by his parents.
CONVERSATION LOG:
None
QUESTION: Which of the following effects are most likely to have occurred in this child’s eye from these eye drops?
OPTIONS: A: Contraction of the pupillary dilator muscle with no effect on the ciliary muscle, B: Relaxation of the pupillary dilator muscle with no effect on the ciliary muscle, C: Relaxation of the pupillary sphincter muscle with contraction of the ciliary muscle, D: Contraction of the pupillary dilator muscle with contraction of the ciliary muscle
YOUR TASK: Assume that you already have enough information from the above question-answer pairs to answer the patient inquiry, use the above information to produce a factual conclusion. Respond with the correct letter choice (A, B, C, or D) and NOTHING ELSE.
LETTER CHOICE: 
[2026-04-22 22:47:37,655] [INFO] [<CHOICE LM RES>]: C

[2026-04-22 22:47:37,655] [INFO] [<CHOICE PARSED>]: C
[2026-04-22 22:47:37,655] [INFO] [IMPLICIT ABSTAIN RETURN]: abstain: True, confidence: 0.0, letter_choice: C, usage: {'input_tokens': 615, 'output_tokens': 14}, atomic_question: What is the name of the eye drops?

[2026-04-22 22:47:37,655] [INFO] [Expert System]: {'type': 'question', 'question': 'What is the name of the eye drops?', 'letter_choice': 'C', 'confidence': 0.0, 'usage': {'input_tokens': 615, 'output_tokens': 14}}
[2026-04-22 22:47:38,295] [INFO] [Patient System]: The patient cannot answer this question, please do not ask this question again.

[2026-04-22 22:47:38,295] [INFO] ==================== Turn 2 ====================
[2026-04-22 22:47:38,295] [INFO] ++++++++++++++++++++ Start of Implicit Abstention [expert_basics.py:expert_response_choice_or_question()] ++++++++++++++++++++
[2026-04-22 22:47:38,295] [INFO] [<IMPLICIT ABSTAIN PROMPT>] [len(messages)=2] (messages[-1]):
A patient comes into the clinic presenting with a symptom as described in the conversation log below:
    
PATIENT INFORMATION: A 7-year-old boy is brought to a pediatrician by his parents.
CONVERSATION LOG:
Doctor Question: What is the name of the eye drops?
Patient Response: The patient cannot answer this question, please do not ask this question again.

QUESTION: Which of the following effects are most likely to have occurred in this child’s eye from these eye drops?
OPTIONS: A: Contraction of the pupillary dilator muscle with no effect on the ciliary muscle, B: Relaxation of the pupillary dilator muscle with no effect on the ciliary muscle, C: Relaxation of the pupillary sphincter muscle with contraction of the ciliary muscle, D: Contraction of the pupillary dilator muscle with contraction of the ciliary muscle
YOUR TASK: Given the information so far, if you are confident to pick an option correctly and factually, respond with the letter choice and NOTHING ELSE. Otherwise, if you are not confident to pick an option and need more information, ask ONE SPECIFIC ATOMIC QUESTION to the patient. The question should be bite-sized, NOT ask for too much at once, and NOT repeat what has already been asked. In this case, respond with the atomic question and NOTHING ELSE.
[2026-04-22 22:47:38,295] [INFO] -------------------- Self-Consistency Iteration 1 --------------------
[2026-04-22 22:47:38,470] [INFO] [<IMPLICIT ABSTAIN LM RES>]: C

[2026-04-22 22:47:38,470] [INFO] [<IMPLICIT ABSTAIN PARSED>]: C
[2026-04-22 22:47:38,470] [INFO] [<IMPLICIT ABSTAIN RETURN>]: atomic_question: None, final_answer: C, conf_score: 1.0 ([1 : 0])
[2026-04-22 22:47:38,471] [INFO] [ABSTENTION PROMPT]: [{'role': 'system', 'content': 'You are a medical doctor trying to reason through a real-life clinical case. Based on your understanding of basic and clinical science, medical knowledge, and mechanisms underlying health, disease, patient care, and modes of therapy, respond according to the task specified by the user. Base your response on the current and standard practices referenced in medical guidelines.'}, {'role': 'user', 'content': 'A patient comes into the clinic presenting with a symptom as described in the conversation log below:\n    \nPATIENT INFORMATION: A 7-year-old boy is brought to a pediatrician by his parents.\nCONVERSATION LOG:\nDoctor Question: What is the name of the eye drops?\nPatient Response: The patient cannot answer this question, please do not ask this question again.\n\nQUESTION: Which of the following effects are most likely to have occurred in this child’s eye from these eye drops?\nOPTIONS: A: Contraction of the pupillary dilator muscle with no effect on the ciliary muscle, B: Relaxation of the pupillary dilator muscle with no effect on the ciliary muscle, C: Relaxation of the pupillary sphincter muscle with contraction of the ciliary muscle, D: Contraction of the pupillary dilator muscle with contraction of the ciliary muscle\nYOUR TASK: Given the information so far, if you are confident to pick an option correctly and factually, respond with the letter choice and NOTHING ELSE. Otherwise, if you are not confident to pick an option and need more information, ask ONE SPECIFIC ATOMIC QUESTION to the patient. The question should be bite-sized, NOT ask for too much at once, and NOT repeat what has already been asked. In this case, respond with the atomic question and NOTHING ELSE.'}]
[2026-04-22 22:47:38,471] [INFO] [ABSTENTION RESPONSE]: C


[2026-04-22 22:47:38,471] [INFO] [IMPLICIT ABSTAIN RETURN]: abstain: False, confidence: 1.0, letter_choice: C, usage: {'input_tokens': 357, 'output_tokens': 3}, atomic_question: None

[2026-04-22 22:47:38,471] [INFO] [Expert System]: {'type': 'choice', 'question': None, 'letter_choice': 'C', 'confidence': 1.0, 'usage': {'input_tokens': 357, 'output_tokens': 3}}
[2026-04-22 22:47:38,471] [INFO] |||||||||||||||||||| Interaction ended for patient #103 | Predicted: C | GT: A | Correct: False ||||||||||||||||||||



[2026-04-22 22:47:38,471] [INFO] |||||||||||||||||||| PATIENT #104 | GT: A (Inhibit reuptake of serotonin) ||||||||||||||||||||
[2026-04-22 22:47:38,471] [INFO] ==================== Turn 1 ====================
[2026-04-22 22:47:38,471] [INFO] ++++++++++++++++++++ Start of Implicit Abstention [expert_basics.py:expert_response_choice_or_question()] ++++++++++++++++++++
[2026-04-22 22:47:38,471] [INFO] [<IMPLICIT ABSTAIN PROMPT>] [len(messages)=2] (messages[-1]):
A patient comes into the clinic presenting with a symptom as described in the conversation log below:
    
PATIENT INFORMATION: A 21-year-old female comes to the physician’s office because of insomnia.
CONVERSATION LOG:
None
QUESTION: The most effective medication for her disorder has what mechanism of action?
OPTIONS: A: Inhibit reuptake of serotonin, B: Inhibition of monoamine oxidase, C: Increase norepinephrine and dopamine, D: Block dopamine receptors
YOUR TASK: Given the information so far, if you are confident to pick an option correctly and factually, respond with the letter choice and NOTHING ELSE. Otherwise, if you are not confident to pick an option and need more information, ask ONE SPECIFIC ATOMIC QUESTION to the patient. The question should be bite-sized, NOT ask for too much at once, and NOT repeat what has already been asked. In this case, respond with the atomic question and NOTHING ELSE.
[2026-04-22 22:47:38,471] [INFO] -------------------- Self-Consistency Iteration 1 --------------------
[2026-04-22 22:47:38,640] [INFO] [<IMPLICIT ABSTAIN LM RES>]: A

[2026-04-22 22:47:38,640] [INFO] [<IMPLICIT ABSTAIN PARSED>]: A
[2026-04-22 22:47:38,640] [INFO] [<IMPLICIT ABSTAIN RETURN>]: atomic_question: None, final_answer: A, conf_score: 1.0 ([1 : 0])
[2026-04-22 22:47:38,640] [INFO] [ABSTENTION PROMPT]: [{'role': 'system', 'content': 'You are a medical doctor trying to reason through a real-life clinical case. Based on your understanding of basic and clinical science, medical knowledge, and mechanisms underlying health, disease, patient care, and modes of therapy, respond according to the task specified by the user. Base your response on the current and standard practices referenced in medical guidelines.'}, {'role': 'user', 'content': 'A patient comes into the clinic presenting with a symptom as described in the conversation log below:\n    \nPATIENT INFORMATION: A 21-year-old female comes to the physician’s office because of insomnia.\nCONVERSATION LOG:\nNone\nQUESTION: The most effective medication for her disorder has what mechanism of action?\nOPTIONS: A: Inhibit reuptake of serotonin, B: Inhibition of monoamine oxidase, C: Increase norepinephrine and dopamine, D: Block dopamine receptors\nYOUR TASK: Given the information so far, if you are confident to pick an option correctly and factually, respond with the letter choice and NOTHING ELSE. Otherwise, if you are not confident to pick an option and need more information, ask ONE SPECIFIC ATOMIC QUESTION to the patient. The question should be bite-sized, NOT ask for too much at once, and NOT repeat what has already been asked. In this case, respond with the atomic question and NOTHING ELSE.'}]
[2026-04-22 22:47:38,640] [INFO] [ABSTENTION RESPONSE]: A


[2026-04-22 22:47:38,640] [INFO] [IMPLICIT ABSTAIN RETURN]: abstain: False, confidence: 1.0, letter_choice: A, usage: {'input_tokens': 277, 'output_tokens': 3}, atomic_question: None

[2026-04-22 22:47:38,640] [INFO] [Expert System]: {'type': 'choice', 'question': None, 'letter_choice': 'A', 'confidence': 1.0, 'usage': {'input_tokens': 277, 'output_tokens': 3}}
[2026-04-22 22:47:38,640] [INFO] |||||||||||||||||||| Interaction ended for patient #104 | Predicted: A | GT: A | Correct: True ||||||||||||||||||||



[2026-04-22 22:47:38,641] [INFO] |||||||||||||||||||| PATIENT #105 | GT: A (Amoxicillin) ||||||||||||||||||||
[2026-04-22 22:47:38,641] [INFO] ==================== Turn 1 ====================
[2026-04-22 22:47:38,641] [INFO] ++++++++++++++++++++ Start of Implicit Abstention [expert_basics.py:expert_response_choice_or_question()] ++++++++++++++++++++
[2026-04-22 22:47:38,641] [INFO] [<IMPLICIT ABSTAIN PROMPT>] [len(messages)=2] (messages[-1]):
A patient comes into the clinic presenting with a symptom as described in the conversation log below:
    
PATIENT INFORMATION: A 7-year-old girl is brought to the physician because of a slightly itchy rash that first appeared 3 days ago.
CONVERSATION LOG:
None
QUESTION: Which of the following is the most appropriate pharmacotherapy?
OPTIONS: A: Amoxicillin, B: Ceftriaxone, C: Penicillin G, D: Azithromycin
YOUR TASK: Given the information so far, if you are confident to pick an option correctly and factually, respond with the letter choice and NOTHING ELSE. Otherwise, if you are not confident to pick an option and need more information, ask ONE SPECIFIC ATOMIC QUESTION to the patient. The question should be bite-sized, NOT ask for too much at once, and NOT repeat what has already been asked. In this case, respond with the atomic question and NOTHING ELSE.
[2026-04-22 22:47:38,641] [INFO] -------------------- Self-Consistency Iteration 1 --------------------
[2026-04-22 22:47:39,979] [INFO] [<IMPLICIT ABSTAIN LM RES>]: Given the limited information, it's difficult to determine the most appropriate pharmacotherapy. I need more information to narrow down the possibilities.

What is the location of the rash?

[2026-04-22 22:47:39,979] [INFO] [<IMPLICIT ABSTAIN PARSED>]: What is the location of the rash?
[2026-04-22 22:47:39,979] [INFO] [<IMPLICIT ABSTAIN RETURN>]: atomic_question: What is the location of the rash?, final_answer: None, conf_score: 0.0 ([0 : 1])
[2026-04-22 22:47:39,979] [INFO] [ABSTENTION PROMPT]: [{'role': 'system', 'content': 'You are a medical doctor trying to reason through a real-life clinical case. Based on your understanding of basic and clinical science, medical knowledge, and mechanisms underlying health, disease, patient care, and modes of therapy, respond according to the task specified by the user. Base your response on the current and standard practices referenced in medical guidelines.'}, {'role': 'user', 'content': 'A patient comes into the clinic presenting with a symptom as described in the conversation log below:\n    \nPATIENT INFORMATION: A 7-year-old girl is brought to the physician because of a slightly itchy rash that first appeared 3 days ago.\nCONVERSATION LOG:\nNone\nQUESTION: Which of the following is the most appropriate pharmacotherapy?\nOPTIONS: A: Amoxicillin, B: Ceftriaxone, C: Penicillin G, D: Azithromycin\nYOUR TASK: Given the information so far, if you are confident to pick an option correctly and factually, respond with the letter choice and NOTHING ELSE. Otherwise, if you are not confident to pick an option and need more information, ask ONE SPECIFIC ATOMIC QUESTION to the patient. The question should be bite-sized, NOT ask for too much at once, and NOT repeat what has already been asked. In this case, respond with the atomic question and NOTHING ELSE.'}]
[2026-04-22 22:47:39,979] [INFO] [ABSTENTION RESPONSE]: Given the limited information, it's difficult to determine the most appropriate pharmacotherapy. I need more information to narrow down the possibilities.

What is the location of the rash?


[2026-04-22 22:47:39,979] [INFO] ++++++++++++++++++++ Start of Multiple Chocie Decision [expert_basics.py:expert_response_choice()] ++++++++++++++++++++
[2026-04-22 22:47:39,979] [INFO] [<CHOICE PROMPT>] [len(messages)=2] (messages[-1]):
A patient comes into the clinic presenting with a symptom as described in the conversation log below:
    
PATIENT INFORMATION: A 7-year-old girl is brought to the physician because of a slightly itchy rash that first appeared 3 days ago.
CONVERSATION LOG:
None
QUESTION: Which of the following is the most appropriate pharmacotherapy?
OPTIONS: A: Amoxicillin, B: Ceftriaxone, C: Penicillin G, D: Azithromycin
YOUR TASK: Assume that you already have enough information from the above question-answer pairs to answer the patient inquiry, use the above information to produce a factual conclusion. Respond with the correct letter choice (A, B, C, or D) and NOTHING ELSE.
LETTER CHOICE: 
[2026-04-22 22:47:40,157] [INFO] [<CHOICE LM RES>]: C

[2026-04-22 22:47:40,157] [INFO] [<CHOICE PARSED>]: C
[2026-04-22 22:47:40,157] [INFO] [IMPLICIT ABSTAIN RETURN]: abstain: True, confidence: 0.0, letter_choice: C, usage: {'input_tokens': 515, 'output_tokens': 41}, atomic_question: What is the location of the rash?

[2026-04-22 22:47:40,157] [INFO] [Expert System]: {'type': 'question', 'question': 'What is the location of the rash?', 'letter_choice': 'C', 'confidence': 0.0, 'usage': {'input_tokens': 515, 'output_tokens': 41}}
[2026-04-22 22:47:41,838] [INFO] [Patient System]: 7. Physical examination shows a 3-cm, nontender rash on her left upper torso.
9. There are also multiple 5 to 8-mm erythematous papules over the lower legs and forearms.

[2026-04-22 22:47:41,838] [INFO] ==================== Turn 2 ====================
[2026-04-22 22:47:41,838] [INFO] ++++++++++++++++++++ Start of Implicit Abstention [expert_basics.py:expert_response_choice_or_question()] ++++++++++++++++++++
[2026-04-22 22:47:41,838] [INFO] [<IMPLICIT ABSTAIN PROMPT>] [len(messages)=2] (messages[-1]):
A patient comes into the clinic presenting with a symptom as described in the conversation log below:
    
PATIENT INFORMATION: A 7-year-old girl is brought to the physician because of a slightly itchy rash that first appeared 3 days ago.
CONVERSATION LOG:
Doctor Question: What is the location of the rash?
Patient Response: 7. Physical examination shows a 3-cm, nontender rash on her left upper torso.
9. There are also multiple 5 to 8-mm erythematous papules over the lower legs and forearms.

QUESTION: Which of the following is the most appropriate pharmacotherapy?
OPTIONS: A: Amoxicillin, B: Ceftriaxone, C: Penicillin G, D: Azithromycin
YOUR TASK: Given the information so far, if you are confident to pick an option correctly and factually, respond with the letter choice and NOTHING ELSE. Otherwise, if you are not confident to pick an option and need more information, ask ONE SPECIFIC ATOMIC QUESTION to the patient. The question should be bite-sized, NOT ask for too much at once, and NOT repeat what has already been asked. In this case, respond with the atomic question and NOTHING ELSE.
[2026-04-22 22:47:41,838] [INFO] -------------------- Self-Consistency Iteration 1 --------------------
[2026-04-22 22:47:42,010] [INFO] [<IMPLICIT ABSTAIN LM RES>]: C

[2026-04-22 22:47:42,011] [INFO] [<IMPLICIT ABSTAIN PARSED>]: C
[2026-04-22 22:47:42,011] [INFO] [<IMPLICIT ABSTAIN RETURN>]: atomic_question: None, final_answer: C, conf_score: 1.0 ([1 : 0])
[2026-04-22 22:47:42,011] [INFO] [ABSTENTION PROMPT]: [{'role': 'system', 'content': 'You are a medical doctor trying to reason through a real-life clinical case. Based on your understanding of basic and clinical science, medical knowledge, and mechanisms underlying health, disease, patient care, and modes of therapy, respond according to the task specified by the user. Base your response on the current and standard practices referenced in medical guidelines.'}, {'role': 'user', 'content': 'A patient comes into the clinic presenting with a symptom as described in the conversation log below:\n    \nPATIENT INFORMATION: A 7-year-old girl is brought to the physician because of a slightly itchy rash that first appeared 3 days ago.\nCONVERSATION LOG:\nDoctor Question: What is the location of the rash?\nPatient Response: 7. Physical examination shows a 3-cm, nontender rash on her left upper torso.\n9. There are also multiple 5 to 8-mm erythematous papules over the lower legs and forearms.\n\nQUESTION: Which of the following is the most appropriate pharmacotherapy?\nOPTIONS: A: Amoxicillin, B: Ceftriaxone, C: Penicillin G, D: Azithromycin\nYOUR TASK: Given the information so far, if you are confident to pick an option correctly and factually, respond with the letter choice and NOTHING ELSE. Otherwise, if you are not confident to pick an option and need more information, ask ONE SPECIFIC ATOMIC QUESTION to the patient. The question should be bite-sized, NOT ask for too much at once, and NOT repeat what has already been asked. In this case, respond with the atomic question and NOTHING ELSE.'}]
[2026-04-22 22:47:42,011] [INFO] [ABSTENTION RESPONSE]: C


[2026-04-22 22:47:42,011] [INFO] [IMPLICIT ABSTAIN RETURN]: abstain: False, confidence: 1.0, letter_choice: C, usage: {'input_tokens': 338, 'output_tokens': 3}, atomic_question: None

[2026-04-22 22:47:42,011] [INFO] [Expert System]: {'type': 'choice', 'question': None, 'letter_choice': 'C', 'confidence': 1.0, 'usage': {'input_tokens': 338, 'output_tokens': 3}}
[2026-04-22 22:47:42,011] [INFO] |||||||||||||||||||| Interaction ended for patient #105 | Predicted: C | GT: A | Correct: False ||||||||||||||||||||



[2026-04-22 22:47:42,011] [INFO] |||||||||||||||||||| PATIENT #106 | GT: A (Illness anxiety disorder) ||||||||||||||||||||
[2026-04-22 22:47:42,011] [INFO] ==================== Turn 1 ====================
[2026-04-22 22:47:42,011] [INFO] ++++++++++++++++++++ Start of Implicit Abstention [expert_basics.py:expert_response_choice_or_question()] ++++++++++++++++++++
[2026-04-22 22:47:42,011] [INFO] [<IMPLICIT ABSTAIN PROMPT>] [len(messages)=2] (messages[-1]):
A patient comes into the clinic presenting with a symptom as described in the conversation log below:
    
PATIENT INFORMATION: A 45-year-old man presents to the clinic for the third time in the past 3 weeks asking for an MRI of his lower back.
CONVERSATION LOG:
None
QUESTION: Which of the following is the most likely diagnosis in this patient?
OPTIONS: A: Illness anxiety disorder, B: Somatic symptom disorder, C: Factitious disorder, D: Munchausen syndrome
YOUR TASK: Given the information so far, if you are confident to pick an option correctly and factually, respond with the letter choice and NOTHING ELSE. Otherwise, if you are not confident to pick an option and need more information, ask ONE SPECIFIC ATOMIC QUESTION to the patient. The question should be bite-sized, NOT ask for too much at once, and NOT repeat what has already been asked. In this case, respond with the atomic question and NOTHING ELSE.
[2026-04-22 22:47:42,011] [INFO] -------------------- Self-Consistency Iteration 1 --------------------
[2026-04-22 22:47:42,181] [INFO] [<IMPLICIT ABSTAIN LM RES>]: A

[2026-04-22 22:47:42,181] [INFO] [<IMPLICIT ABSTAIN PARSED>]: A
[2026-04-22 22:47:42,181] [INFO] [<IMPLICIT ABSTAIN RETURN>]: atomic_question: None, final_answer: A, conf_score: 1.0 ([1 : 0])
[2026-04-22 22:47:42,181] [INFO] [ABSTENTION PROMPT]: [{'role': 'system', 'content': 'You are a medical doctor trying to reason through a real-life clinical case. Based on your understanding of basic and clinical science, medical knowledge, and mechanisms underlying health, disease, patient care, and modes of therapy, respond according to the task specified by the user. Base your response on the current and standard practices referenced in medical guidelines.'}, {'role': 'user', 'content': 'A patient comes into the clinic presenting with a symptom as described in the conversation log below:\n    \nPATIENT INFORMATION: A 45-year-old man presents to the clinic for the third time in the past 3 weeks asking for an MRI of his lower back.\nCONVERSATION LOG:\nNone\nQUESTION: Which of the following is the most likely diagnosis in this patient?\nOPTIONS: A: Illness anxiety disorder, B: Somatic symptom disorder, C: Factitious disorder, D: Munchausen syndrome\nYOUR TASK: Given the information so far, if you are confident to pick an option correctly and factually, respond with the letter choice and NOTHING ELSE. Otherwise, if you are not confident to pick an option and need more information, ask ONE SPECIFIC ATOMIC QUESTION to the patient. The question should be bite-sized, NOT ask for too much at once, and NOT repeat what has already been asked. In this case, respond with the atomic question and NOTHING ELSE.'}]
[2026-04-22 22:47:42,181] [INFO] [ABSTENTION RESPONSE]: A


[2026-04-22 22:47:42,181] [INFO] [IMPLICIT ABSTAIN RETURN]: abstain: False, confidence: 1.0, letter_choice: A, usage: {'input_tokens': 284, 'output_tokens': 3}, atomic_question: None

[2026-04-22 22:47:42,181] [INFO] [Expert System]: {'type': 'choice', 'question': None, 'letter_choice': 'A', 'confidence': 1.0, 'usage': {'input_tokens': 284, 'output_tokens': 3}}
[2026-04-22 22:47:42,181] [INFO] |||||||||||||||||||| Interaction ended for patient #106 | Predicted: A | GT: A | Correct: True ||||||||||||||||||||



[2026-04-22 22:47:42,182] [INFO] |||||||||||||||||||| PATIENT #107 | GT: B (Intranasal corticosteroids) ||||||||||||||||||||
[2026-04-22 22:47:42,182] [INFO] ==================== Turn 1 ====================
[2026-04-22 22:47:42,182] [INFO] ++++++++++++++++++++ Start of Implicit Abstention [expert_basics.py:expert_response_choice_or_question()] ++++++++++++++++++++
[2026-04-22 22:47:42,182] [INFO] [<IMPLICIT ABSTAIN PROMPT>] [len(messages)=2] (messages[-1]):
A patient comes into the clinic presenting with a symptom as described in the conversation log below:
    
PATIENT INFORMATION: A 25-year-old woman presents to the urgent care clinic for cough for the past five days.
CONVERSATION LOG:
None
QUESTION: What is the best initial step in management?
OPTIONS: A: Oral loratadine, B: Intranasal corticosteroids, C: Sublingual oseltamivir, D: Oral montelukast
YOUR TASK: Given the information so far, if you are confident to pick an option correctly and factually, respond with the letter choice and NOTHING ELSE. Otherwise, if you are not confident to pick an option and need more information, ask ONE SPECIFIC ATOMIC QUESTION to the patient. The question should be bite-sized, NOT ask for too much at once, and NOT repeat what has already been asked. In this case, respond with the atomic question and NOTHING ELSE.
[2026-04-22 22:47:42,182] [INFO] -------------------- Self-Consistency Iteration 1 --------------------
[2026-04-22 22:47:42,352] [INFO] [<IMPLICIT ABSTAIN LM RES>]: A

[2026-04-22 22:47:42,352] [INFO] [<IMPLICIT ABSTAIN PARSED>]: A
[2026-04-22 22:47:42,352] [INFO] [<IMPLICIT ABSTAIN RETURN>]: atomic_question: None, final_answer: A, conf_score: 1.0 ([1 : 0])
[2026-04-22 22:47:42,352] [INFO] [ABSTENTION PROMPT]: [{'role': 'system', 'content': 'You are a medical doctor trying to reason through a real-life clinical case. Based on your understanding of basic and clinical science, medical knowledge, and mechanisms underlying health, disease, patient care, and modes of therapy, respond according to the task specified by the user. Base your response on the current and standard practices referenced in medical guidelines.'}, {'role': 'user', 'content': 'A patient comes into the clinic presenting with a symptom as described in the conversation log below:\n    \nPATIENT INFORMATION: A 25-year-old woman presents to the urgent care clinic for cough for the past five days.\nCONVERSATION LOG:\nNone\nQUESTION: What is the best initial step in management?\nOPTIONS: A: Oral loratadine, B: Intranasal corticosteroids, C: Sublingual oseltamivir, D: Oral montelukast\nYOUR TASK: Given the information so far, if you are confident to pick an option correctly and factually, respond with the letter choice and NOTHING ELSE. Otherwise, if you are not confident to pick an option and need more information, ask ONE SPECIFIC ATOMIC QUESTION to the patient. The question should be bite-sized, NOT ask for too much at once, and NOT repeat what has already been asked. In this case, respond with the atomic question and NOTHING ELSE.'}]
[2026-04-22 22:47:42,352] [INFO] [ABSTENTION RESPONSE]: A


[2026-04-22 22:47:42,352] [INFO] [IMPLICIT ABSTAIN RETURN]: abstain: False, confidence: 1.0, letter_choice: A, usage: {'input_tokens': 275, 'output_tokens': 3}, atomic_question: None

[2026-04-22 22:47:42,353] [INFO] [Expert System]: {'type': 'choice', 'question': None, 'letter_choice': 'A', 'confidence': 1.0, 'usage': {'input_tokens': 275, 'output_tokens': 3}}
[2026-04-22 22:47:42,353] [INFO] |||||||||||||||||||| Interaction ended for patient #107 | Predicted: A | GT: B | Correct: False ||||||||||||||||||||



[2026-04-22 22:47:42,353] [INFO] |||||||||||||||||||| PATIENT #108 | GT: B (2) ||||||||||||||||||||
[2026-04-22 22:47:42,353] [INFO] ==================== Turn 1 ====================
[2026-04-22 22:47:42,353] [INFO] ++++++++++++++++++++ Start of Implicit Abstention [expert_basics.py:expert_response_choice_or_question()] ++++++++++++++++++++
[2026-04-22 22:47:42,353] [INFO] [<IMPLICIT ABSTAIN PROMPT>] [len(messages)=2] (messages[-1]):
A patient comes into the clinic presenting with a symptom as described in the conversation log below:
    
PATIENT INFORMATION: A 73-year-old woman with atrial fibrillation presents to your clinic to discuss the need for anticoagulation.
CONVERSATION LOG:
None
QUESTION: What is her CHADS2 score?
OPTIONS: A: 1, B: 2, C: 4, D: Too little information to tell
YOUR TASK: Given the information so far, if you are confident to pick an option correctly and factually, respond with the letter choice and NOTHING ELSE. Otherwise, if you are not confident to pick an option and need more information, ask ONE SPECIFIC ATOMIC QUESTION to the patient. The question should be bite-sized, NOT ask for too much at once, and NOT repeat what has already been asked. In this case, respond with the atomic question and NOTHING ELSE.
[2026-04-22 22:47:42,353] [INFO] -------------------- Self-Consistency Iteration 1 --------------------
[2026-04-22 22:47:42,524] [INFO] [<IMPLICIT ABSTAIN LM RES>]: B

[2026-04-22 22:47:42,524] [INFO] [<IMPLICIT ABSTAIN PARSED>]: B
[2026-04-22 22:47:42,524] [INFO] [<IMPLICIT ABSTAIN RETURN>]: atomic_question: None, final_answer: B, conf_score: 1.0 ([1 : 0])
[2026-04-22 22:47:42,524] [INFO] [ABSTENTION PROMPT]: [{'role': 'system', 'content': 'You are a medical doctor trying to reason through a real-life clinical case. Based on your understanding of basic and clinical science, medical knowledge, and mechanisms underlying health, disease, patient care, and modes of therapy, respond according to the task specified by the user. Base your response on the current and standard practices referenced in medical guidelines.'}, {'role': 'user', 'content': 'A patient comes into the clinic presenting with a symptom as described in the conversation log below:\n    \nPATIENT INFORMATION: A 73-year-old woman with atrial fibrillation presents to your clinic to discuss the need for anticoagulation.\nCONVERSATION LOG:\nNone\nQUESTION: What is her CHADS2 score?\nOPTIONS: A: 1, B: 2, C: 4, D: Too little information to tell\nYOUR TASK: Given the information so far, if you are confident to pick an option correctly and factually, respond with the letter choice and NOTHING ELSE. Otherwise, if you are not confident to pick an option and need more information, ask ONE SPECIFIC ATOMIC QUESTION to the patient. The question should be bite-sized, NOT ask for too much at once, and NOT repeat what has already been asked. In this case, respond with the atomic question and NOTHING ELSE.'}]
[2026-04-22 22:47:42,524] [INFO] [ABSTENTION RESPONSE]: B


[2026-04-22 22:47:42,524] [INFO] [IMPLICIT ABSTAIN RETURN]: abstain: False, confidence: 1.0, letter_choice: B, usage: {'input_tokens': 268, 'output_tokens': 3}, atomic_question: None

[2026-04-22 22:47:42,524] [INFO] [Expert System]: {'type': 'choice', 'question': None, 'letter_choice': 'B', 'confidence': 1.0, 'usage': {'input_tokens': 268, 'output_tokens': 3}}
[2026-04-22 22:47:42,524] [INFO] |||||||||||||||||||| Interaction ended for patient #108 | Predicted: B | GT: B | Correct: True ||||||||||||||||||||



[2026-04-22 22:47:42,524] [INFO] |||||||||||||||||||| PATIENT #109 | GT: B (Remyelination of peripheral nerves) ||||||||||||||||||||
[2026-04-22 22:47:42,524] [INFO] ==================== Turn 1 ====================
[2026-04-22 22:47:42,524] [INFO] ++++++++++++++++++++ Start of Implicit Abstention [expert_basics.py:expert_response_choice_or_question()] ++++++++++++++++++++
[2026-04-22 22:47:42,524] [INFO] [<IMPLICIT ABSTAIN PROMPT>] [len(messages)=2] (messages[-1]):
A patient comes into the clinic presenting with a symptom as described in the conversation log below:
    
PATIENT INFORMATION: A 26-year-old woman is admitted to the hospital because of a 3-day history of tingling and weakness in the lower extremities.
CONVERSATION LOG:
None
QUESTION: Which of the following is most likely responsible for the improvement in this patient's neurological status?
OPTIONS: A: Synthesis of monoamine neurotransmitters, B: Remyelination of peripheral nerves, C: Replication of oligodendrocyte precursor cells, D: Lymphocytic infiltration in the endoneurium
"
YOUR TASK: Given the information so far, if you are confident to pick an option correctly and factually, respond with the letter choice and NOTHING ELSE. Otherwise, if you are not confident to pick an option and need more information, ask ONE SPECIFIC ATOMIC QUESTION to the patient. The question should be bite-sized, NOT ask for too much at once, and NOT repeat what has already been asked. In this case, respond with the atomic question and NOTHING ELSE.
[2026-04-22 22:47:42,524] [INFO] -------------------- Self-Consistency Iteration 1 --------------------
[2026-04-22 22:47:42,696] [INFO] [<IMPLICIT ABSTAIN LM RES>]: B

[2026-04-22 22:47:42,696] [INFO] [<IMPLICIT ABSTAIN PARSED>]: B
[2026-04-22 22:47:42,696] [INFO] [<IMPLICIT ABSTAIN RETURN>]: atomic_question: None, final_answer: B, conf_score: 1.0 ([1 : 0])
[2026-04-22 22:47:42,696] [INFO] [ABSTENTION PROMPT]: [{'role': 'system', 'content': 'You are a medical doctor trying to reason through a real-life clinical case. Based on your understanding of basic and clinical science, medical knowledge, and mechanisms underlying health, disease, patient care, and modes of therapy, respond according to the task specified by the user. Base your response on the current and standard practices referenced in medical guidelines.'}, {'role': 'user', 'content': 'A patient comes into the clinic presenting with a symptom as described in the conversation log below:\n    \nPATIENT INFORMATION: A 26-year-old woman is admitted to the hospital because of a 3-day history of tingling and weakness in the lower extremities.\nCONVERSATION LOG:\nNone\nQUESTION: Which of the following is most likely responsible for the improvement in this patient\'s neurological status?\nOPTIONS: A: Synthesis of monoamine neurotransmitters, B: Remyelination of peripheral nerves, C: Replication of oligodendrocyte precursor cells, D: Lymphocytic infiltration in the endoneurium\n"\nYOUR TASK: Given the information so far, if you are confident to pick an option correctly and factually, respond with the letter choice and NOTHING ELSE. Otherwise, if you are not confident to pick an option and need more information, ask ONE SPECIFIC ATOMIC QUESTION to the patient. The question should be bite-sized, NOT ask for too much at once, and NOT repeat what has already been asked. In this case, respond with the atomic question and NOTHING ELSE.'}]
[2026-04-22 22:47:42,696] [INFO] [ABSTENTION RESPONSE]: B


[2026-04-22 22:47:42,696] [INFO] [IMPLICIT ABSTAIN RETURN]: abstain: False, confidence: 1.0, letter_choice: B, usage: {'input_tokens': 302, 'output_tokens': 3}, atomic_question: None

[2026-04-22 22:47:42,696] [INFO] [Expert System]: {'type': 'choice', 'question': None, 'letter_choice': 'B', 'confidence': 1.0, 'usage': {'input_tokens': 302, 'output_tokens': 3}}
[2026-04-22 22:47:42,696] [INFO] |||||||||||||||||||| Interaction ended for patient #109 | Predicted: B | GT: B | Correct: True ||||||||||||||||||||



[2026-04-22 22:47:42,696] [INFO] |||||||||||||||||||| PATIENT #110 | GT: C (Precursor to FAD and FMN) ||||||||||||||||||||
[2026-04-22 22:47:42,696] [INFO] ==================== Turn 1 ====================
[2026-04-22 22:47:42,696] [INFO] ++++++++++++++++++++ Start of Implicit Abstention [expert_basics.py:expert_response_choice_or_question()] ++++++++++++++++++++
[2026-04-22 22:47:42,696] [INFO] [<IMPLICIT ABSTAIN PROMPT>] [len(messages)=2] (messages[-1]):
A patient comes into the clinic presenting with a symptom as described in the conversation log below:
    
PATIENT INFORMATION: A 42-year-old woman presents to her primary care physician for fatigue and blurry vision.
CONVERSATION LOG:
None
QUESTION: This patient is most likely deficient in a vitamin that has which of the following functions?
OPTIONS: A: Cofactor for homocysteine methyltransferase, B: Cofactor for pyruvate dehydrogenase enzyme, C: Precursor to FAD and FMN, D: Constituent of NAD+ and NADP+
YOUR TASK: Given the information so far, if you are confident to pick an option correctly and factually, respond with the letter choice and NOTHING ELSE. Otherwise, if you are not confident to pick an option and need more information, ask ONE SPECIFIC ATOMIC QUESTION to the patient. The question should be bite-sized, NOT ask for too much at once, and NOT repeat what has already been asked. In this case, respond with the atomic question and NOTHING ELSE.
[2026-04-22 22:47:42,696] [INFO] -------------------- Self-Consistency Iteration 1 --------------------
[2026-04-22 22:47:42,868] [INFO] [<IMPLICIT ABSTAIN LM RES>]: D

[2026-04-22 22:47:42,868] [INFO] [<IMPLICIT ABSTAIN PARSED>]: D
[2026-04-22 22:47:42,868] [INFO] [<IMPLICIT ABSTAIN RETURN>]: atomic_question: None, final_answer: D, conf_score: 1.0 ([1 : 0])
[2026-04-22 22:47:42,868] [INFO] [ABSTENTION PROMPT]: [{'role': 'system', 'content': 'You are a medical doctor trying to reason through a real-life clinical case. Based on your understanding of basic and clinical science, medical knowledge, and mechanisms underlying health, disease, patient care, and modes of therapy, respond according to the task specified by the user. Base your response on the current and standard practices referenced in medical guidelines.'}, {'role': 'user', 'content': 'A patient comes into the clinic presenting with a symptom as described in the conversation log below:\n    \nPATIENT INFORMATION: A 42-year-old woman presents to her primary care physician for fatigue and blurry vision.\nCONVERSATION LOG:\nNone\nQUESTION: This patient is most likely deficient in a vitamin that has which of the following functions?\nOPTIONS: A: Cofactor for homocysteine methyltransferase, B: Cofactor for pyruvate dehydrogenase enzyme, C: Precursor to FAD and FMN, D: Constituent of NAD+ and NADP+\nYOUR TASK: Given the information so far, if you are confident to pick an option correctly and factually, respond with the letter choice and NOTHING ELSE. Otherwise, if you are not confident to pick an option and need more information, ask ONE SPECIFIC ATOMIC QUESTION to the patient. The question should be bite-sized, NOT ask for too much at once, and NOT repeat what has already been asked. In this case, respond with the atomic question and NOTHING ELSE.'}]
[2026-04-22 22:47:42,868] [INFO] [ABSTENTION RESPONSE]: D


[2026-04-22 22:47:42,868] [INFO] [IMPLICIT ABSTAIN RETURN]: abstain: False, confidence: 1.0, letter_choice: D, usage: {'input_tokens': 293, 'output_tokens': 3}, atomic_question: None

[2026-04-22 22:47:42,868] [INFO] [Expert System]: {'type': 'choice', 'question': None, 'letter_choice': 'D', 'confidence': 1.0, 'usage': {'input_tokens': 293, 'output_tokens': 3}}
[2026-04-22 22:47:42,868] [INFO] |||||||||||||||||||| Interaction ended for patient #110 | Predicted: D | GT: C | Correct: False ||||||||||||||||||||



[2026-04-22 22:47:42,868] [INFO] |||||||||||||||||||| PATIENT #111 | GT: C (Rasburicase converts uric acid to allantoin, increasing its secretion) ||||||||||||||||||||
[2026-04-22 22:47:42,868] [INFO] ==================== Turn 1 ====================
[2026-04-22 22:47:42,868] [INFO] ++++++++++++++++++++ Start of Implicit Abstention [expert_basics.py:expert_response_choice_or_question()] ++++++++++++++++++++
[2026-04-22 22:47:42,868] [INFO] [<IMPLICIT ABSTAIN PROMPT>] [len(messages)=2] (messages[-1]):
A patient comes into the clinic presenting with a symptom as described in the conversation log below:
    
PATIENT INFORMATION: A 70-year-old man was first evaluated for an enlarging neck mass with complaints of night sweats, fever, and weight loss.
CONVERSATION LOG:
None
QUESTION: Which of the following statements describing the patient’s current state is most accurate?
OPTIONS: A: Rasburicase is a xanthine oxidase inhibitor, B: This complication only occurs in response to radiation, C: Rasburicase converts uric acid to allantoin, increasing its secretion, D: Hypophosphatemia is expected to develop in this patient
YOUR TASK: Given the information so far, if you are confident to pick an option correctly and factually, respond with the letter choice and NOTHING ELSE. Otherwise, if you are not confident to pick an option and need more information, ask ONE SPECIFIC ATOMIC QUESTION to the patient. The question should be bite-sized, NOT ask for too much at once, and NOT repeat what has already been asked. In this case, respond with the atomic question and NOTHING ELSE.
[2026-04-22 22:47:42,868] [INFO] -------------------- Self-Consistency Iteration 1 --------------------
[2026-04-22 22:47:43,045] [INFO] [<IMPLICIT ABSTAIN LM RES>]: C

[2026-04-22 22:47:43,045] [INFO] [<IMPLICIT ABSTAIN PARSED>]: C
[2026-04-22 22:47:43,045] [INFO] [<IMPLICIT ABSTAIN RETURN>]: atomic_question: None, final_answer: C, conf_score: 1.0 ([1 : 0])
[2026-04-22 22:47:43,045] [INFO] [ABSTENTION PROMPT]: [{'role': 'system', 'content': 'You are a medical doctor trying to reason through a real-life clinical case. Based on your understanding of basic and clinical science, medical knowledge, and mechanisms underlying health, disease, patient care, and modes of therapy, respond according to the task specified by the user. Base your response on the current and standard practices referenced in medical guidelines.'}, {'role': 'user', 'content': 'A patient comes into the clinic presenting with a symptom as described in the conversation log below:\n    \nPATIENT INFORMATION: A 70-year-old man was first evaluated for an enlarging neck mass with complaints of night sweats, fever, and weight loss.\nCONVERSATION LOG:\nNone\nQUESTION: Which of the following statements describing the patient’s current state is most accurate?\nOPTIONS: A: Rasburicase is a xanthine oxidase inhibitor, B: This complication only occurs in response to radiation, C: Rasburicase converts uric acid to allantoin, increasing its secretion, D: Hypophosphatemia is expected to develop in this patient\nYOUR TASK: Given the information so far, if you are confident to pick an option correctly and factually, respond with the letter choice and NOTHING ELSE. Otherwise, if you are not confident to pick an option and need more information, ask ONE SPECIFIC ATOMIC QUESTION to the patient. The question should be bite-sized, NOT ask for too much at once, and NOT repeat what has already been asked. In this case, respond with the atomic question and NOTHING ELSE.'}]
[2026-04-22 22:47:43,045] [INFO] [ABSTENTION RESPONSE]: C


[2026-04-22 22:47:43,045] [INFO] [IMPLICIT ABSTAIN RETURN]: abstain: False, confidence: 1.0, letter_choice: C, usage: {'input_tokens': 313, 'output_tokens': 3}, atomic_question: None

[2026-04-22 22:47:43,045] [INFO] [Expert System]: {'type': 'choice', 'question': None, 'letter_choice': 'C', 'confidence': 1.0, 'usage': {'input_tokens': 313, 'output_tokens': 3}}
[2026-04-22 22:47:43,045] [INFO] |||||||||||||||||||| Interaction ended for patient #111 | Predicted: C | GT: C | Correct: True ||||||||||||||||||||



[2026-04-22 22:47:43,046] [INFO] |||||||||||||||||||| PATIENT #112 | GT: C (Marked noncompliance of the left ventricular wall) ||||||||||||||||||||
[2026-04-22 22:47:43,046] [INFO] ==================== Turn 1 ====================
[2026-04-22 22:47:43,046] [INFO] ++++++++++++++++++++ Start of Implicit Abstention [expert_basics.py:expert_response_choice_or_question()] ++++++++++++++++++++
[2026-04-22 22:47:43,046] [INFO] [<IMPLICIT ABSTAIN PROMPT>] [len(messages)=2] (messages[-1]):
A patient comes into the clinic presenting with a symptom as described in the conversation log below:
    
PATIENT INFORMATION: A previously healthy 41-year-old man is brought to the emergency department 30 minutes after collapsing at home.
CONVERSATION LOG:
None
QUESTION: The patient's condition is most likely associated with which of the following pathophysiologic changes?
OPTIONS: A: Retrograde blood flow from the aorta into the left ventricle, B: Fixed obstruction of the left ventricular outflow tract, C: Marked noncompliance of the left ventricular wall, D: Severe narrowing of the left anterior descending artery
YOUR TASK: Given the information so far, if you are confident to pick an option correctly and factually, respond with the letter choice and NOTHING ELSE. Otherwise, if you are not confident to pick an option and need more information, ask ONE SPECIFIC ATOMIC QUESTION to the patient. The question should be bite-sized, NOT ask for too much at once, and NOT repeat what has already been asked. In this case, respond with the atomic question and NOTHING ELSE.
[2026-04-22 22:47:43,046] [INFO] -------------------- Self-Consistency Iteration 1 --------------------
[2026-04-22 22:47:43,222] [INFO] [<IMPLICIT ABSTAIN LM RES>]: B

[2026-04-22 22:47:43,222] [INFO] [<IMPLICIT ABSTAIN PARSED>]: B
[2026-04-22 22:47:43,222] [INFO] [<IMPLICIT ABSTAIN RETURN>]: atomic_question: None, final_answer: B, conf_score: 1.0 ([1 : 0])
[2026-04-22 22:47:43,222] [INFO] [ABSTENTION PROMPT]: [{'role': 'system', 'content': 'You are a medical doctor trying to reason through a real-life clinical case. Based on your understanding of basic and clinical science, medical knowledge, and mechanisms underlying health, disease, patient care, and modes of therapy, respond according to the task specified by the user. Base your response on the current and standard practices referenced in medical guidelines.'}, {'role': 'user', 'content': "A patient comes into the clinic presenting with a symptom as described in the conversation log below:\n    \nPATIENT INFORMATION: A previously healthy 41-year-old man is brought to the emergency department 30 minutes after collapsing at home.\nCONVERSATION LOG:\nNone\nQUESTION: The patient's condition is most likely associated with which of the following pathophysiologic changes?\nOPTIONS: A: Retrograde blood flow from the aorta into the left ventricle, B: Fixed obstruction of the left ventricular outflow tract, C: Marked noncompliance of the left ventricular wall, D: Severe narrowing of the left anterior descending artery\nYOUR TASK: Given the information so far, if you are confident to pick an option correctly and factually, respond with the letter choice and NOTHING ELSE. Otherwise, if you are not confident to pick an option and need more information, ask ONE SPECIFIC ATOMIC QUESTION to the patient. The question should be bite-sized, NOT ask for too much at once, and NOT repeat what has already been asked. In this case, respond with the atomic question and NOTHING ELSE."}]
[2026-04-22 22:47:43,222] [INFO] [ABSTENTION RESPONSE]: B


[2026-04-22 22:47:43,222] [INFO] [IMPLICIT ABSTAIN RETURN]: abstain: False, confidence: 1.0, letter_choice: B, usage: {'input_tokens': 305, 'output_tokens': 3}, atomic_question: None

[2026-04-22 22:47:43,222] [INFO] [Expert System]: {'type': 'choice', 'question': None, 'letter_choice': 'B', 'confidence': 1.0, 'usage': {'input_tokens': 305, 'output_tokens': 3}}
[2026-04-22 22:47:43,222] [INFO] |||||||||||||||||||| Interaction ended for patient #112 | Predicted: B | GT: C | Correct: False ||||||||||||||||||||



[2026-04-22 22:47:43,222] [INFO] |||||||||||||||||||| PATIENT #113 | GT: B (Immunoglobulin light chains) ||||||||||||||||||||
[2026-04-22 22:47:43,222] [INFO] ==================== Turn 1 ====================
[2026-04-22 22:47:43,222] [INFO] ++++++++++++++++++++ Start of Implicit Abstention [expert_basics.py:expert_response_choice_or_question()] ++++++++++++++++++++
[2026-04-22 22:47:43,222] [INFO] [<IMPLICIT ABSTAIN PROMPT>] [len(messages)=2] (messages[-1]):
A patient comes into the clinic presenting with a symptom as described in the conversation log below:
    
PATIENT INFORMATION: A 68-year-old woman comes to the physician with increasing fatigue and shortness of breath for 2 weeks.
CONVERSATION LOG:
None
QUESTION: Which of the following is the most likely underlying cause of this patient's symptoms?"
OPTIONS: A: Renal deposition of AL amyloid, B: Immunoglobulin light chains, C: Decreased cardiac ejection fraction, D: Anti-streptococcal antibodies
YOUR TASK: Given the information so far, if you are confident to pick an option correctly and factually, respond with the letter choice and NOTHING ELSE. Otherwise, if you are not confident to pick an option and need more information, ask ONE SPECIFIC ATOMIC QUESTION to the patient. The question should be bite-sized, NOT ask for too much at once, and NOT repeat what has already been asked. In this case, respond with the atomic question and NOTHING ELSE.
[2026-04-22 22:47:43,222] [INFO] -------------------- Self-Consistency Iteration 1 --------------------
[2026-04-22 22:47:43,394] [INFO] [<IMPLICIT ABSTAIN LM RES>]: C

[2026-04-22 22:47:43,394] [INFO] [<IMPLICIT ABSTAIN PARSED>]: C
[2026-04-22 22:47:43,394] [INFO] [<IMPLICIT ABSTAIN RETURN>]: atomic_question: None, final_answer: C, conf_score: 1.0 ([1 : 0])
[2026-04-22 22:47:43,394] [INFO] [ABSTENTION PROMPT]: [{'role': 'system', 'content': 'You are a medical doctor trying to reason through a real-life clinical case. Based on your understanding of basic and clinical science, medical knowledge, and mechanisms underlying health, disease, patient care, and modes of therapy, respond according to the task specified by the user. Base your response on the current and standard practices referenced in medical guidelines.'}, {'role': 'user', 'content': 'A patient comes into the clinic presenting with a symptom as described in the conversation log below:\n    \nPATIENT INFORMATION: A 68-year-old woman comes to the physician with increasing fatigue and shortness of breath for 2 weeks.\nCONVERSATION LOG:\nNone\nQUESTION: Which of the following is the most likely underlying cause of this patient\'s symptoms?"\nOPTIONS: A: Renal deposition of AL amyloid, B: Immunoglobulin light chains, C: Decreased cardiac ejection fraction, D: Anti-streptococcal antibodies\nYOUR TASK: Given the information so far, if you are confident to pick an option correctly and factually, respond with the letter choice and NOTHING ELSE. Otherwise, if you are not confident to pick an option and need more information, ask ONE SPECIFIC ATOMIC QUESTION to the patient. The question should be bite-sized, NOT ask for too much at once, and NOT repeat what has already been asked. In this case, respond with the atomic question and NOTHING ELSE.'}]
[2026-04-22 22:47:43,394] [INFO] [ABSTENTION RESPONSE]: C


[2026-04-22 22:47:43,394] [INFO] [IMPLICIT ABSTAIN RETURN]: abstain: False, confidence: 1.0, letter_choice: C, usage: {'input_tokens': 287, 'output_tokens': 3}, atomic_question: None

[2026-04-22 22:47:43,394] [INFO] [Expert System]: {'type': 'choice', 'question': None, 'letter_choice': 'C', 'confidence': 1.0, 'usage': {'input_tokens': 287, 'output_tokens': 3}}
[2026-04-22 22:47:43,394] [INFO] |||||||||||||||||||| Interaction ended for patient #113 | Predicted: C | GT: B | Correct: False ||||||||||||||||||||



[2026-04-22 22:47:43,394] [INFO] |||||||||||||||||||| PATIENT #114 | GT: A (The mother) ||||||||||||||||||||
[2026-04-22 22:47:43,394] [INFO] ==================== Turn 1 ====================
[2026-04-22 22:47:43,394] [INFO] ++++++++++++++++++++ Start of Implicit Abstention [expert_basics.py:expert_response_choice_or_question()] ++++++++++++++++++++
[2026-04-22 22:47:43,394] [INFO] [<IMPLICIT ABSTAIN PROMPT>] [len(messages)=2] (messages[-1]):
A patient comes into the clinic presenting with a symptom as described in the conversation log below:
    
PATIENT INFORMATION: A 13-month-old male needs to have surgery for an undescended testicle.
CONVERSATION LOG:
None
QUESTION: From whom should the surgeon get consent for the procedure?
OPTIONS: A: The mother, B: The father, C: A grandparent, D: The hospital's medical ethics committee
YOUR TASK: Given the information so far, if you are confident to pick an option correctly and factually, respond with the letter choice and NOTHING ELSE. Otherwise, if you are not confident to pick an option and need more information, ask ONE SPECIFIC ATOMIC QUESTION to the patient. The question should be bite-sized, NOT ask for too much at once, and NOT repeat what has already been asked. In this case, respond with the atomic question and NOTHING ELSE.
[2026-04-22 22:47:43,394] [INFO] -------------------- Self-Consistency Iteration 1 --------------------
[2026-04-22 22:47:43,568] [INFO] [<IMPLICIT ABSTAIN LM RES>]: A

[2026-04-22 22:47:43,568] [INFO] [<IMPLICIT ABSTAIN PARSED>]: A
[2026-04-22 22:47:43,568] [INFO] [<IMPLICIT ABSTAIN RETURN>]: atomic_question: None, final_answer: A, conf_score: 1.0 ([1 : 0])
[2026-04-22 22:47:43,568] [INFO] [ABSTENTION PROMPT]: [{'role': 'system', 'content': 'You are a medical doctor trying to reason through a real-life clinical case. Based on your understanding of basic and clinical science, medical knowledge, and mechanisms underlying health, disease, patient care, and modes of therapy, respond according to the task specified by the user. Base your response on the current and standard practices referenced in medical guidelines.'}, {'role': 'user', 'content': "A patient comes into the clinic presenting with a symptom as described in the conversation log below:\n    \nPATIENT INFORMATION: A 13-month-old male needs to have surgery for an undescended testicle.\nCONVERSATION LOG:\nNone\nQUESTION: From whom should the surgeon get consent for the procedure?\nOPTIONS: A: The mother, B: The father, C: A grandparent, D: The hospital's medical ethics committee\nYOUR TASK: Given the information so far, if you are confident to pick an option correctly and factually, respond with the letter choice and NOTHING ELSE. Otherwise, if you are not confident to pick an option and need more information, ask ONE SPECIFIC ATOMIC QUESTION to the patient. The question should be bite-sized, NOT ask for too much at once, and NOT repeat what has already been asked. In this case, respond with the atomic question and NOTHING ELSE."}]
[2026-04-22 22:47:43,568] [INFO] [ABSTENTION RESPONSE]: A


[2026-04-22 22:47:43,568] [INFO] [IMPLICIT ABSTAIN RETURN]: abstain: False, confidence: 1.0, letter_choice: A, usage: {'input_tokens': 270, 'output_tokens': 3}, atomic_question: None

[2026-04-22 22:47:43,568] [INFO] [Expert System]: {'type': 'choice', 'question': None, 'letter_choice': 'A', 'confidence': 1.0, 'usage': {'input_tokens': 270, 'output_tokens': 3}}
[2026-04-22 22:47:43,568] [INFO] |||||||||||||||||||| Interaction ended for patient #114 | Predicted: A | GT: A | Correct: True ||||||||||||||||||||



[2026-04-22 22:47:43,568] [INFO] |||||||||||||||||||| PATIENT #115 | GT: C (Quarantine and observe the animal) ||||||||||||||||||||
[2026-04-22 22:47:43,568] [INFO] ==================== Turn 1 ====================
[2026-04-22 22:47:43,568] [INFO] ++++++++++++++++++++ Start of Implicit Abstention [expert_basics.py:expert_response_choice_or_question()] ++++++++++++++++++++
[2026-04-22 22:47:43,568] [INFO] [<IMPLICIT ABSTAIN PROMPT>] [len(messages)=2] (messages[-1]):
A patient comes into the clinic presenting with a symptom as described in the conversation log below:
    
PATIENT INFORMATION: A 7-year-old boy is brought to the emergency department after he was bitten by a dog.
CONVERSATION LOG:
None
QUESTION: Which of the following is the best next step in management?
OPTIONS: A: Closure of the wound via sutures, B: Euthanasia of the animal, C: Quarantine and observe the animal, D: Rabies vaccine and rabies immunoglobulin
YOUR TASK: Given the information so far, if you are confident to pick an option correctly and factually, respond with the letter choice and NOTHING ELSE. Otherwise, if you are not confident to pick an option and need more information, ask ONE SPECIFIC ATOMIC QUESTION to the patient. The question should be bite-sized, NOT ask for too much at once, and NOT repeat what has already been asked. In this case, respond with the atomic question and NOTHING ELSE.
[2026-04-22 22:47:43,568] [INFO] -------------------- Self-Consistency Iteration 1 --------------------
[2026-04-22 22:47:43,741] [INFO] [<IMPLICIT ABSTAIN LM RES>]: D

[2026-04-22 22:47:43,741] [INFO] [<IMPLICIT ABSTAIN PARSED>]: D
[2026-04-22 22:47:43,741] [INFO] [<IMPLICIT ABSTAIN RETURN>]: atomic_question: None, final_answer: D, conf_score: 1.0 ([1 : 0])
[2026-04-22 22:47:43,742] [INFO] [ABSTENTION PROMPT]: [{'role': 'system', 'content': 'You are a medical doctor trying to reason through a real-life clinical case. Based on your understanding of basic and clinical science, medical knowledge, and mechanisms underlying health, disease, patient care, and modes of therapy, respond according to the task specified by the user. Base your response on the current and standard practices referenced in medical guidelines.'}, {'role': 'user', 'content': 'A patient comes into the clinic presenting with a symptom as described in the conversation log below:\n    \nPATIENT INFORMATION: A 7-year-old boy is brought to the emergency department after he was bitten by a dog.\nCONVERSATION LOG:\nNone\nQUESTION: Which of the following is the best next step in management?\nOPTIONS: A: Closure of the wound via sutures, B: Euthanasia of the animal, C: Quarantine and observe the animal, D: Rabies vaccine and rabies immunoglobulin\nYOUR TASK: Given the information so far, if you are confident to pick an option correctly and factually, respond with the letter choice and NOTHING ELSE. Otherwise, if you are not confident to pick an option and need more information, ask ONE SPECIFIC ATOMIC QUESTION to the patient. The question should be bite-sized, NOT ask for too much at once, and NOT repeat what has already been asked. In this case, respond with the atomic question and NOTHING ELSE.'}]
[2026-04-22 22:47:43,742] [INFO] [ABSTENTION RESPONSE]: D


[2026-04-22 22:47:43,742] [INFO] [IMPLICIT ABSTAIN RETURN]: abstain: False, confidence: 1.0, letter_choice: D, usage: {'input_tokens': 283, 'output_tokens': 3}, atomic_question: None

[2026-04-22 22:47:43,742] [INFO] [Expert System]: {'type': 'choice', 'question': None, 'letter_choice': 'D', 'confidence': 1.0, 'usage': {'input_tokens': 283, 'output_tokens': 3}}
[2026-04-22 22:47:43,742] [INFO] |||||||||||||||||||| Interaction ended for patient #115 | Predicted: D | GT: C | Correct: False ||||||||||||||||||||



[2026-04-22 22:47:43,742] [INFO] |||||||||||||||||||| PATIENT #116 | GT: D (Platelets: Decreased | Bleeding time: Increased | PT: Normal| PTT: Normal| Blood smear: Schistocytes absent) ||||||||||||||||||||
[2026-04-22 22:47:43,742] [INFO] ==================== Turn 1 ====================
[2026-04-22 22:47:43,742] [INFO] ++++++++++++++++++++ Start of Implicit Abstention [expert_basics.py:expert_response_choice_or_question()] ++++++++++++++++++++
[2026-04-22 22:47:43,742] [INFO] [<IMPLICIT ABSTAIN PROMPT>] [len(messages)=2] (messages[-1]):
A patient comes into the clinic presenting with a symptom as described in the conversation log below:
    
PATIENT INFORMATION: A 35-year-old woman, otherwise healthy, presents with frequent nosebleeds and bruising on her legs.
CONVERSATION LOG:
None
QUESTION: Which of the following set of laboratory results and peripheral blood smear findings would most likely be seen in this patient?
OPTIONS: A: Platelets: Decreased | Bleeding time: Increased | PT: Normal | PTT: Normal | Blood smear: Schistocytes present, B: Platelets: Decreased | Bleeding time: Increased | PT: Increased| PTT: Increased | Blood smear: Schistocytes present, C: Platelets: Increased | Bleeding time: Decreased| PT: Normal| PTT: Normal | Blood smear: Schistocytes absent, D: Platelets: Decreased | Bleeding time: Increased | PT: Normal| PTT: Normal| Blood smear: Schistocytes absent
YOUR TASK: Given the information so far, if you are confident to pick an option correctly and factually, respond with the letter choice and NOTHING ELSE. Otherwise, if you are not confident to pick an option and need more information, ask ONE SPECIFIC ATOMIC QUESTION to the patient. The question should be bite-sized, NOT ask for too much at once, and NOT repeat what has already been asked. In this case, respond with the atomic question and NOTHING ELSE.
[2026-04-22 22:47:43,742] [INFO] -------------------- Self-Consistency Iteration 1 --------------------
[2026-04-22 22:47:43,920] [INFO] [<IMPLICIT ABSTAIN LM RES>]: D

[2026-04-22 22:47:43,920] [INFO] [<IMPLICIT ABSTAIN PARSED>]: D
[2026-04-22 22:47:43,920] [INFO] [<IMPLICIT ABSTAIN RETURN>]: atomic_question: None, final_answer: D, conf_score: 1.0 ([1 : 0])
[2026-04-22 22:47:43,920] [INFO] [ABSTENTION PROMPT]: [{'role': 'system', 'content': 'You are a medical doctor trying to reason through a real-life clinical case. Based on your understanding of basic and clinical science, medical knowledge, and mechanisms underlying health, disease, patient care, and modes of therapy, respond according to the task specified by the user. Base your response on the current and standard practices referenced in medical guidelines.'}, {'role': 'user', 'content': 'A patient comes into the clinic presenting with a symptom as described in the conversation log below:\n    \nPATIENT INFORMATION: A 35-year-old woman, otherwise healthy, presents with frequent nosebleeds and bruising on her legs.\nCONVERSATION LOG:\nNone\nQUESTION: Which of the following set of laboratory results and peripheral blood smear findings would most likely be seen in this patient?\nOPTIONS: A: Platelets: Decreased | Bleeding time: Increased | PT: Normal | PTT: Normal | Blood smear: Schistocytes present, B: Platelets: Decreased | Bleeding time: Increased | PT: Increased| PTT: Increased | Blood smear: Schistocytes present, C: Platelets: Increased | Bleeding time: Decreased| PT: Normal| PTT: Normal | Blood smear: Schistocytes absent, D: Platelets: Decreased | Bleeding time: Increased | PT: Normal| PTT: Normal| Blood smear: Schistocytes absent\nYOUR TASK: Given the information so far, if you are confident to pick an option correctly and factually, respond with the letter choice and NOTHING ELSE. Otherwise, if you are not confident to pick an option and need more information, ask ONE SPECIFIC ATOMIC QUESTION to the patient. The question should be bite-sized, NOT ask for too much at once, and NOT repeat what has already been asked. In this case, respond with the atomic question and NOTHING ELSE.'}]
[2026-04-22 22:47:43,920] [INFO] [ABSTENTION RESPONSE]: D


[2026-04-22 22:47:43,920] [INFO] [IMPLICIT ABSTAIN RETURN]: abstain: False, confidence: 1.0, letter_choice: D, usage: {'input_tokens': 383, 'output_tokens': 3}, atomic_question: None

[2026-04-22 22:47:43,920] [INFO] [Expert System]: {'type': 'choice', 'question': None, 'letter_choice': 'D', 'confidence': 1.0, 'usage': {'input_tokens': 383, 'output_tokens': 3}}
[2026-04-22 22:47:43,920] [INFO] |||||||||||||||||||| Interaction ended for patient #116 | Predicted: D | GT: D | Correct: True ||||||||||||||||||||



[2026-04-22 22:47:43,920] [INFO] |||||||||||||||||||| PATIENT #117 | GT: C (Switching amitriptyline to fluoxetine) ||||||||||||||||||||
[2026-04-22 22:47:43,920] [INFO] ==================== Turn 1 ====================
[2026-04-22 22:47:43,920] [INFO] ++++++++++++++++++++ Start of Implicit Abstention [expert_basics.py:expert_response_choice_or_question()] ++++++++++++++++++++
[2026-04-22 22:47:43,920] [INFO] [<IMPLICIT ABSTAIN PROMPT>] [len(messages)=2] (messages[-1]):
A patient comes into the clinic presenting with a symptom as described in the conversation log below:
    
PATIENT INFORMATION: A 65-year-old woman comes to the physician because of urinary straining and delayed flow of urine for 1 month.
CONVERSATION LOG:
None
QUESTION: Which of the following is the most appropriate modification in this patient’s drug therapy?
OPTIONS: A: Adding ipratropium bromide inhaler, B: Reducing the dose of albuterol, C: Switching amitriptyline to fluoxetine, D: No change is required at this time
YOUR TASK: Given the information so far, if you are confident to pick an option correctly and factually, respond with the letter choice and NOTHING ELSE. Otherwise, if you are not confident to pick an option and need more information, ask ONE SPECIFIC ATOMIC QUESTION to the patient. The question should be bite-sized, NOT ask for too much at once, and NOT repeat what has already been asked. In this case, respond with the atomic question and NOTHING ELSE.
[2026-04-22 22:47:43,920] [INFO] -------------------- Self-Consistency Iteration 1 --------------------
[2026-04-22 22:47:44,097] [INFO] [<IMPLICIT ABSTAIN LM RES>]: C

[2026-04-22 22:47:44,097] [INFO] [<IMPLICIT ABSTAIN PARSED>]: C
[2026-04-22 22:47:44,097] [INFO] [<IMPLICIT ABSTAIN RETURN>]: atomic_question: None, final_answer: C, conf_score: 1.0 ([1 : 0])
[2026-04-22 22:47:44,097] [INFO] [ABSTENTION PROMPT]: [{'role': 'system', 'content': 'You are a medical doctor trying to reason through a real-life clinical case. Based on your understanding of basic and clinical science, medical knowledge, and mechanisms underlying health, disease, patient care, and modes of therapy, respond according to the task specified by the user. Base your response on the current and standard practices referenced in medical guidelines.'}, {'role': 'user', 'content': 'A patient comes into the clinic presenting with a symptom as described in the conversation log below:\n    \nPATIENT INFORMATION: A 65-year-old woman comes to the physician because of urinary straining and delayed flow of urine for 1 month.\nCONVERSATION LOG:\nNone\nQUESTION: Which of the following is the most appropriate modification in this patient’s drug therapy?\nOPTIONS: A: Adding ipratropium bromide inhaler, B: Reducing the dose of albuterol, C: Switching amitriptyline to fluoxetine, D: No change is required at this time\nYOUR TASK: Given the information so far, if you are confident to pick an option correctly and factually, respond with the letter choice and NOTHING ELSE. Otherwise, if you are not confident to pick an option and need more information, ask ONE SPECIFIC ATOMIC QUESTION to the patient. The question should be bite-sized, NOT ask for too much at once, and NOT repeat what has already been asked. In this case, respond with the atomic question and NOTHING ELSE.'}]
[2026-04-22 22:47:44,097] [INFO] [ABSTENTION RESPONSE]: C


[2026-04-22 22:47:44,097] [INFO] [IMPLICIT ABSTAIN RETURN]: abstain: False, confidence: 1.0, letter_choice: C, usage: {'input_tokens': 298, 'output_tokens': 3}, atomic_question: None

[2026-04-22 22:47:44,097] [INFO] [Expert System]: {'type': 'choice', 'question': None, 'letter_choice': 'C', 'confidence': 1.0, 'usage': {'input_tokens': 298, 'output_tokens': 3}}
[2026-04-22 22:47:44,097] [INFO] |||||||||||||||||||| Interaction ended for patient #117 | Predicted: C | GT: C | Correct: True ||||||||||||||||||||



[2026-04-22 22:47:44,097] [INFO] |||||||||||||||||||| PATIENT #118 | GT: C (Moderate persistent) ||||||||||||||||||||
[2026-04-22 22:47:44,097] [INFO] ==================== Turn 1 ====================
[2026-04-22 22:47:44,097] [INFO] ++++++++++++++++++++ Start of Implicit Abstention [expert_basics.py:expert_response_choice_or_question()] ++++++++++++++++++++
[2026-04-22 22:47:44,097] [INFO] [<IMPLICIT ABSTAIN PROMPT>] [len(messages)=2] (messages[-1]):
A patient comes into the clinic presenting with a symptom as described in the conversation log below:
    
PATIENT INFORMATION: An 8-year-old girl is brought by her mother to her pediatrician’s office for a follow-up visit.
CONVERSATION LOG:
None
QUESTION: Based on the description of these patients symptoms and current treatment regime, which of the following categories describes the severity of this child’s symptoms?
OPTIONS: A: Mild intermittent, B: Mild persistent, C: Moderate persistent, D: Severe persistent
YOUR TASK: Given the information so far, if you are confident to pick an option correctly and factually, respond with the letter choice and NOTHING ELSE. Otherwise, if you are not confident to pick an option and need more information, ask ONE SPECIFIC ATOMIC QUESTION to the patient. The question should be bite-sized, NOT ask for too much at once, and NOT repeat what has already been asked. In this case, respond with the atomic question and NOTHING ELSE.
[2026-04-22 22:47:44,097] [INFO] -------------------- Self-Consistency Iteration 1 --------------------
[2026-04-22 22:47:44,941] [INFO] [<IMPLICIT ABSTAIN LM RES>]: I am unable to answer the question without more information. I need to know the patient's symptoms.

[2026-04-22 22:47:44,941] [ERROR] can't parse choice: I am unable to answer the question without more information. I need to know the patient's symptoms.

[2026-04-22 22:47:44,941] [INFO] [<IMPLICIT ABSTAIN SC-PARSED>]: No response.
[2026-04-22 22:47:44,941] [INFO] [ABSTENTION PROMPT]: [{'role': 'system', 'content': 'You are a medical doctor trying to reason through a real-life clinical case. Based on your understanding of basic and clinical science, medical knowledge, and mechanisms underlying health, disease, patient care, and modes of therapy, respond according to the task specified by the user. Base your response on the current and standard practices referenced in medical guidelines.'}, {'role': 'user', 'content': 'A patient comes into the clinic presenting with a symptom as described in the conversation log below:\n    \nPATIENT INFORMATION: An 8-year-old girl is brought by her mother to her pediatrician’s office for a follow-up visit.\nCONVERSATION LOG:\nNone\nQUESTION: Based on the description of these patients symptoms and current treatment regime, which of the following categories describes the severity of this child’s symptoms?\nOPTIONS: A: Mild intermittent, B: Mild persistent, C: Moderate persistent, D: Severe persistent\nYOUR TASK: Given the information so far, if you are confident to pick an option correctly and factually, respond with the letter choice and NOTHING ELSE. Otherwise, if you are not confident to pick an option and need more information, ask ONE SPECIFIC ATOMIC QUESTION to the patient. The question should be bite-sized, NOT ask for too much at once, and NOT repeat what has already been asked. In this case, respond with the atomic question and NOTHING ELSE.'}]
[2026-04-22 22:47:44,941] [INFO] [ABSTENTION RESPONSE]: No response.

[2026-04-22 22:47:44,941] [INFO] ++++++++++++++++++++ Start of Multiple Chocie Decision [expert_basics.py:expert_response_choice()] ++++++++++++++++++++
[2026-04-22 22:47:44,941] [INFO] [<CHOICE PROMPT>] [len(messages)=2] (messages[-1]):
A patient comes into the clinic presenting with a symptom as described in the conversation log below:
    
PATIENT INFORMATION: An 8-year-old girl is brought by her mother to her pediatrician’s office for a follow-up visit.
CONVERSATION LOG:
None
QUESTION: Based on the description of these patients symptoms and current treatment regime, which of the following categories describes the severity of this child’s symptoms?
OPTIONS: A: Mild intermittent, B: Mild persistent, C: Moderate persistent, D: Severe persistent
YOUR TASK: Assume that you already have enough information from the above question-answer pairs to answer the patient inquiry, use the above information to produce a factual conclusion. Respond with the correct letter choice (A, B, C, or D) and NOTHING ELSE.
LETTER CHOICE: 
[2026-04-22 22:47:45,120] [INFO] [<CHOICE LM RES>]: A

[2026-04-22 22:47:45,120] [INFO] [<CHOICE PARSED>]: A
[2026-04-22 22:47:45,120] [INFO] [IMPLICIT ABSTAIN RETURN]: abstain: True, confidence: 0.0, letter_choice: A, usage: {'input_tokens': 535, 'output_tokens': 26}, atomic_question: None

[2026-04-22 22:47:45,120] [INFO] [Expert System]: {'type': 'question', 'question': None, 'letter_choice': 'A', 'confidence': 0.0, 'usage': {'input_tokens': 535, 'output_tokens': 26}}
[2026-04-22 22:47:45,772] [INFO] [Patient System]: The patient cannot answer this question, please do not ask this question again.

[2026-04-22 22:47:45,772] [INFO] ==================== Turn 2 ====================
[2026-04-22 22:47:45,772] [INFO] ++++++++++++++++++++ Start of Implicit Abstention [expert_basics.py:expert_response_choice_or_question()] ++++++++++++++++++++
[2026-04-22 22:47:45,772] [INFO] [<IMPLICIT ABSTAIN PROMPT>] [len(messages)=2] (messages[-1]):
A patient comes into the clinic presenting with a symptom as described in the conversation log below:
    
PATIENT INFORMATION: An 8-year-old girl is brought by her mother to her pediatrician’s office for a follow-up visit.
CONVERSATION LOG:
Doctor Question: None
Patient Response: The patient cannot answer this question, please do not ask this question again.

QUESTION: Based on the description of these patients symptoms and current treatment regime, which of the following categories describes the severity of this child’s symptoms?
OPTIONS: A: Mild intermittent, B: Mild persistent, C: Moderate persistent, D: Severe persistent
YOUR TASK: Given the information so far, if you are confident to pick an option correctly and factually, respond with the letter choice and NOTHING ELSE. Otherwise, if you are not confident to pick an option and need more information, ask ONE SPECIFIC ATOMIC QUESTION to the patient. The question should be bite-sized, NOT ask for too much at once, and NOT repeat what has already been asked. In this case, respond with the atomic question and NOTHING ELSE.
[2026-04-22 22:47:45,772] [INFO] -------------------- Self-Consistency Iteration 1 --------------------
[2026-04-22 22:47:47,157] [INFO] [<IMPLICIT ABSTAIN LM RES>]: I am unable to answer this question with the information provided. I need more information about the patient's symptoms to determine the severity.

What is the patient's chief complaint?

[2026-04-22 22:47:47,157] [INFO] [<IMPLICIT ABSTAIN PARSED>]: What is the patients chief complaint?
[2026-04-22 22:47:47,157] [INFO] [<IMPLICIT ABSTAIN RETURN>]: atomic_question: What is the patients chief complaint?, final_answer: None, conf_score: 0.0 ([0 : 1])
[2026-04-22 22:47:47,157] [INFO] [ABSTENTION PROMPT]: [{'role': 'system', 'content': 'You are a medical doctor trying to reason through a real-life clinical case. Based on your understanding of basic and clinical science, medical knowledge, and mechanisms underlying health, disease, patient care, and modes of therapy, respond according to the task specified by the user. Base your response on the current and standard practices referenced in medical guidelines.'}, {'role': 'user', 'content': 'A patient comes into the clinic presenting with a symptom as described in the conversation log below:\n    \nPATIENT INFORMATION: An 8-year-old girl is brought by her mother to her pediatrician’s office for a follow-up visit.\nCONVERSATION LOG:\nDoctor Question: None\nPatient Response: The patient cannot answer this question, please do not ask this question again.\n\nQUESTION: Based on the description of these patients symptoms and current treatment regime, which of the following categories describes the severity of this child’s symptoms?\nOPTIONS: A: Mild intermittent, B: Mild persistent, C: Moderate persistent, D: Severe persistent\nYOUR TASK: Given the information so far, if you are confident to pick an option correctly and factually, respond with the letter choice and NOTHING ELSE. Otherwise, if you are not confident to pick an option and need more information, ask ONE SPECIFIC ATOMIC QUESTION to the patient. The question should be bite-sized, NOT ask for too much at once, and NOT repeat what has already been asked. In this case, respond with the atomic question and NOTHING ELSE.'}]
[2026-04-22 22:47:47,157] [INFO] [ABSTENTION RESPONSE]: I am unable to answer this question with the information provided. I need more information about the patient's symptoms to determine the severity.

What is the patient's chief complaint?


[2026-04-22 22:47:47,158] [INFO] ++++++++++++++++++++ Start of Multiple Chocie Decision [expert_basics.py:expert_response_choice()] ++++++++++++++++++++
[2026-04-22 22:47:47,158] [INFO] [<CHOICE PROMPT>] [len(messages)=2] (messages[-1]):
A patient comes into the clinic presenting with a symptom as described in the conversation log below:
    
PATIENT INFORMATION: An 8-year-old girl is brought by her mother to her pediatrician’s office for a follow-up visit.
CONVERSATION LOG:
Doctor Question: None
Patient Response: The patient cannot answer this question, please do not ask this question again.

QUESTION: Based on the description of these patients symptoms and current treatment regime, which of the following categories describes the severity of this child’s symptoms?
OPTIONS: A: Mild intermittent, B: Mild persistent, C: Moderate persistent, D: Severe persistent
YOUR TASK: Assume that you already have enough information from the above question-answer pairs to answer the patient inquiry, use the above information to produce a factual conclusion. Respond with the correct letter choice (A, B, C, or D) and NOTHING ELSE.
LETTER CHOICE: 
[2026-04-22 22:47:47,331] [INFO] [<CHOICE LM RES>]: A

[2026-04-22 22:47:47,331] [INFO] [<CHOICE PARSED>]: A
[2026-04-22 22:47:47,332] [INFO] [IMPLICIT ABSTAIN RETURN]: abstain: True, confidence: 0.0, letter_choice: A, usage: {'input_tokens': 579, 'output_tokens': 42}, atomic_question: What is the patients chief complaint?

[2026-04-22 22:47:47,332] [INFO] [Expert System]: {'type': 'question', 'question': 'What is the patients chief complaint?', 'letter_choice': 'A', 'confidence': 0.0, 'usage': {'input_tokens': 579, 'output_tokens': 42}}
[2026-04-22 22:47:47,910] [INFO] [Patient System]: 4. She has been struggling to breathe almost every single day.

[2026-04-22 22:47:47,910] [INFO] ==================== Turn 3 ====================
[2026-04-22 22:47:47,910] [INFO] ++++++++++++++++++++ Start of Implicit Abstention [expert_basics.py:expert_response_choice_or_question()] ++++++++++++++++++++
[2026-04-22 22:47:47,910] [INFO] [<IMPLICIT ABSTAIN PROMPT>] [len(messages)=2] (messages[-1]):
A patient comes into the clinic presenting with a symptom as described in the conversation log below:
    
PATIENT INFORMATION: An 8-year-old girl is brought by her mother to her pediatrician’s office for a follow-up visit.
CONVERSATION LOG:
Doctor Question: None
Patient Response: The patient cannot answer this question, please do not ask this question again.

Doctor Question: What is the patients chief complaint?
Patient Response: 4. She has been struggling to breathe almost every single day.

QUESTION: Based on the description of these patients symptoms and current treatment regime, which of the following categories describes the severity of this child’s symptoms?
OPTIONS: A: Mild intermittent, B: Mild persistent, C: Moderate persistent, D: Severe persistent
YOUR TASK: Given the information so far, if you are confident to pick an option correctly and factually, respond with the letter choice and NOTHING ELSE. Otherwise, if you are not confident to pick an option and need more information, ask ONE SPECIFIC ATOMIC QUESTION to the patient. The question should be bite-sized, NOT ask for too much at once, and NOT repeat what has already been asked. In this case, respond with the atomic question and NOTHING ELSE.
[2026-04-22 22:47:47,910] [INFO] -------------------- Self-Consistency Iteration 1 --------------------
[2026-04-22 22:47:48,083] [INFO] [<IMPLICIT ABSTAIN LM RES>]: B

[2026-04-22 22:47:48,083] [INFO] [<IMPLICIT ABSTAIN PARSED>]: B
[2026-04-22 22:47:48,083] [INFO] [<IMPLICIT ABSTAIN RETURN>]: atomic_question: None, final_answer: B, conf_score: 1.0 ([1 : 0])
[2026-04-22 22:47:48,083] [INFO] [ABSTENTION PROMPT]: [{'role': 'system', 'content': 'You are a medical doctor trying to reason through a real-life clinical case. Based on your understanding of basic and clinical science, medical knowledge, and mechanisms underlying health, disease, patient care, and modes of therapy, respond according to the task specified by the user. Base your response on the current and standard practices referenced in medical guidelines.'}, {'role': 'user', 'content': 'A patient comes into the clinic presenting with a symptom as described in the conversation log below:\n    \nPATIENT INFORMATION: An 8-year-old girl is brought by her mother to her pediatrician’s office for a follow-up visit.\nCONVERSATION LOG:\nDoctor Question: None\nPatient Response: The patient cannot answer this question, please do not ask this question again.\n\nDoctor Question: What is the patients chief complaint?\nPatient Response: 4. She has been struggling to breathe almost every single day.\n\nQUESTION: Based on the description of these patients symptoms and current treatment regime, which of the following categories describes the severity of this child’s symptoms?\nOPTIONS: A: Mild intermittent, B: Mild persistent, C: Moderate persistent, D: Severe persistent\nYOUR TASK: Given the information so far, if you are confident to pick an option correctly and factually, respond with the letter choice and NOTHING ELSE. Otherwise, if you are not confident to pick an option and need more information, ask ONE SPECIFIC ATOMIC QUESTION to the patient. The question should be bite-sized, NOT ask for too much at once, and NOT repeat what has already been asked. In this case, respond with the atomic question and NOTHING ELSE.'}]
[2026-04-22 22:47:48,083] [INFO] [ABSTENTION RESPONSE]: B


[2026-04-22 22:47:48,083] [INFO] [IMPLICIT ABSTAIN RETURN]: abstain: False, confidence: 1.0, letter_choice: B, usage: {'input_tokens': 338, 'output_tokens': 3}, atomic_question: None

[2026-04-22 22:47:48,083] [INFO] [Expert System]: {'type': 'choice', 'question': None, 'letter_choice': 'B', 'confidence': 1.0, 'usage': {'input_tokens': 338, 'output_tokens': 3}}
[2026-04-22 22:47:48,083] [INFO] |||||||||||||||||||| Interaction ended for patient #118 | Predicted: B | GT: C | Correct: False ||||||||||||||||||||



[2026-04-22 22:47:48,083] [INFO] |||||||||||||||||||| PATIENT #119 | GT: D (Propranolol) ||||||||||||||||||||
[2026-04-22 22:47:48,083] [INFO] ==================== Turn 1 ====================
[2026-04-22 22:47:48,083] [INFO] ++++++++++++++++++++ Start of Implicit Abstention [expert_basics.py:expert_response_choice_or_question()] ++++++++++++++++++++
[2026-04-22 22:47:48,083] [INFO] [<IMPLICIT ABSTAIN PROMPT>] [len(messages)=2] (messages[-1]):
A patient comes into the clinic presenting with a symptom as described in the conversation log below:
    
PATIENT INFORMATION: An 18-year-old woman presents with recurrent headaches.
CONVERSATION LOG:
None
QUESTION: Which drug is suitable in her case for the prevention of headaches?
OPTIONS: A: Ergotamine, B: Verapamil, C: Valproic, D: Propranolol
YOUR TASK: Given the information so far, if you are confident to pick an option correctly and factually, respond with the letter choice and NOTHING ELSE. Otherwise, if you are not confident to pick an option and need more information, ask ONE SPECIFIC ATOMIC QUESTION to the patient. The question should be bite-sized, NOT ask for too much at once, and NOT repeat what has already been asked. In this case, respond with the atomic question and NOTHING ELSE.
[2026-04-22 22:47:48,083] [INFO] -------------------- Self-Consistency Iteration 1 --------------------
[2026-04-22 22:47:48,258] [INFO] [<IMPLICIT ABSTAIN LM RES>]: D

[2026-04-22 22:47:48,258] [INFO] [<IMPLICIT ABSTAIN PARSED>]: D
[2026-04-22 22:47:48,258] [INFO] [<IMPLICIT ABSTAIN RETURN>]: atomic_question: None, final_answer: D, conf_score: 1.0 ([1 : 0])
[2026-04-22 22:47:48,258] [INFO] [ABSTENTION PROMPT]: [{'role': 'system', 'content': 'You are a medical doctor trying to reason through a real-life clinical case. Based on your understanding of basic and clinical science, medical knowledge, and mechanisms underlying health, disease, patient care, and modes of therapy, respond according to the task specified by the user. Base your response on the current and standard practices referenced in medical guidelines.'}, {'role': 'user', 'content': 'A patient comes into the clinic presenting with a symptom as described in the conversation log below:\n    \nPATIENT INFORMATION: An 18-year-old woman presents with recurrent headaches.\nCONVERSATION LOG:\nNone\nQUESTION: Which drug is suitable in her case for the prevention of headaches?\nOPTIONS: A: Ergotamine, B: Verapamil, C: Valproic, D: Propranolol\nYOUR TASK: Given the information so far, if you are confident to pick an option correctly and factually, respond with the letter choice and NOTHING ELSE. Otherwise, if you are not confident to pick an option and need more information, ask ONE SPECIFIC ATOMIC QUESTION to the patient. The question should be bite-sized, NOT ask for too much at once, and NOT repeat what has already been asked. In this case, respond with the atomic question and NOTHING ELSE.'}]
[2026-04-22 22:47:48,258] [INFO] [ABSTENTION RESPONSE]: D


[2026-04-22 22:47:48,258] [INFO] [IMPLICIT ABSTAIN RETURN]: abstain: False, confidence: 1.0, letter_choice: D, usage: {'input_tokens': 264, 'output_tokens': 3}, atomic_question: None

[2026-04-22 22:47:48,258] [INFO] [Expert System]: {'type': 'choice', 'question': None, 'letter_choice': 'D', 'confidence': 1.0, 'usage': {'input_tokens': 264, 'output_tokens': 3}}
[2026-04-22 22:47:48,258] [INFO] |||||||||||||||||||| Interaction ended for patient #119 | Predicted: D | GT: D | Correct: True ||||||||||||||||||||



[2026-04-22 22:47:48,258] [INFO] |||||||||||||||||||| PATIENT #120 | GT: D (Enlarged cerebral ventricles) ||||||||||||||||||||
[2026-04-22 22:47:48,258] [INFO] ==================== Turn 1 ====================
[2026-04-22 22:47:48,258] [INFO] ++++++++++++++++++++ Start of Implicit Abstention [expert_basics.py:expert_response_choice_or_question()] ++++++++++++++++++++
[2026-04-22 22:47:48,258] [INFO] [<IMPLICIT ABSTAIN PROMPT>] [len(messages)=2] (messages[-1]):
A patient comes into the clinic presenting with a symptom as described in the conversation log below:
    
PATIENT INFORMATION: A 26-year-old man is brought to the emergency department by the police after threatening to harm his roommate earlier today.
CONVERSATION LOG:
None
QUESTION: An MRI scan of the head is most likely to show which of the following?
OPTIONS: A: Periventricular plaques and white matter lesions, B: Ring-enhancing lesion, C: Hyperintense temporal lobe lesion, D: Enlarged cerebral ventricles
YOUR TASK: Given the information so far, if you are confident to pick an option correctly and factually, respond with the letter choice and NOTHING ELSE. Otherwise, if you are not confident to pick an option and need more information, ask ONE SPECIFIC ATOMIC QUESTION to the patient. The question should be bite-sized, NOT ask for too much at once, and NOT repeat what has already been asked. In this case, respond with the atomic question and NOTHING ELSE.
[2026-04-22 22:47:48,258] [INFO] -------------------- Self-Consistency Iteration 1 --------------------
[2026-04-22 22:47:48,430] [INFO] [<IMPLICIT ABSTAIN LM RES>]: A

[2026-04-22 22:47:48,430] [INFO] [<IMPLICIT ABSTAIN PARSED>]: A
[2026-04-22 22:47:48,430] [INFO] [<IMPLICIT ABSTAIN RETURN>]: atomic_question: None, final_answer: A, conf_score: 1.0 ([1 : 0])
[2026-04-22 22:47:48,430] [INFO] [ABSTENTION PROMPT]: [{'role': 'system', 'content': 'You are a medical doctor trying to reason through a real-life clinical case. Based on your understanding of basic and clinical science, medical knowledge, and mechanisms underlying health, disease, patient care, and modes of therapy, respond according to the task specified by the user. Base your response on the current and standard practices referenced in medical guidelines.'}, {'role': 'user', 'content': 'A patient comes into the clinic presenting with a symptom as described in the conversation log below:\n    \nPATIENT INFORMATION: A 26-year-old man is brought to the emergency department by the police after threatening to harm his roommate earlier today.\nCONVERSATION LOG:\nNone\nQUESTION: An MRI scan of the head is most likely to show which of the following?\nOPTIONS: A: Periventricular plaques and white matter lesions, B: Ring-enhancing lesion, C: Hyperintense temporal lobe lesion, D: Enlarged cerebral ventricles\nYOUR TASK: Given the information so far, if you are confident to pick an option correctly and factually, respond with the letter choice and NOTHING ELSE. Otherwise, if you are not confident to pick an option and need more information, ask ONE SPECIFIC ATOMIC QUESTION to the patient. The question should be bite-sized, NOT ask for too much at once, and NOT repeat what has already been asked. In this case, respond with the atomic question and NOTHING ELSE.'}]
[2026-04-22 22:47:48,430] [INFO] [ABSTENTION RESPONSE]: A


[2026-04-22 22:47:48,430] [INFO] [IMPLICIT ABSTAIN RETURN]: abstain: False, confidence: 1.0, letter_choice: A, usage: {'input_tokens': 291, 'output_tokens': 3}, atomic_question: None

[2026-04-22 22:47:48,430] [INFO] [Expert System]: {'type': 'choice', 'question': None, 'letter_choice': 'A', 'confidence': 1.0, 'usage': {'input_tokens': 291, 'output_tokens': 3}}
[2026-04-22 22:47:48,430] [INFO] |||||||||||||||||||| Interaction ended for patient #120 | Predicted: A | GT: D | Correct: False ||||||||||||||||||||



[2026-04-22 22:47:48,431] [INFO] |||||||||||||||||||| PATIENT #121 | GT: C (Cardiovascular collapse) ||||||||||||||||||||
[2026-04-22 22:47:48,431] [INFO] ==================== Turn 1 ====================
[2026-04-22 22:47:48,431] [INFO] ++++++++++++++++++++ Start of Implicit Abstention [expert_basics.py:expert_response_choice_or_question()] ++++++++++++++++++++
[2026-04-22 22:47:48,431] [INFO] [<IMPLICIT ABSTAIN PROMPT>] [len(messages)=2] (messages[-1]):
A patient comes into the clinic presenting with a symptom as described in the conversation log below:
    
PATIENT INFORMATION: A 46-year-old anesthesiologist is found placing several syringes of amobarbital in his backpack prior to leaving the hospital.
CONVERSATION LOG:
None
QUESTION: Which of the following is the most life-threatening complication of amobarbital withdrawal?
OPTIONS: A: Internal bleeding, B: Respiratory depression, C: Cardiovascular collapse, D: Self-inflicted violence
YOUR TASK: Given the information so far, if you are confident to pick an option correctly and factually, respond with the letter choice and NOTHING ELSE. Otherwise, if you are not confident to pick an option and need more information, ask ONE SPECIFIC ATOMIC QUESTION to the patient. The question should be bite-sized, NOT ask for too much at once, and NOT repeat what has already been asked. In this case, respond with the atomic question and NOTHING ELSE.
[2026-04-22 22:47:48,431] [INFO] -------------------- Self-Consistency Iteration 1 --------------------
[2026-04-22 22:47:48,602] [INFO] [<IMPLICIT ABSTAIN LM RES>]: B

[2026-04-22 22:47:48,602] [INFO] [<IMPLICIT ABSTAIN PARSED>]: B
[2026-04-22 22:47:48,602] [INFO] [<IMPLICIT ABSTAIN RETURN>]: atomic_question: None, final_answer: B, conf_score: 1.0 ([1 : 0])
[2026-04-22 22:47:48,602] [INFO] [ABSTENTION PROMPT]: [{'role': 'system', 'content': 'You are a medical doctor trying to reason through a real-life clinical case. Based on your understanding of basic and clinical science, medical knowledge, and mechanisms underlying health, disease, patient care, and modes of therapy, respond according to the task specified by the user. Base your response on the current and standard practices referenced in medical guidelines.'}, {'role': 'user', 'content': 'A patient comes into the clinic presenting with a symptom as described in the conversation log below:\n    \nPATIENT INFORMATION: A 46-year-old anesthesiologist is found placing several syringes of amobarbital in his backpack prior to leaving the hospital.\nCONVERSATION LOG:\nNone\nQUESTION: Which of the following is the most life-threatening complication of amobarbital withdrawal?\nOPTIONS: A: Internal bleeding, B: Respiratory depression, C: Cardiovascular collapse, D: Self-inflicted violence\nYOUR TASK: Given the information so far, if you are confident to pick an option correctly and factually, respond with the letter choice and NOTHING ELSE. Otherwise, if you are not confident to pick an option and need more information, ask ONE SPECIFIC ATOMIC QUESTION to the patient. The question should be bite-sized, NOT ask for too much at once, and NOT repeat what has already been asked. In this case, respond with the atomic question and NOTHING ELSE.'}]
[2026-04-22 22:47:48,602] [INFO] [ABSTENTION RESPONSE]: B


[2026-04-22 22:47:48,602] [INFO] [IMPLICIT ABSTAIN RETURN]: abstain: False, confidence: 1.0, letter_choice: B, usage: {'input_tokens': 280, 'output_tokens': 3}, atomic_question: None

[2026-04-22 22:47:48,602] [INFO] [Expert System]: {'type': 'choice', 'question': None, 'letter_choice': 'B', 'confidence': 1.0, 'usage': {'input_tokens': 280, 'output_tokens': 3}}
[2026-04-22 22:47:48,602] [INFO] |||||||||||||||||||| Interaction ended for patient #121 | Predicted: B | GT: C | Correct: False ||||||||||||||||||||



[2026-04-22 22:47:48,602] [INFO] |||||||||||||||||||| PATIENT #122 | GT: C (Somatostatin analog leading to constriction of the splanchnic vessels) ||||||||||||||||||||
[2026-04-22 22:47:48,602] [INFO] ==================== Turn 1 ====================
[2026-04-22 22:47:48,602] [INFO] ++++++++++++++++++++ Start of Implicit Abstention [expert_basics.py:expert_response_choice_or_question()] ++++++++++++++++++++
[2026-04-22 22:47:48,602] [INFO] [<IMPLICIT ABSTAIN PROMPT>] [len(messages)=2] (messages[-1]):
A patient comes into the clinic presenting with a symptom as described in the conversation log below:
    
PATIENT INFORMATION: A 55-year-old man is brought to the emergency department for 1 episode of bloody emesis.
CONVERSATION LOG:
None
QUESTION: What is the mechanism of action of the medication that can be used in the management of this patient’s condition?
OPTIONS: A: Antagonists of ß1 and ß2 adrenergic receptors, B: Reversible block of histamine H2 receptors, C: Somatostatin analog leading to constriction of the splanchnic vessels, D: Stimulation of cGMP production leading to vascular smooth muscle relaxation
YOUR TASK: Given the information so far, if you are confident to pick an option correctly and factually, respond with the letter choice and NOTHING ELSE. Otherwise, if you are not confident to pick an option and need more information, ask ONE SPECIFIC ATOMIC QUESTION to the patient. The question should be bite-sized, NOT ask for too much at once, and NOT repeat what has already been asked. In this case, respond with the atomic question and NOTHING ELSE.
[2026-04-22 22:47:48,602] [INFO] -------------------- Self-Consistency Iteration 1 --------------------
[2026-04-22 22:47:48,775] [INFO] [<IMPLICIT ABSTAIN LM RES>]: B

[2026-04-22 22:47:48,775] [INFO] [<IMPLICIT ABSTAIN PARSED>]: B
[2026-04-22 22:47:48,775] [INFO] [<IMPLICIT ABSTAIN RETURN>]: atomic_question: None, final_answer: B, conf_score: 1.0 ([1 : 0])
[2026-04-22 22:47:48,775] [INFO] [ABSTENTION PROMPT]: [{'role': 'system', 'content': 'You are a medical doctor trying to reason through a real-life clinical case. Based on your understanding of basic and clinical science, medical knowledge, and mechanisms underlying health, disease, patient care, and modes of therapy, respond according to the task specified by the user. Base your response on the current and standard practices referenced in medical guidelines.'}, {'role': 'user', 'content': 'A patient comes into the clinic presenting with a symptom as described in the conversation log below:\n    \nPATIENT INFORMATION: A 55-year-old man is brought to the emergency department for 1 episode of bloody emesis.\nCONVERSATION LOG:\nNone\nQUESTION: What is the mechanism of action of the medication that can be used in the management of this patient’s condition?\nOPTIONS: A: Antagonists of ß1 and ß2 adrenergic receptors, B: Reversible block of histamine H2 receptors, C: Somatostatin analog leading to constriction of the splanchnic vessels, D: Stimulation of cGMP production leading to vascular smooth muscle relaxation\nYOUR TASK: Given the information so far, if you are confident to pick an option correctly and factually, respond with the letter choice and NOTHING ELSE. Otherwise, if you are not confident to pick an option and need more information, ask ONE SPECIFIC ATOMIC QUESTION to the patient. The question should be bite-sized, NOT ask for too much at once, and NOT repeat what has already been asked. In this case, respond with the atomic question and NOTHING ELSE.'}]
[2026-04-22 22:47:48,775] [INFO] [ABSTENTION RESPONSE]: B


[2026-04-22 22:47:48,775] [INFO] [IMPLICIT ABSTAIN RETURN]: abstain: False, confidence: 1.0, letter_choice: B, usage: {'input_tokens': 316, 'output_tokens': 3}, atomic_question: None

[2026-04-22 22:47:48,775] [INFO] [Expert System]: {'type': 'choice', 'question': None, 'letter_choice': 'B', 'confidence': 1.0, 'usage': {'input_tokens': 316, 'output_tokens': 3}}
[2026-04-22 22:47:48,775] [INFO] |||||||||||||||||||| Interaction ended for patient #122 | Predicted: B | GT: C | Correct: False ||||||||||||||||||||



[2026-04-22 22:47:48,775] [INFO] |||||||||||||||||||| PATIENT #123 | GT: A (Fat embolism) ||||||||||||||||||||
[2026-04-22 22:47:48,775] [INFO] ==================== Turn 1 ====================
[2026-04-22 22:47:48,775] [INFO] ++++++++++++++++++++ Start of Implicit Abstention [expert_basics.py:expert_response_choice_or_question()] ++++++++++++++++++++
[2026-04-22 22:47:48,775] [INFO] [<IMPLICIT ABSTAIN PROMPT>] [len(messages)=2] (messages[-1]):
A patient comes into the clinic presenting with a symptom as described in the conversation log below:
    
PATIENT INFORMATION: Shortly after undergoing a bipolar prosthesis for a displaced femoral neck fracture of the left hip acquired after a fall the day before, an 80-year-old woman suddenly develops dyspnea.
CONVERSATION LOG:
None
QUESTION: Which of the following is the most likely diagnosis?
OPTIONS: A: Fat embolism, B: Thyrotoxic crisis, C: Malignant hyperthermia, D: Meningitis
"
YOUR TASK: Given the information so far, if you are confident to pick an option correctly and factually, respond with the letter choice and NOTHING ELSE. Otherwise, if you are not confident to pick an option and need more information, ask ONE SPECIFIC ATOMIC QUESTION to the patient. The question should be bite-sized, NOT ask for too much at once, and NOT repeat what has already been asked. In this case, respond with the atomic question and NOTHING ELSE.
[2026-04-22 22:47:48,775] [INFO] -------------------- Self-Consistency Iteration 1 --------------------
[2026-04-22 22:47:48,950] [INFO] [<IMPLICIT ABSTAIN LM RES>]: A

[2026-04-22 22:47:48,950] [INFO] [<IMPLICIT ABSTAIN PARSED>]: A
[2026-04-22 22:47:48,950] [INFO] [<IMPLICIT ABSTAIN RETURN>]: atomic_question: None, final_answer: A, conf_score: 1.0 ([1 : 0])
[2026-04-22 22:47:48,950] [INFO] [ABSTENTION PROMPT]: [{'role': 'system', 'content': 'You are a medical doctor trying to reason through a real-life clinical case. Based on your understanding of basic and clinical science, medical knowledge, and mechanisms underlying health, disease, patient care, and modes of therapy, respond according to the task specified by the user. Base your response on the current and standard practices referenced in medical guidelines.'}, {'role': 'user', 'content': 'A patient comes into the clinic presenting with a symptom as described in the conversation log below:\n    \nPATIENT INFORMATION: Shortly after undergoing a bipolar prosthesis for a displaced femoral neck fracture of the left hip acquired after a fall the day before, an 80-year-old woman suddenly develops dyspnea.\nCONVERSATION LOG:\nNone\nQUESTION: Which of the following is the most likely diagnosis?\nOPTIONS: A: Fat embolism, B: Thyrotoxic crisis, C: Malignant hyperthermia, D: Meningitis\n"\nYOUR TASK: Given the information so far, if you are confident to pick an option correctly and factually, respond with the letter choice and NOTHING ELSE. Otherwise, if you are not confident to pick an option and need more information, ask ONE SPECIFIC ATOMIC QUESTION to the patient. The question should be bite-sized, NOT ask for too much at once, and NOT repeat what has already been asked. In this case, respond with the atomic question and NOTHING ELSE.'}]
[2026-04-22 22:47:48,950] [INFO] [ABSTENTION RESPONSE]: A


[2026-04-22 22:47:48,950] [INFO] [IMPLICIT ABSTAIN RETURN]: abstain: False, confidence: 1.0, letter_choice: A, usage: {'input_tokens': 289, 'output_tokens': 3}, atomic_question: None

[2026-04-22 22:47:48,950] [INFO] [Expert System]: {'type': 'choice', 'question': None, 'letter_choice': 'A', 'confidence': 1.0, 'usage': {'input_tokens': 289, 'output_tokens': 3}}
[2026-04-22 22:47:48,950] [INFO] |||||||||||||||||||| Interaction ended for patient #123 | Predicted: A | GT: A | Correct: True ||||||||||||||||||||



[2026-04-22 22:47:48,950] [INFO] |||||||||||||||||||| PATIENT #124 | GT: A (Anti-histidyl tRNA synthetase antibodies) ||||||||||||||||||||
[2026-04-22 22:47:48,950] [INFO] ==================== Turn 1 ====================
[2026-04-22 22:47:48,950] [INFO] ++++++++++++++++++++ Start of Implicit Abstention [expert_basics.py:expert_response_choice_or_question()] ++++++++++++++++++++
[2026-04-22 22:47:48,950] [INFO] [<IMPLICIT ABSTAIN PROMPT>] [len(messages)=2] (messages[-1]):
A patient comes into the clinic presenting with a symptom as described in the conversation log below:
    
PATIENT INFORMATION: A 34-year-old woman presents to her primary care physician complaining of weakness and rash for the past 2 months.
CONVERSATION LOG:
None
QUESTION: Laboratory studies will most likely demonstrate the following in this patient?
OPTIONS: A: Anti-histidyl tRNA synthetase antibodies, B: Anti-histone antibodies, C: Anti-HMG CoA reductase antibodies, D: Anti-mitochondrial antibodies
YOUR TASK: Given the information so far, if you are confident to pick an option correctly and factually, respond with the letter choice and NOTHING ELSE. Otherwise, if you are not confident to pick an option and need more information, ask ONE SPECIFIC ATOMIC QUESTION to the patient. The question should be bite-sized, NOT ask for too much at once, and NOT repeat what has already been asked. In this case, respond with the atomic question and NOTHING ELSE.
[2026-04-22 22:47:48,950] [INFO] -------------------- Self-Consistency Iteration 1 --------------------
[2026-04-22 22:47:49,122] [INFO] [<IMPLICIT ABSTAIN LM RES>]: A

[2026-04-22 22:47:49,123] [INFO] [<IMPLICIT ABSTAIN PARSED>]: A
[2026-04-22 22:47:49,123] [INFO] [<IMPLICIT ABSTAIN RETURN>]: atomic_question: None, final_answer: A, conf_score: 1.0 ([1 : 0])
[2026-04-22 22:47:49,123] [INFO] [ABSTENTION PROMPT]: [{'role': 'system', 'content': 'You are a medical doctor trying to reason through a real-life clinical case. Based on your understanding of basic and clinical science, medical knowledge, and mechanisms underlying health, disease, patient care, and modes of therapy, respond according to the task specified by the user. Base your response on the current and standard practices referenced in medical guidelines.'}, {'role': 'user', 'content': 'A patient comes into the clinic presenting with a symptom as described in the conversation log below:\n    \nPATIENT INFORMATION: A 34-year-old woman presents to her primary care physician complaining of weakness and rash for the past 2 months.\nCONVERSATION LOG:\nNone\nQUESTION: Laboratory studies will most likely demonstrate the following in this patient?\nOPTIONS: A: Anti-histidyl tRNA synthetase antibodies, B: Anti-histone antibodies, C: Anti-HMG CoA reductase antibodies, D: Anti-mitochondrial antibodies\nYOUR TASK: Given the information so far, if you are confident to pick an option correctly and factually, respond with the letter choice and NOTHING ELSE. Otherwise, if you are not confident to pick an option and need more information, ask ONE SPECIFIC ATOMIC QUESTION to the patient. The question should be bite-sized, NOT ask for too much at once, and NOT repeat what has already been asked. In this case, respond with the atomic question and NOTHING ELSE.'}]
[2026-04-22 22:47:49,123] [INFO] [ABSTENTION RESPONSE]: A


[2026-04-22 22:47:49,123] [INFO] [IMPLICIT ABSTAIN RETURN]: abstain: False, confidence: 1.0, letter_choice: A, usage: {'input_tokens': 290, 'output_tokens': 3}, atomic_question: None

[2026-04-22 22:47:49,123] [INFO] [Expert System]: {'type': 'choice', 'question': None, 'letter_choice': 'A', 'confidence': 1.0, 'usage': {'input_tokens': 290, 'output_tokens': 3}}
[2026-04-22 22:47:49,123] [INFO] |||||||||||||||||||| Interaction ended for patient #124 | Predicted: A | GT: A | Correct: True ||||||||||||||||||||



[2026-04-22 22:47:49,123] [INFO] |||||||||||||||||||| PATIENT #125 | GT: A (Breastfeeding jaundice) ||||||||||||||||||||
[2026-04-22 22:47:49,123] [INFO] ==================== Turn 1 ====================
[2026-04-22 22:47:49,123] [INFO] ++++++++++++++++++++ Start of Implicit Abstention [expert_basics.py:expert_response_choice_or_question()] ++++++++++++++++++++
[2026-04-22 22:47:49,123] [INFO] [<IMPLICIT ABSTAIN PROMPT>] [len(messages)=2] (messages[-1]):
A patient comes into the clinic presenting with a symptom as described in the conversation log below:
    
PATIENT INFORMATION: A 4-day-old, full-term infant born by uncomplicated vaginal delivery is brought to a pediatrician by his mother, who notes that her son's skin appears yellow.
CONVERSATION LOG:
None
QUESTION: Which of the following is the most likely etiology of the patient's presentation?
OPTIONS: A: Breastfeeding jaundice, B: Breast milk jaundice, C: Glucose-6-phosphate dehydrogenase deficiency, D: Hepatitis A
YOUR TASK: Given the information so far, if you are confident to pick an option correctly and factually, respond with the letter choice and NOTHING ELSE. Otherwise, if you are not confident to pick an option and need more information, ask ONE SPECIFIC ATOMIC QUESTION to the patient. The question should be bite-sized, NOT ask for too much at once, and NOT repeat what has already been asked. In this case, respond with the atomic question and NOTHING ELSE.
[2026-04-22 22:47:49,123] [INFO] -------------------- Self-Consistency Iteration 1 --------------------
[2026-04-22 22:47:49,296] [INFO] [<IMPLICIT ABSTAIN LM RES>]: A

[2026-04-22 22:47:49,296] [INFO] [<IMPLICIT ABSTAIN PARSED>]: A
[2026-04-22 22:47:49,296] [INFO] [<IMPLICIT ABSTAIN RETURN>]: atomic_question: None, final_answer: A, conf_score: 1.0 ([1 : 0])
[2026-04-22 22:47:49,296] [INFO] [ABSTENTION PROMPT]: [{'role': 'system', 'content': 'You are a medical doctor trying to reason through a real-life clinical case. Based on your understanding of basic and clinical science, medical knowledge, and mechanisms underlying health, disease, patient care, and modes of therapy, respond according to the task specified by the user. Base your response on the current and standard practices referenced in medical guidelines.'}, {'role': 'user', 'content': "A patient comes into the clinic presenting with a symptom as described in the conversation log below:\n    \nPATIENT INFORMATION: A 4-day-old, full-term infant born by uncomplicated vaginal delivery is brought to a pediatrician by his mother, who notes that her son's skin appears yellow.\nCONVERSATION LOG:\nNone\nQUESTION: Which of the following is the most likely etiology of the patient's presentation?\nOPTIONS: A: Breastfeeding jaundice, B: Breast milk jaundice, C: Glucose-6-phosphate dehydrogenase deficiency, D: Hepatitis A\nYOUR TASK: Given the information so far, if you are confident to pick an option correctly and factually, respond with the letter choice and NOTHING ELSE. Otherwise, if you are not confident to pick an option and need more information, ask ONE SPECIFIC ATOMIC QUESTION to the patient. The question should be bite-sized, NOT ask for too much at once, and NOT repeat what has already been asked. In this case, respond with the atomic question and NOTHING ELSE."}]
[2026-04-22 22:47:49,296] [INFO] [ABSTENTION RESPONSE]: A


[2026-04-22 22:47:49,296] [INFO] [IMPLICIT ABSTAIN RETURN]: abstain: False, confidence: 1.0, letter_choice: A, usage: {'input_tokens': 293, 'output_tokens': 3}, atomic_question: None

[2026-04-22 22:47:49,296] [INFO] [Expert System]: {'type': 'choice', 'question': None, 'letter_choice': 'A', 'confidence': 1.0, 'usage': {'input_tokens': 293, 'output_tokens': 3}}
[2026-04-22 22:47:49,296] [INFO] |||||||||||||||||||| Interaction ended for patient #125 | Predicted: A | GT: A | Correct: True ||||||||||||||||||||



[2026-04-22 22:47:49,296] [INFO] |||||||||||||||||||| PATIENT #126 | GT: A (Suppression of vaginal bacterial flora) ||||||||||||||||||||
[2026-04-22 22:47:49,296] [INFO] ==================== Turn 1 ====================
[2026-04-22 22:47:49,296] [INFO] ++++++++++++++++++++ Start of Implicit Abstention [expert_basics.py:expert_response_choice_or_question()] ++++++++++++++++++++
[2026-04-22 22:47:49,296] [INFO] [<IMPLICIT ABSTAIN PROMPT>] [len(messages)=2] (messages[-1]):
A patient comes into the clinic presenting with a symptom as described in the conversation log below:
    
PATIENT INFORMATION: A 23-year-old female comes to the office because of a 3-week history of vaginal discharge and itching despite cleaning her genitals with a vaginal douche.
CONVERSATION LOG:
None
QUESTION: Which of the following is the strongest predisposing factor for this patient's condition?
OPTIONS: A: Suppression of vaginal bacterial flora, B: Increased vaginal pH, C: Intrauterine device, D: Unprotected sexual intercourse
YOUR TASK: Given the information so far, if you are confident to pick an option correctly and factually, respond with the letter choice and NOTHING ELSE. Otherwise, if you are not confident to pick an option and need more information, ask ONE SPECIFIC ATOMIC QUESTION to the patient. The question should be bite-sized, NOT ask for too much at once, and NOT repeat what has already been asked. In this case, respond with the atomic question and NOTHING ELSE.
[2026-04-22 22:47:49,296] [INFO] -------------------- Self-Consistency Iteration 1 --------------------
[2026-04-22 22:47:49,467] [INFO] [<IMPLICIT ABSTAIN LM RES>]: C

[2026-04-22 22:47:49,467] [INFO] [<IMPLICIT ABSTAIN PARSED>]: C
[2026-04-22 22:47:49,467] [INFO] [<IMPLICIT ABSTAIN RETURN>]: atomic_question: None, final_answer: C, conf_score: 1.0 ([1 : 0])
[2026-04-22 22:47:49,467] [INFO] [ABSTENTION PROMPT]: [{'role': 'system', 'content': 'You are a medical doctor trying to reason through a real-life clinical case. Based on your understanding of basic and clinical science, medical knowledge, and mechanisms underlying health, disease, patient care, and modes of therapy, respond according to the task specified by the user. Base your response on the current and standard practices referenced in medical guidelines.'}, {'role': 'user', 'content': "A patient comes into the clinic presenting with a symptom as described in the conversation log below:\n    \nPATIENT INFORMATION: A 23-year-old female comes to the office because of a 3-week history of vaginal discharge and itching despite cleaning her genitals with a vaginal douche.\nCONVERSATION LOG:\nNone\nQUESTION: Which of the following is the strongest predisposing factor for this patient's condition?\nOPTIONS: A: Suppression of vaginal bacterial flora, B: Increased vaginal pH, C: Intrauterine device, D: Unprotected sexual intercourse\nYOUR TASK: Given the information so far, if you are confident to pick an option correctly and factually, respond with the letter choice and NOTHING ELSE. Otherwise, if you are not confident to pick an option and need more information, ask ONE SPECIFIC ATOMIC QUESTION to the patient. The question should be bite-sized, NOT ask for too much at once, and NOT repeat what has already been asked. In this case, respond with the atomic question and NOTHING ELSE."}]
[2026-04-22 22:47:49,467] [INFO] [ABSTENTION RESPONSE]: C


[2026-04-22 22:47:49,467] [INFO] [IMPLICIT ABSTAIN RETURN]: abstain: False, confidence: 1.0, letter_choice: C, usage: {'input_tokens': 292, 'output_tokens': 3}, atomic_question: None

[2026-04-22 22:47:49,467] [INFO] [Expert System]: {'type': 'choice', 'question': None, 'letter_choice': 'C', 'confidence': 1.0, 'usage': {'input_tokens': 292, 'output_tokens': 3}}
[2026-04-22 22:47:49,467] [INFO] |||||||||||||||||||| Interaction ended for patient #126 | Predicted: C | GT: A | Correct: False ||||||||||||||||||||



[2026-04-22 22:47:49,467] [INFO] |||||||||||||||||||| PATIENT #127 | GT: B (Better hand-washing practices) ||||||||||||||||||||
[2026-04-22 22:47:49,467] [INFO] ==================== Turn 1 ====================
[2026-04-22 22:47:49,467] [INFO] ++++++++++++++++++++ Start of Implicit Abstention [expert_basics.py:expert_response_choice_or_question()] ++++++++++++++++++++
[2026-04-22 22:47:49,467] [INFO] [<IMPLICIT ABSTAIN PROMPT>] [len(messages)=2] (messages[-1]):
A patient comes into the clinic presenting with a symptom as described in the conversation log below:
    
PATIENT INFORMATION: A 3-year-old boy who has no known past medical or family history is brought by his parents to his pediatrician for new symptoms.
CONVERSATION LOG:
None
QUESTION: Which of the following interventions would have been most effective to prevent this condition?
OPTIONS: A: Appropriate immunization, B: Better hand-washing practices, C: Keeping all food stored in the refrigerator, D: Avoiding undercooked seafood
YOUR TASK: Given the information so far, if you are confident to pick an option correctly and factually, respond with the letter choice and NOTHING ELSE. Otherwise, if you are not confident to pick an option and need more information, ask ONE SPECIFIC ATOMIC QUESTION to the patient. The question should be bite-sized, NOT ask for too much at once, and NOT repeat what has already been asked. In this case, respond with the atomic question and NOTHING ELSE.
[2026-04-22 22:47:49,467] [INFO] -------------------- Self-Consistency Iteration 1 --------------------
[2026-04-22 22:47:50,960] [INFO] [<IMPLICIT ABSTAIN LM RES>]: I am unable to determine the most effective intervention without knowing the specific symptom the patient is presenting with. Therefore, I need to ask a specific question.

What is the patient's presenting symptom?

[2026-04-22 22:47:50,960] [INFO] [<IMPLICIT ABSTAIN PARSED>]: What is the patients presenting symptom?
[2026-04-22 22:47:50,960] [INFO] [<IMPLICIT ABSTAIN RETURN>]: atomic_question: What is the patients presenting symptom?, final_answer: None, conf_score: 0.0 ([0 : 1])
[2026-04-22 22:47:50,960] [INFO] [ABSTENTION PROMPT]: [{'role': 'system', 'content': 'You are a medical doctor trying to reason through a real-life clinical case. Based on your understanding of basic and clinical science, medical knowledge, and mechanisms underlying health, disease, patient care, and modes of therapy, respond according to the task specified by the user. Base your response on the current and standard practices referenced in medical guidelines.'}, {'role': 'user', 'content': 'A patient comes into the clinic presenting with a symptom as described in the conversation log below:\n    \nPATIENT INFORMATION: A 3-year-old boy who has no known past medical or family history is brought by his parents to his pediatrician for new symptoms.\nCONVERSATION LOG:\nNone\nQUESTION: Which of the following interventions would have been most effective to prevent this condition?\nOPTIONS: A: Appropriate immunization, B: Better hand-washing practices, C: Keeping all food stored in the refrigerator, D: Avoiding undercooked seafood\nYOUR TASK: Given the information so far, if you are confident to pick an option correctly and factually, respond with the letter choice and NOTHING ELSE. Otherwise, if you are not confident to pick an option and need more information, ask ONE SPECIFIC ATOMIC QUESTION to the patient. The question should be bite-sized, NOT ask for too much at once, and NOT repeat what has already been asked. In this case, respond with the atomic question and NOTHING ELSE.'}]
[2026-04-22 22:47:50,960] [INFO] [ABSTENTION RESPONSE]: I am unable to determine the most effective intervention without knowing the specific symptom the patient is presenting with. Therefore, I need to ask a specific question.

What is the patient's presenting symptom?


[2026-04-22 22:47:50,960] [INFO] ++++++++++++++++++++ Start of Multiple Chocie Decision [expert_basics.py:expert_response_choice()] ++++++++++++++++++++
[2026-04-22 22:47:50,960] [INFO] [<CHOICE PROMPT>] [len(messages)=2] (messages[-1]):
A patient comes into the clinic presenting with a symptom as described in the conversation log below:
    
PATIENT INFORMATION: A 3-year-old boy who has no known past medical or family history is brought by his parents to his pediatrician for new symptoms.
CONVERSATION LOG:
None
QUESTION: Which of the following interventions would have been most effective to prevent this condition?
OPTIONS: A: Appropriate immunization, B: Better hand-washing practices, C: Keeping all food stored in the refrigerator, D: Avoiding undercooked seafood
YOUR TASK: Assume that you already have enough information from the above question-answer pairs to answer the patient inquiry, use the above information to produce a factual conclusion. Respond with the correct letter choice (A, B, C, or D) and NOTHING ELSE.
LETTER CHOICE: 
[2026-04-22 22:47:51,132] [INFO] [<CHOICE LM RES>]: B

[2026-04-22 22:47:51,132] [INFO] [<CHOICE PARSED>]: B
[2026-04-22 22:47:51,133] [INFO] [IMPLICIT ABSTAIN RETURN]: abstain: True, confidence: 0.0, letter_choice: B, usage: {'input_tokens': 535, 'output_tokens': 45}, atomic_question: What is the patients presenting symptom?

[2026-04-22 22:47:51,133] [INFO] [Expert System]: {'type': 'question', 'question': 'What is the patients presenting symptom?', 'letter_choice': 'B', 'confidence': 0.0, 'usage': {'input_tokens': 535, 'output_tokens': 45}}
[2026-04-22 22:47:51,952] [INFO] [Patient System]: 1. The patient has suffered from a fever associated with diarrhea and conjunctivitis over the past week.

[2026-04-22 22:47:51,952] [INFO] ==================== Turn 2 ====================
[2026-04-22 22:47:51,952] [INFO] ++++++++++++++++++++ Start of Implicit Abstention [expert_basics.py:expert_response_choice_or_question()] ++++++++++++++++++++
[2026-04-22 22:47:51,952] [INFO] [<IMPLICIT ABSTAIN PROMPT>] [len(messages)=2] (messages[-1]):
A patient comes into the clinic presenting with a symptom as described in the conversation log below:
    
PATIENT INFORMATION: A 3-year-old boy who has no known past medical or family history is brought by his parents to his pediatrician for new symptoms.
CONVERSATION LOG:
Doctor Question: What is the patients presenting symptom?
Patient Response: 1. The patient has suffered from a fever associated with diarrhea and conjunctivitis over the past week.

QUESTION: Which of the following interventions would have been most effective to prevent this condition?
OPTIONS: A: Appropriate immunization, B: Better hand-washing practices, C: Keeping all food stored in the refrigerator, D: Avoiding undercooked seafood
YOUR TASK: Given the information so far, if you are confident to pick an option correctly and factually, respond with the letter choice and NOTHING ELSE. Otherwise, if you are not confident to pick an option and need more information, ask ONE SPECIFIC ATOMIC QUESTION to the patient. The question should be bite-sized, NOT ask for too much at once, and NOT repeat what has already been asked. In this case, respond with the atomic question and NOTHING ELSE.
[2026-04-22 22:47:51,952] [INFO] -------------------- Self-Consistency Iteration 1 --------------------
[2026-04-22 22:47:52,128] [INFO] [<IMPLICIT ABSTAIN LM RES>]: B

[2026-04-22 22:47:52,128] [INFO] [<IMPLICIT ABSTAIN PARSED>]: B
[2026-04-22 22:47:52,128] [INFO] [<IMPLICIT ABSTAIN RETURN>]: atomic_question: None, final_answer: B, conf_score: 1.0 ([1 : 0])
[2026-04-22 22:47:52,128] [INFO] [ABSTENTION PROMPT]: [{'role': 'system', 'content': 'You are a medical doctor trying to reason through a real-life clinical case. Based on your understanding of basic and clinical science, medical knowledge, and mechanisms underlying health, disease, patient care, and modes of therapy, respond according to the task specified by the user. Base your response on the current and standard practices referenced in medical guidelines.'}, {'role': 'user', 'content': 'A patient comes into the clinic presenting with a symptom as described in the conversation log below:\n    \nPATIENT INFORMATION: A 3-year-old boy who has no known past medical or family history is brought by his parents to his pediatrician for new symptoms.\nCONVERSATION LOG:\nDoctor Question: What is the patients presenting symptom?\nPatient Response: 1. The patient has suffered from a fever associated with diarrhea and conjunctivitis over the past week.\n\nQUESTION: Which of the following interventions would have been most effective to prevent this condition?\nOPTIONS: A: Appropriate immunization, B: Better hand-washing practices, C: Keeping all food stored in the refrigerator, D: Avoiding undercooked seafood\nYOUR TASK: Given the information so far, if you are confident to pick an option correctly and factually, respond with the letter choice and NOTHING ELSE. Otherwise, if you are not confident to pick an option and need more information, ask ONE SPECIFIC ATOMIC QUESTION to the patient. The question should be bite-sized, NOT ask for too much at once, and NOT repeat what has already been asked. In this case, respond with the atomic question and NOTHING ELSE.'}]
[2026-04-22 22:47:52,128] [INFO] [ABSTENTION RESPONSE]: B


[2026-04-22 22:47:52,128] [INFO] [IMPLICIT ABSTAIN RETURN]: abstain: False, confidence: 1.0, letter_choice: B, usage: {'input_tokens': 321, 'output_tokens': 3}, atomic_question: None

[2026-04-22 22:47:52,128] [INFO] [Expert System]: {'type': 'choice', 'question': None, 'letter_choice': 'B', 'confidence': 1.0, 'usage': {'input_tokens': 321, 'output_tokens': 3}}
[2026-04-22 22:47:52,128] [INFO] |||||||||||||||||||| Interaction ended for patient #127 | Predicted: B | GT: B | Correct: True ||||||||||||||||||||



[2026-04-22 22:47:52,129] [INFO] |||||||||||||||||||| PATIENT #128 | GT: C (Epithelial cells with stippling) ||||||||||||||||||||
[2026-04-22 22:47:52,129] [INFO] ==================== Turn 1 ====================
[2026-04-22 22:47:52,129] [INFO] ++++++++++++++++++++ Start of Implicit Abstention [expert_basics.py:expert_response_choice_or_question()] ++++++++++++++++++++
[2026-04-22 22:47:52,129] [INFO] [<IMPLICIT ABSTAIN PROMPT>] [len(messages)=2] (messages[-1]):
A patient comes into the clinic presenting with a symptom as described in the conversation log below:
    
PATIENT INFORMATION: A 24-year-old woman with no past medical history presents to her PCP for a routine checkup.
CONVERSATION LOG:
None
QUESTION: What would be the most likely finding on wet mount?
OPTIONS: A: Motile, flagellated protozoans, B: Long, branching filamentous structures, C: Epithelial cells with stippling, D: Large mucoid capsules
YOUR TASK: Given the information so far, if you are confident to pick an option correctly and factually, respond with the letter choice and NOTHING ELSE. Otherwise, if you are not confident to pick an option and need more information, ask ONE SPECIFIC ATOMIC QUESTION to the patient. The question should be bite-sized, NOT ask for too much at once, and NOT repeat what has already been asked. In this case, respond with the atomic question and NOTHING ELSE.
[2026-04-22 22:47:52,129] [INFO] -------------------- Self-Consistency Iteration 1 --------------------
[2026-04-22 22:47:52,301] [INFO] [<IMPLICIT ABSTAIN LM RES>]: A

[2026-04-22 22:47:52,301] [INFO] [<IMPLICIT ABSTAIN PARSED>]: A
[2026-04-22 22:47:52,301] [INFO] [<IMPLICIT ABSTAIN RETURN>]: atomic_question: None, final_answer: A, conf_score: 1.0 ([1 : 0])
[2026-04-22 22:47:52,301] [INFO] [ABSTENTION PROMPT]: [{'role': 'system', 'content': 'You are a medical doctor trying to reason through a real-life clinical case. Based on your understanding of basic and clinical science, medical knowledge, and mechanisms underlying health, disease, patient care, and modes of therapy, respond according to the task specified by the user. Base your response on the current and standard practices referenced in medical guidelines.'}, {'role': 'user', 'content': 'A patient comes into the clinic presenting with a symptom as described in the conversation log below:\n    \nPATIENT INFORMATION: A 24-year-old woman with no past medical history presents to her PCP for a routine checkup.\nCONVERSATION LOG:\nNone\nQUESTION: What would be the most likely finding on wet mount?\nOPTIONS: A: Motile, flagellated protozoans, B: Long, branching filamentous structures, C: Epithelial cells with stippling, D: Large mucoid capsules\nYOUR TASK: Given the information so far, if you are confident to pick an option correctly and factually, respond with the letter choice and NOTHING ELSE. Otherwise, if you are not confident to pick an option and need more information, ask ONE SPECIFIC ATOMIC QUESTION to the patient. The question should be bite-sized, NOT ask for too much at once, and NOT repeat what has already been asked. In this case, respond with the atomic question and NOTHING ELSE.'}]
[2026-04-22 22:47:52,301] [INFO] [ABSTENTION RESPONSE]: A


[2026-04-22 22:47:52,301] [INFO] [IMPLICIT ABSTAIN RETURN]: abstain: False, confidence: 1.0, letter_choice: A, usage: {'input_tokens': 285, 'output_tokens': 3}, atomic_question: None

[2026-04-22 22:47:52,301] [INFO] [Expert System]: {'type': 'choice', 'question': None, 'letter_choice': 'A', 'confidence': 1.0, 'usage': {'input_tokens': 285, 'output_tokens': 3}}
[2026-04-22 22:47:52,301] [INFO] |||||||||||||||||||| Interaction ended for patient #128 | Predicted: A | GT: C | Correct: False ||||||||||||||||||||



[2026-04-22 22:47:52,301] [INFO] |||||||||||||||||||| PATIENT #129 | GT: A (Mutation in Janus kinase 2 gene) ||||||||||||||||||||
[2026-04-22 22:47:52,301] [INFO] ==================== Turn 1 ====================
[2026-04-22 22:47:52,301] [INFO] ++++++++++++++++++++ Start of Implicit Abstention [expert_basics.py:expert_response_choice_or_question()] ++++++++++++++++++++
[2026-04-22 22:47:52,301] [INFO] [<IMPLICIT ABSTAIN PROMPT>] [len(messages)=2] (messages[-1]):
A patient comes into the clinic presenting with a symptom as described in the conversation log below:
    
PATIENT INFORMATION: A 50-year-old African-American woman comes to the physician because of right elbow pain for the past 12 hours.
CONVERSATION LOG:
None
QUESTION: Laboratory studies show: | Hemoglobin 13.5 g/dL | Leukocyte count 9,520/mm3 | Platelet count 853,000/mm3 | Serum | Na+ 136 mEq/L | K+ 3.7 mEq/L | Cl- 96 mEq/L | Ca2+ 11.0 mg/dL | HCO3- 25 mEq/L | Glucose 102 mg/dL | Creatinine 1.0 mg/dL | Uric acid 10.5 mg/dL | Further evaluation of this patient is most likely to show which of the following?
OPTIONS: A: Mutation in Janus kinase 2 gene, B: Howell-Jolly bodies, C: Antibodies against citrullinated peptides, D: Anti-phospholipid antibodies
YOUR TASK: Given the information so far, if you are confident to pick an option correctly and factually, respond with the letter choice and NOTHING ELSE. Otherwise, if you are not confident to pick an option and need more information, ask ONE SPECIFIC ATOMIC QUESTION to the patient. The question should be bite-sized, NOT ask for too much at once, and NOT repeat what has already been asked. In this case, respond with the atomic question and NOTHING ELSE.
[2026-04-22 22:47:52,301] [INFO] -------------------- Self-Consistency Iteration 1 --------------------
[2026-04-22 22:47:52,480] [INFO] [<IMPLICIT ABSTAIN LM RES>]: C

[2026-04-22 22:47:52,480] [INFO] [<IMPLICIT ABSTAIN PARSED>]: C
[2026-04-22 22:47:52,480] [INFO] [<IMPLICIT ABSTAIN RETURN>]: atomic_question: None, final_answer: C, conf_score: 1.0 ([1 : 0])
[2026-04-22 22:47:52,480] [INFO] [ABSTENTION PROMPT]: [{'role': 'system', 'content': 'You are a medical doctor trying to reason through a real-life clinical case. Based on your understanding of basic and clinical science, medical knowledge, and mechanisms underlying health, disease, patient care, and modes of therapy, respond according to the task specified by the user. Base your response on the current and standard practices referenced in medical guidelines.'}, {'role': 'user', 'content': 'A patient comes into the clinic presenting with a symptom as described in the conversation log below:\n    \nPATIENT INFORMATION: A 50-year-old African-American woman comes to the physician because of right elbow pain for the past 12 hours.\nCONVERSATION LOG:\nNone\nQUESTION: Laboratory studies show: | Hemoglobin 13.5 g/dL | Leukocyte count 9,520/mm3 | Platelet count 853,000/mm3 | Serum | Na+ 136 mEq/L | K+ 3.7 mEq/L | Cl- 96 mEq/L | Ca2+ 11.0 mg/dL | HCO3- 25 mEq/L | Glucose 102 mg/dL | Creatinine 1.0 mg/dL | Uric acid 10.5 mg/dL | Further evaluation of this patient is most likely to show which of the following?\nOPTIONS: A: Mutation in Janus kinase 2 gene, B: Howell-Jolly bodies, C: Antibodies against citrullinated peptides, D: Anti-phospholipid antibodies\nYOUR TASK: Given the information so far, if you are confident to pick an option correctly and factually, respond with the letter choice and NOTHING ELSE. Otherwise, if you are not confident to pick an option and need more information, ask ONE SPECIFIC ATOMIC QUESTION to the patient. The question should be bite-sized, NOT ask for too much at once, and NOT repeat what has already been asked. In this case, respond with the atomic question and NOTHING ELSE.'}]
[2026-04-22 22:47:52,480] [INFO] [ABSTENTION RESPONSE]: C


[2026-04-22 22:47:52,480] [INFO] [IMPLICIT ABSTAIN RETURN]: abstain: False, confidence: 1.0, letter_choice: C, usage: {'input_tokens': 425, 'output_tokens': 3}, atomic_question: None

[2026-04-22 22:47:52,480] [INFO] [Expert System]: {'type': 'choice', 'question': None, 'letter_choice': 'C', 'confidence': 1.0, 'usage': {'input_tokens': 425, 'output_tokens': 3}}
[2026-04-22 22:47:52,480] [INFO] |||||||||||||||||||| Interaction ended for patient #129 | Predicted: C | GT: A | Correct: False ||||||||||||||||||||



[2026-04-22 22:47:52,480] [INFO] |||||||||||||||||||| PATIENT #130 | GT: B (Burr hole) ||||||||||||||||||||
[2026-04-22 22:47:52,480] [INFO] ==================== Turn 1 ====================
[2026-04-22 22:47:52,480] [INFO] ++++++++++++++++++++ Start of Implicit Abstention [expert_basics.py:expert_response_choice_or_question()] ++++++++++++++++++++
[2026-04-22 22:47:52,480] [INFO] [<IMPLICIT ABSTAIN PROMPT>] [len(messages)=2] (messages[-1]):
A patient comes into the clinic presenting with a symptom as described in the conversation log below:
    
PATIENT INFORMATION: A 64-year-old man is brought to his primary care physician by his daughter for forgetfulness.
CONVERSATION LOG:
None
QUESTION: Which of the following is a treatment option for the patient’s most likely diagnosis?
OPTIONS: A: Alteplase, B: Burr hole, C: Donepezil, D: Thiamine supplementation
YOUR TASK: Given the information so far, if you are confident to pick an option correctly and factually, respond with the letter choice and NOTHING ELSE. Otherwise, if you are not confident to pick an option and need more information, ask ONE SPECIFIC ATOMIC QUESTION to the patient. The question should be bite-sized, NOT ask for too much at once, and NOT repeat what has already been asked. In this case, respond with the atomic question and NOTHING ELSE.
[2026-04-22 22:47:52,480] [INFO] -------------------- Self-Consistency Iteration 1 --------------------
[2026-04-22 22:47:52,657] [INFO] [<IMPLICIT ABSTAIN LM RES>]: C

[2026-04-22 22:47:52,657] [INFO] [<IMPLICIT ABSTAIN PARSED>]: C
[2026-04-22 22:47:52,657] [INFO] [<IMPLICIT ABSTAIN RETURN>]: atomic_question: None, final_answer: C, conf_score: 1.0 ([1 : 0])
[2026-04-22 22:47:52,657] [INFO] [ABSTENTION PROMPT]: [{'role': 'system', 'content': 'You are a medical doctor trying to reason through a real-life clinical case. Based on your understanding of basic and clinical science, medical knowledge, and mechanisms underlying health, disease, patient care, and modes of therapy, respond according to the task specified by the user. Base your response on the current and standard practices referenced in medical guidelines.'}, {'role': 'user', 'content': 'A patient comes into the clinic presenting with a symptom as described in the conversation log below:\n    \nPATIENT INFORMATION: A 64-year-old man is brought to his primary care physician by his daughter for forgetfulness.\nCONVERSATION LOG:\nNone\nQUESTION: Which of the following is a treatment option for the patient’s most likely diagnosis?\nOPTIONS: A: Alteplase, B: Burr hole, C: Donepezil, D: Thiamine supplementation\nYOUR TASK: Given the information so far, if you are confident to pick an option correctly and factually, respond with the letter choice and NOTHING ELSE. Otherwise, if you are not confident to pick an option and need more information, ask ONE SPECIFIC ATOMIC QUESTION to the patient. The question should be bite-sized, NOT ask for too much at once, and NOT repeat what has already been asked. In this case, respond with the atomic question and NOTHING ELSE.'}]
[2026-04-22 22:47:52,657] [INFO] [ABSTENTION RESPONSE]: C


[2026-04-22 22:47:52,657] [INFO] [IMPLICIT ABSTAIN RETURN]: abstain: False, confidence: 1.0, letter_choice: C, usage: {'input_tokens': 276, 'output_tokens': 3}, atomic_question: None

[2026-04-22 22:47:52,657] [INFO] [Expert System]: {'type': 'choice', 'question': None, 'letter_choice': 'C', 'confidence': 1.0, 'usage': {'input_tokens': 276, 'output_tokens': 3}}
[2026-04-22 22:47:52,657] [INFO] |||||||||||||||||||| Interaction ended for patient #130 | Predicted: C | GT: B | Correct: False ||||||||||||||||||||



[2026-04-22 22:47:52,657] [INFO] |||||||||||||||||||| PATIENT #131 | GT: B (Chronic myeloid leukemia) ||||||||||||||||||||
[2026-04-22 22:47:52,657] [INFO] ==================== Turn 1 ====================
[2026-04-22 22:47:52,657] [INFO] ++++++++++++++++++++ Start of Implicit Abstention [expert_basics.py:expert_response_choice_or_question()] ++++++++++++++++++++
[2026-04-22 22:47:52,657] [INFO] [<IMPLICIT ABSTAIN PROMPT>] [len(messages)=2] (messages[-1]):
A patient comes into the clinic presenting with a symptom as described in the conversation log below:
    
PATIENT INFORMATION: A 60-year-old man presents to the physician for a follow-up examination.
CONVERSATION LOG:
None
QUESTION: Which of the following is the most likely diagnosis?
OPTIONS: A: Acute lymphoid leukemia, B: Chronic myeloid leukemia, C: Hairy cell leukemia, D: Burkitt lymphoma
YOUR TASK: Given the information so far, if you are confident to pick an option correctly and factually, respond with the letter choice and NOTHING ELSE. Otherwise, if you are not confident to pick an option and need more information, ask ONE SPECIFIC ATOMIC QUESTION to the patient. The question should be bite-sized, NOT ask for too much at once, and NOT repeat what has already been asked. In this case, respond with the atomic question and NOTHING ELSE.
[2026-04-22 22:47:52,657] [INFO] -------------------- Self-Consistency Iteration 1 --------------------
[2026-04-22 22:47:52,829] [INFO] [<IMPLICIT ABSTAIN LM RES>]: B

[2026-04-22 22:47:52,829] [INFO] [<IMPLICIT ABSTAIN PARSED>]: B
[2026-04-22 22:47:52,829] [INFO] [<IMPLICIT ABSTAIN RETURN>]: atomic_question: None, final_answer: B, conf_score: 1.0 ([1 : 0])
[2026-04-22 22:47:52,829] [INFO] [ABSTENTION PROMPT]: [{'role': 'system', 'content': 'You are a medical doctor trying to reason through a real-life clinical case. Based on your understanding of basic and clinical science, medical knowledge, and mechanisms underlying health, disease, patient care, and modes of therapy, respond according to the task specified by the user. Base your response on the current and standard practices referenced in medical guidelines.'}, {'role': 'user', 'content': 'A patient comes into the clinic presenting with a symptom as described in the conversation log below:\n    \nPATIENT INFORMATION: A 60-year-old man presents to the physician for a follow-up examination.\nCONVERSATION LOG:\nNone\nQUESTION: Which of the following is the most likely diagnosis?\nOPTIONS: A: Acute lymphoid leukemia, B: Chronic myeloid leukemia, C: Hairy cell leukemia, D: Burkitt lymphoma\nYOUR TASK: Given the information so far, if you are confident to pick an option correctly and factually, respond with the letter choice and NOTHING ELSE. Otherwise, if you are not confident to pick an option and need more information, ask ONE SPECIFIC ATOMIC QUESTION to the patient. The question should be bite-sized, NOT ask for too much at once, and NOT repeat what has already been asked. In this case, respond with the atomic question and NOTHING ELSE.'}]
[2026-04-22 22:47:52,829] [INFO] [ABSTENTION RESPONSE]: B


[2026-04-22 22:47:52,829] [INFO] [IMPLICIT ABSTAIN RETURN]: abstain: False, confidence: 1.0, letter_choice: B, usage: {'input_tokens': 268, 'output_tokens': 3}, atomic_question: None

[2026-04-22 22:47:52,829] [INFO] [Expert System]: {'type': 'choice', 'question': None, 'letter_choice': 'B', 'confidence': 1.0, 'usage': {'input_tokens': 268, 'output_tokens': 3}}
[2026-04-22 22:47:52,829] [INFO] |||||||||||||||||||| Interaction ended for patient #131 | Predicted: B | GT: B | Correct: True ||||||||||||||||||||



[2026-04-22 22:47:52,829] [INFO] |||||||||||||||||||| PATIENT #132 | GT: D (Methylmalonyl-CoA mutase) ||||||||||||||||||||
[2026-04-22 22:47:52,829] [INFO] ==================== Turn 1 ====================
[2026-04-22 22:47:52,829] [INFO] ++++++++++++++++++++ Start of Implicit Abstention [expert_basics.py:expert_response_choice_or_question()] ++++++++++++++++++++
[2026-04-22 22:47:52,829] [INFO] [<IMPLICIT ABSTAIN PROMPT>] [len(messages)=2] (messages[-1]):
A patient comes into the clinic presenting with a symptom as described in the conversation log below:
    
PATIENT INFORMATION: A 55-year-old man comes to the physician because of balance problems.
CONVERSATION LOG:
None
QUESTION: Which of the following enzymes is most likely impaired?
OPTIONS: A: Succinate dehydrogenase, B: Propionyl-CoA carboxylase, C: Pyruvate carboxylase, D: Methylmalonyl-CoA mutase
YOUR TASK: Given the information so far, if you are confident to pick an option correctly and factually, respond with the letter choice and NOTHING ELSE. Otherwise, if you are not confident to pick an option and need more information, ask ONE SPECIFIC ATOMIC QUESTION to the patient. The question should be bite-sized, NOT ask for too much at once, and NOT repeat what has already been asked. In this case, respond with the atomic question and NOTHING ELSE.
[2026-04-22 22:47:52,829] [INFO] -------------------- Self-Consistency Iteration 1 --------------------
[2026-04-22 22:47:53,001] [INFO] [<IMPLICIT ABSTAIN LM RES>]: B

[2026-04-22 22:47:53,001] [INFO] [<IMPLICIT ABSTAIN PARSED>]: B
[2026-04-22 22:47:53,001] [INFO] [<IMPLICIT ABSTAIN RETURN>]: atomic_question: None, final_answer: B, conf_score: 1.0 ([1 : 0])
[2026-04-22 22:47:53,001] [INFO] [ABSTENTION PROMPT]: [{'role': 'system', 'content': 'You are a medical doctor trying to reason through a real-life clinical case. Based on your understanding of basic and clinical science, medical knowledge, and mechanisms underlying health, disease, patient care, and modes of therapy, respond according to the task specified by the user. Base your response on the current and standard practices referenced in medical guidelines.'}, {'role': 'user', 'content': 'A patient comes into the clinic presenting with a symptom as described in the conversation log below:\n    \nPATIENT INFORMATION: A 55-year-old man comes to the physician because of balance problems.\nCONVERSATION LOG:\nNone\nQUESTION: Which of the following enzymes is most likely impaired?\nOPTIONS: A: Succinate dehydrogenase, B: Propionyl-CoA carboxylase, C: Pyruvate carboxylase, D: Methylmalonyl-CoA mutase\nYOUR TASK: Given the information so far, if you are confident to pick an option correctly and factually, respond with the letter choice and NOTHING ELSE. Otherwise, if you are not confident to pick an option and need more information, ask ONE SPECIFIC ATOMIC QUESTION to the patient. The question should be bite-sized, NOT ask for too much at once, and NOT repeat what has already been asked. In this case, respond with the atomic question and NOTHING ELSE.'}]
[2026-04-22 22:47:53,001] [INFO] [ABSTENTION RESPONSE]: B


[2026-04-22 22:47:53,001] [INFO] [IMPLICIT ABSTAIN RETURN]: abstain: False, confidence: 1.0, letter_choice: B, usage: {'input_tokens': 274, 'output_tokens': 3}, atomic_question: None

[2026-04-22 22:47:53,001] [INFO] [Expert System]: {'type': 'choice', 'question': None, 'letter_choice': 'B', 'confidence': 1.0, 'usage': {'input_tokens': 274, 'output_tokens': 3}}
[2026-04-22 22:47:53,001] [INFO] |||||||||||||||||||| Interaction ended for patient #132 | Predicted: B | GT: D | Correct: False ||||||||||||||||||||



[2026-04-22 22:47:53,002] [INFO] |||||||||||||||||||| PATIENT #133 | GT: C (Iron) ||||||||||||||||||||
[2026-04-22 22:47:53,002] [INFO] ==================== Turn 1 ====================
[2026-04-22 22:47:53,002] [INFO] ++++++++++++++++++++ Start of Implicit Abstention [expert_basics.py:expert_response_choice_or_question()] ++++++++++++++++++++
[2026-04-22 22:47:53,002] [INFO] [<IMPLICIT ABSTAIN PROMPT>] [len(messages)=2] (messages[-1]):
A patient comes into the clinic presenting with a symptom as described in the conversation log below:
    
PATIENT INFORMATION: A 32-year-old woman presents to her primary care physician for generalized fatigue.
CONVERSATION LOG:
None
QUESTION: Which of the following is the next best step in management?
OPTIONS: A: Vitamin B9, B: Vitamin B12, C: Iron, D: Assess for depression
YOUR TASK: Given the information so far, if you are confident to pick an option correctly and factually, respond with the letter choice and NOTHING ELSE. Otherwise, if you are not confident to pick an option and need more information, ask ONE SPECIFIC ATOMIC QUESTION to the patient. The question should be bite-sized, NOT ask for too much at once, and NOT repeat what has already been asked. In this case, respond with the atomic question and NOTHING ELSE.
[2026-04-22 22:47:53,002] [INFO] -------------------- Self-Consistency Iteration 1 --------------------
[2026-04-22 22:47:53,173] [INFO] [<IMPLICIT ABSTAIN LM RES>]: D

[2026-04-22 22:47:53,173] [INFO] [<IMPLICIT ABSTAIN PARSED>]: D
[2026-04-22 22:47:53,173] [INFO] [<IMPLICIT ABSTAIN RETURN>]: atomic_question: None, final_answer: D, conf_score: 1.0 ([1 : 0])
[2026-04-22 22:47:53,173] [INFO] [ABSTENTION PROMPT]: [{'role': 'system', 'content': 'You are a medical doctor trying to reason through a real-life clinical case. Based on your understanding of basic and clinical science, medical knowledge, and mechanisms underlying health, disease, patient care, and modes of therapy, respond according to the task specified by the user. Base your response on the current and standard practices referenced in medical guidelines.'}, {'role': 'user', 'content': 'A patient comes into the clinic presenting with a symptom as described in the conversation log below:\n    \nPATIENT INFORMATION: A 32-year-old woman presents to her primary care physician for generalized fatigue.\nCONVERSATION LOG:\nNone\nQUESTION: Which of the following is the next best step in management?\nOPTIONS: A: Vitamin B9, B: Vitamin B12, C: Iron, D: Assess for depression\nYOUR TASK: Given the information so far, if you are confident to pick an option correctly and factually, respond with the letter choice and NOTHING ELSE. Otherwise, if you are not confident to pick an option and need more information, ask ONE SPECIFIC ATOMIC QUESTION to the patient. The question should be bite-sized, NOT ask for too much at once, and NOT repeat what has already been asked. In this case, respond with the atomic question and NOTHING ELSE.'}]
[2026-04-22 22:47:53,173] [INFO] [ABSTENTION RESPONSE]: D


[2026-04-22 22:47:53,173] [INFO] [IMPLICIT ABSTAIN RETURN]: abstain: False, confidence: 1.0, letter_choice: D, usage: {'input_tokens': 267, 'output_tokens': 3}, atomic_question: None

[2026-04-22 22:47:53,173] [INFO] [Expert System]: {'type': 'choice', 'question': None, 'letter_choice': 'D', 'confidence': 1.0, 'usage': {'input_tokens': 267, 'output_tokens': 3}}
[2026-04-22 22:47:53,173] [INFO] |||||||||||||||||||| Interaction ended for patient #133 | Predicted: D | GT: C | Correct: False ||||||||||||||||||||



[2026-04-22 22:47:53,173] [INFO] |||||||||||||||||||| PATIENT #134 | GT: C (Adipocytes) ||||||||||||||||||||
[2026-04-22 22:47:53,173] [INFO] ==================== Turn 1 ====================
[2026-04-22 22:47:53,173] [INFO] ++++++++++++++++++++ Start of Implicit Abstention [expert_basics.py:expert_response_choice_or_question()] ++++++++++++++++++++
[2026-04-22 22:47:53,173] [INFO] [<IMPLICIT ABSTAIN PROMPT>] [len(messages)=2] (messages[-1]):
A patient comes into the clinic presenting with a symptom as described in the conversation log below:
    
PATIENT INFORMATION: A 28-year-old woman, gravida 1, para 0, at 24 weeks' gestation comes to the physician for a prenatal visit.
CONVERSATION LOG:
None
QUESTION: The hormone responsible for the observed laboratory changes most likely increases glucose transport into which of the following types of cells?
OPTIONS: A: Spermatocytes, B: Islet cells, C: Adipocytes, D: Placental cells
YOUR TASK: Given the information so far, if you are confident to pick an option correctly and factually, respond with the letter choice and NOTHING ELSE. Otherwise, if you are not confident to pick an option and need more information, ask ONE SPECIFIC ATOMIC QUESTION to the patient. The question should be bite-sized, NOT ask for too much at once, and NOT repeat what has already been asked. In this case, respond with the atomic question and NOTHING ELSE.
[2026-04-22 22:47:53,173] [INFO] -------------------- Self-Consistency Iteration 1 --------------------
[2026-04-22 22:47:53,346] [INFO] [<IMPLICIT ABSTAIN LM RES>]: B

[2026-04-22 22:47:53,346] [INFO] [<IMPLICIT ABSTAIN PARSED>]: B
[2026-04-22 22:47:53,346] [INFO] [<IMPLICIT ABSTAIN RETURN>]: atomic_question: None, final_answer: B, conf_score: 1.0 ([1 : 0])
[2026-04-22 22:47:53,346] [INFO] [ABSTENTION PROMPT]: [{'role': 'system', 'content': 'You are a medical doctor trying to reason through a real-life clinical case. Based on your understanding of basic and clinical science, medical knowledge, and mechanisms underlying health, disease, patient care, and modes of therapy, respond according to the task specified by the user. Base your response on the current and standard practices referenced in medical guidelines.'}, {'role': 'user', 'content': "A patient comes into the clinic presenting with a symptom as described in the conversation log below:\n    \nPATIENT INFORMATION: A 28-year-old woman, gravida 1, para 0, at 24 weeks' gestation comes to the physician for a prenatal visit.\nCONVERSATION LOG:\nNone\nQUESTION: The hormone responsible for the observed laboratory changes most likely increases glucose transport into which of the following types of cells?\nOPTIONS: A: Spermatocytes, B: Islet cells, C: Adipocytes, D: Placental cells\nYOUR TASK: Given the information so far, if you are confident to pick an option correctly and factually, respond with the letter choice and NOTHING ELSE. Otherwise, if you are not confident to pick an option and need more information, ask ONE SPECIFIC ATOMIC QUESTION to the patient. The question should be bite-sized, NOT ask for too much at once, and NOT repeat what has already been asked. In this case, respond with the atomic question and NOTHING ELSE."}]
[2026-04-22 22:47:53,346] [INFO] [ABSTENTION RESPONSE]: B


[2026-04-22 22:47:53,346] [INFO] [IMPLICIT ABSTAIN RETURN]: abstain: False, confidence: 1.0, letter_choice: B, usage: {'input_tokens': 293, 'output_tokens': 3}, atomic_question: None

[2026-04-22 22:47:53,346] [INFO] [Expert System]: {'type': 'choice', 'question': None, 'letter_choice': 'B', 'confidence': 1.0, 'usage': {'input_tokens': 293, 'output_tokens': 3}}
[2026-04-22 22:47:53,346] [INFO] |||||||||||||||||||| Interaction ended for patient #134 | Predicted: B | GT: C | Correct: False ||||||||||||||||||||



[2026-04-22 22:47:53,347] [INFO] |||||||||||||||||||| PATIENT #135 | GT: C (Consuming meats cooked over a campfire) ||||||||||||||||||||
[2026-04-22 22:47:53,347] [INFO] ==================== Turn 1 ====================
[2026-04-22 22:47:53,347] [INFO] ++++++++++++++++++++ Start of Implicit Abstention [expert_basics.py:expert_response_choice_or_question()] ++++++++++++++++++++
[2026-04-22 22:47:53,347] [INFO] [<IMPLICIT ABSTAIN PROMPT>] [len(messages)=2] (messages[-1]):
A patient comes into the clinic presenting with a symptom as described in the conversation log below:
    
PATIENT INFORMATION: A 27-year-old woman presents to the emergency department with weakness of her legs which has progressed to an inability for her to stand.
CONVERSATION LOG:
None
QUESTION: Which of the following risk factors is associated with the most likely diagnosis?
OPTIONS: A: Female sex living in a Northern latitude, B: Hiking in tick-infested woods, C: Consuming meats cooked over a campfire, D: Central cervical spine trauma
YOUR TASK: Given the information so far, if you are confident to pick an option correctly and factually, respond with the letter choice and NOTHING ELSE. Otherwise, if you are not confident to pick an option and need more information, ask ONE SPECIFIC ATOMIC QUESTION to the patient. The question should be bite-sized, NOT ask for too much at once, and NOT repeat what has already been asked. In this case, respond with the atomic question and NOTHING ELSE.
[2026-04-22 22:47:53,347] [INFO] -------------------- Self-Consistency Iteration 1 --------------------
[2026-04-22 22:47:53,520] [INFO] [<IMPLICIT ABSTAIN LM RES>]: B

[2026-04-22 22:47:53,520] [INFO] [<IMPLICIT ABSTAIN PARSED>]: B
[2026-04-22 22:47:53,520] [INFO] [<IMPLICIT ABSTAIN RETURN>]: atomic_question: None, final_answer: B, conf_score: 1.0 ([1 : 0])
[2026-04-22 22:47:53,520] [INFO] [ABSTENTION PROMPT]: [{'role': 'system', 'content': 'You are a medical doctor trying to reason through a real-life clinical case. Based on your understanding of basic and clinical science, medical knowledge, and mechanisms underlying health, disease, patient care, and modes of therapy, respond according to the task specified by the user. Base your response on the current and standard practices referenced in medical guidelines.'}, {'role': 'user', 'content': 'A patient comes into the clinic presenting with a symptom as described in the conversation log below:\n    \nPATIENT INFORMATION: A 27-year-old woman presents to the emergency department with weakness of her legs which has progressed to an inability for her to stand.\nCONVERSATION LOG:\nNone\nQUESTION: Which of the following risk factors is associated with the most likely diagnosis?\nOPTIONS: A: Female sex living in a Northern latitude, B: Hiking in tick-infested woods, C: Consuming meats cooked over a campfire, D: Central cervical spine trauma\nYOUR TASK: Given the information so far, if you are confident to pick an option correctly and factually, respond with the letter choice and NOTHING ELSE. Otherwise, if you are not confident to pick an option and need more information, ask ONE SPECIFIC ATOMIC QUESTION to the patient. The question should be bite-sized, NOT ask for too much at once, and NOT repeat what has already been asked. In this case, respond with the atomic question and NOTHING ELSE.'}]
[2026-04-22 22:47:53,520] [INFO] [ABSTENTION RESPONSE]: B


[2026-04-22 22:47:53,520] [INFO] [IMPLICIT ABSTAIN RETURN]: abstain: False, confidence: 1.0, letter_choice: B, usage: {'input_tokens': 293, 'output_tokens': 3}, atomic_question: None

[2026-04-22 22:47:53,520] [INFO] [Expert System]: {'type': 'choice', 'question': None, 'letter_choice': 'B', 'confidence': 1.0, 'usage': {'input_tokens': 293, 'output_tokens': 3}}
[2026-04-22 22:47:53,520] [INFO] |||||||||||||||||||| Interaction ended for patient #135 | Predicted: B | GT: C | Correct: False ||||||||||||||||||||



[2026-04-22 22:47:53,520] [INFO] |||||||||||||||||||| PATIENT #136 | GT: C (Oxaloacetate to malate) ||||||||||||||||||||
[2026-04-22 22:47:53,520] [INFO] ==================== Turn 1 ====================
[2026-04-22 22:47:53,520] [INFO] ++++++++++++++++++++ Start of Implicit Abstention [expert_basics.py:expert_response_choice_or_question()] ++++++++++++++++++++
[2026-04-22 22:47:53,520] [INFO] [<IMPLICIT ABSTAIN PROMPT>] [len(messages)=2] (messages[-1]):
A patient comes into the clinic presenting with a symptom as described in the conversation log below:
    
PATIENT INFORMATION: An 18-year-old male presents to the emergency room smelling quite heavily of alcohol and is unconscious.
CONVERSATION LOG:
None
QUESTION: Which of the following reaction is favored under this condition?
OPTIONS: A: Pyruvate to acetyl-CoA, B: Citrate to isocitrate, C: Oxaloacetate to malate, D: Oxaloacetate to phosphoenolpyruvate
YOUR TASK: Given the information so far, if you are confident to pick an option correctly and factually, respond with the letter choice and NOTHING ELSE. Otherwise, if you are not confident to pick an option and need more information, ask ONE SPECIFIC ATOMIC QUESTION to the patient. The question should be bite-sized, NOT ask for too much at once, and NOT repeat what has already been asked. In this case, respond with the atomic question and NOTHING ELSE.
[2026-04-22 22:47:53,521] [INFO] -------------------- Self-Consistency Iteration 1 --------------------
[2026-04-22 22:47:53,693] [INFO] [<IMPLICIT ABSTAIN LM RES>]: A

[2026-04-22 22:47:53,693] [INFO] [<IMPLICIT ABSTAIN PARSED>]: A
[2026-04-22 22:47:53,693] [INFO] [<IMPLICIT ABSTAIN RETURN>]: atomic_question: None, final_answer: A, conf_score: 1.0 ([1 : 0])
[2026-04-22 22:47:53,693] [INFO] [ABSTENTION PROMPT]: [{'role': 'system', 'content': 'You are a medical doctor trying to reason through a real-life clinical case. Based on your understanding of basic and clinical science, medical knowledge, and mechanisms underlying health, disease, patient care, and modes of therapy, respond according to the task specified by the user. Base your response on the current and standard practices referenced in medical guidelines.'}, {'role': 'user', 'content': 'A patient comes into the clinic presenting with a symptom as described in the conversation log below:\n    \nPATIENT INFORMATION: An 18-year-old male presents to the emergency room smelling quite heavily of alcohol and is unconscious.\nCONVERSATION LOG:\nNone\nQUESTION: Which of the following reaction is favored under this condition?\nOPTIONS: A: Pyruvate to acetyl-CoA, B: Citrate to isocitrate, C: Oxaloacetate to malate, D: Oxaloacetate to phosphoenolpyruvate\nYOUR TASK: Given the information so far, if you are confident to pick an option correctly and factually, respond with the letter choice and NOTHING ELSE. Otherwise, if you are not confident to pick an option and need more information, ask ONE SPECIFIC ATOMIC QUESTION to the patient. The question should be bite-sized, NOT ask for too much at once, and NOT repeat what has already been asked. In this case, respond with the atomic question and NOTHING ELSE.'}]
[2026-04-22 22:47:53,693] [INFO] [ABSTENTION RESPONSE]: A


[2026-04-22 22:47:53,693] [INFO] [IMPLICIT ABSTAIN RETURN]: abstain: False, confidence: 1.0, letter_choice: A, usage: {'input_tokens': 286, 'output_tokens': 3}, atomic_question: None

[2026-04-22 22:47:53,693] [INFO] [Expert System]: {'type': 'choice', 'question': None, 'letter_choice': 'A', 'confidence': 1.0, 'usage': {'input_tokens': 286, 'output_tokens': 3}}
[2026-04-22 22:47:53,693] [INFO] |||||||||||||||||||| Interaction ended for patient #136 | Predicted: A | GT: C | Correct: False ||||||||||||||||||||



[2026-04-22 22:47:53,693] [INFO] |||||||||||||||||||| PATIENT #137 | GT: B (Administer isoniazid) ||||||||||||||||||||
[2026-04-22 22:47:53,693] [INFO] ==================== Turn 1 ====================
[2026-04-22 22:47:53,693] [INFO] ++++++++++++++++++++ Start of Implicit Abstention [expert_basics.py:expert_response_choice_or_question()] ++++++++++++++++++++
[2026-04-22 22:47:53,693] [INFO] [<IMPLICIT ABSTAIN PROMPT>] [len(messages)=2] (messages[-1]):
A patient comes into the clinic presenting with a symptom as described in the conversation log below:
    
PATIENT INFORMATION: A previously healthy 7-year-old girl is brought to the physician for a well-child examination.
CONVERSATION LOG:
None
QUESTION: Which of the following is the most appropriate next step in management?"
OPTIONS: A: Perform acid-fast stain on induced sputum, B: Administer isoniazid, C: Perform tuberculin skin test, D: Administer isoniazid, rifampin, ethambutol and pyrazinamide
YOUR TASK: Given the information so far, if you are confident to pick an option correctly and factually, respond with the letter choice and NOTHING ELSE. Otherwise, if you are not confident to pick an option and need more information, ask ONE SPECIFIC ATOMIC QUESTION to the patient. The question should be bite-sized, NOT ask for too much at once, and NOT repeat what has already been asked. In this case, respond with the atomic question and NOTHING ELSE.
[2026-04-22 22:47:53,693] [INFO] -------------------- Self-Consistency Iteration 1 --------------------
[2026-04-22 22:47:53,865] [INFO] [<IMPLICIT ABSTAIN LM RES>]: C

[2026-04-22 22:47:53,865] [INFO] [<IMPLICIT ABSTAIN PARSED>]: C
[2026-04-22 22:47:53,865] [INFO] [<IMPLICIT ABSTAIN RETURN>]: atomic_question: None, final_answer: C, conf_score: 1.0 ([1 : 0])
[2026-04-22 22:47:53,865] [INFO] [ABSTENTION PROMPT]: [{'role': 'system', 'content': 'You are a medical doctor trying to reason through a real-life clinical case. Based on your understanding of basic and clinical science, medical knowledge, and mechanisms underlying health, disease, patient care, and modes of therapy, respond according to the task specified by the user. Base your response on the current and standard practices referenced in medical guidelines.'}, {'role': 'user', 'content': 'A patient comes into the clinic presenting with a symptom as described in the conversation log below:\n    \nPATIENT INFORMATION: A previously healthy 7-year-old girl is brought to the physician for a well-child examination.\nCONVERSATION LOG:\nNone\nQUESTION: Which of the following is the most appropriate next step in management?"\nOPTIONS: A: Perform acid-fast stain on induced sputum, B: Administer isoniazid, C: Perform tuberculin skin test, D: Administer isoniazid, rifampin, ethambutol and pyrazinamide\nYOUR TASK: Given the information so far, if you are confident to pick an option correctly and factually, respond with the letter choice and NOTHING ELSE. Otherwise, if you are not confident to pick an option and need more information, ask ONE SPECIFIC ATOMIC QUESTION to the patient. The question should be bite-sized, NOT ask for too much at once, and NOT repeat what has already been asked. In this case, respond with the atomic question and NOTHING ELSE.'}]
[2026-04-22 22:47:53,865] [INFO] [ABSTENTION RESPONSE]: C


[2026-04-22 22:47:53,865] [INFO] [IMPLICIT ABSTAIN RETURN]: abstain: False, confidence: 1.0, letter_choice: C, usage: {'input_tokens': 292, 'output_tokens': 3}, atomic_question: None

[2026-04-22 22:47:53,865] [INFO] [Expert System]: {'type': 'choice', 'question': None, 'letter_choice': 'C', 'confidence': 1.0, 'usage': {'input_tokens': 292, 'output_tokens': 3}}
[2026-04-22 22:47:53,865] [INFO] |||||||||||||||||||| Interaction ended for patient #137 | Predicted: C | GT: B | Correct: False ||||||||||||||||||||



[2026-04-22 22:47:53,866] [INFO] |||||||||||||||||||| PATIENT #138 | GT: D (High-quality afterschool programming for low-income 8-year-olds may correlate with decreased ADHD risk in adults.
") ||||||||||||||||||||
[2026-04-22 22:47:53,866] [INFO] ==================== Turn 1 ====================
[2026-04-22 22:47:53,866] [INFO] ++++++++++++++++++++ Start of Implicit Abstention [expert_basics.py:expert_response_choice_or_question()] ++++++++++++++++++++
[2026-04-22 22:47:53,866] [INFO] [<IMPLICIT ABSTAIN PROMPT>] [len(messages)=2] (messages[-1]):
A patient comes into the clinic presenting with a symptom as described in the conversation log below:
    
PATIENT INFORMATION: Please refer to the summary above to answer this question | An 8-year-old boy is brought to the physician by his mother for a well-child examination at a clinic for low-income residents.
CONVERSATION LOG:
None
QUESTION: Based on the study results, which of the following statements best addresses the mother's question?"
OPTIONS: A: The patient's family history of psychiatric illness prevents any conclusions from being drawn from the study., B: High-quality afterschool programming for low-income 8-year-olds may correlate with decreased bipolar disorder risk in adults., C: High-quality afterschool programming should be free of charge for low-income children to improve adult mental health., D: High-quality afterschool programming for low-income 8-year-olds may correlate with decreased ADHD risk in adults.
"
YOUR TASK: Given the information so far, if you are confident to pick an option correctly and factually, respond with the letter choice and NOTHING ELSE. Otherwise, if you are not confident to pick an option and need more information, ask ONE SPECIFIC ATOMIC QUESTION to the patient. The question should be bite-sized, NOT ask for too much at once, and NOT repeat what has already been asked. In this case, respond with the atomic question and NOTHING ELSE.
[2026-04-22 22:47:53,866] [INFO] -------------------- Self-Consistency Iteration 1 --------------------
[2026-04-22 22:47:54,039] [INFO] [<IMPLICIT ABSTAIN LM RES>]: B

[2026-04-22 22:47:54,039] [INFO] [<IMPLICIT ABSTAIN PARSED>]: B
[2026-04-22 22:47:54,039] [INFO] [<IMPLICIT ABSTAIN RETURN>]: atomic_question: None, final_answer: B, conf_score: 1.0 ([1 : 0])
[2026-04-22 22:47:54,039] [INFO] [ABSTENTION PROMPT]: [{'role': 'system', 'content': 'You are a medical doctor trying to reason through a real-life clinical case. Based on your understanding of basic and clinical science, medical knowledge, and mechanisms underlying health, disease, patient care, and modes of therapy, respond according to the task specified by the user. Base your response on the current and standard practices referenced in medical guidelines.'}, {'role': 'user', 'content': 'A patient comes into the clinic presenting with a symptom as described in the conversation log below:\n    \nPATIENT INFORMATION: Please refer to the summary above to answer this question | An 8-year-old boy is brought to the physician by his mother for a well-child examination at a clinic for low-income residents.\nCONVERSATION LOG:\nNone\nQUESTION: Based on the study results, which of the following statements best addresses the mother\'s question?"\nOPTIONS: A: The patient\'s family history of psychiatric illness prevents any conclusions from being drawn from the study., B: High-quality afterschool programming for low-income 8-year-olds may correlate with decreased bipolar disorder risk in adults., C: High-quality afterschool programming should be free of charge for low-income children to improve adult mental health., D: High-quality afterschool programming for low-income 8-year-olds may correlate with decreased ADHD risk in adults.\n"\nYOUR TASK: Given the information so far, if you are confident to pick an option correctly and factually, respond with the letter choice and NOTHING ELSE. Otherwise, if you are not confident to pick an option and need more information, ask ONE SPECIFIC ATOMIC QUESTION to the patient. The question should be bite-sized, NOT ask for too much at once, and NOT repeat what has already been asked. In this case, respond with the atomic question and NOTHING ELSE.'}]
[2026-04-22 22:47:54,039] [INFO] [ABSTENTION RESPONSE]: B


[2026-04-22 22:47:54,039] [INFO] [IMPLICIT ABSTAIN RETURN]: abstain: False, confidence: 1.0, letter_choice: B, usage: {'input_tokens': 377, 'output_tokens': 3}, atomic_question: None

[2026-04-22 22:47:54,039] [INFO] [Expert System]: {'type': 'choice', 'question': None, 'letter_choice': 'B', 'confidence': 1.0, 'usage': {'input_tokens': 377, 'output_tokens': 3}}
[2026-04-22 22:47:54,039] [INFO] |||||||||||||||||||| Interaction ended for patient #138 | Predicted: B | GT: D | Correct: False ||||||||||||||||||||



[2026-04-22 22:47:54,040] [INFO] |||||||||||||||||||| PATIENT #139 | GT: A (Infertility) ||||||||||||||||||||
[2026-04-22 22:47:54,040] [INFO] ==================== Turn 1 ====================
[2026-04-22 22:47:54,040] [INFO] ++++++++++++++++++++ Start of Implicit Abstention [expert_basics.py:expert_response_choice_or_question()] ++++++++++++++++++++
[2026-04-22 22:47:54,040] [INFO] [<IMPLICIT ABSTAIN PROMPT>] [len(messages)=2] (messages[-1]):
A patient comes into the clinic presenting with a symptom as described in the conversation log below:
    
PATIENT INFORMATION: Two days after delivery, a 2450-g (5-lb 6-oz) male newborn has three episodes of green vomitus.
CONVERSATION LOG:
None
QUESTION: Which of the following is the child most likely to develop?
OPTIONS: A: Infertility, B: Alzheimer's disease, C: Asthma, D: Necrotizing enterocolitis
YOUR TASK: Given the information so far, if you are confident to pick an option correctly and factually, respond with the letter choice and NOTHING ELSE. Otherwise, if you are not confident to pick an option and need more information, ask ONE SPECIFIC ATOMIC QUESTION to the patient. The question should be bite-sized, NOT ask for too much at once, and NOT repeat what has already been asked. In this case, respond with the atomic question and NOTHING ELSE.
[2026-04-22 22:47:54,040] [INFO] -------------------- Self-Consistency Iteration 1 --------------------
[2026-04-22 22:47:54,213] [INFO] [<IMPLICIT ABSTAIN LM RES>]: D

[2026-04-22 22:47:54,213] [INFO] [<IMPLICIT ABSTAIN PARSED>]: D
[2026-04-22 22:47:54,213] [INFO] [<IMPLICIT ABSTAIN RETURN>]: atomic_question: None, final_answer: D, conf_score: 1.0 ([1 : 0])
[2026-04-22 22:47:54,213] [INFO] [ABSTENTION PROMPT]: [{'role': 'system', 'content': 'You are a medical doctor trying to reason through a real-life clinical case. Based on your understanding of basic and clinical science, medical knowledge, and mechanisms underlying health, disease, patient care, and modes of therapy, respond according to the task specified by the user. Base your response on the current and standard practices referenced in medical guidelines.'}, {'role': 'user', 'content': "A patient comes into the clinic presenting with a symptom as described in the conversation log below:\n    \nPATIENT INFORMATION: Two days after delivery, a 2450-g (5-lb 6-oz) male newborn has three episodes of green vomitus.\nCONVERSATION LOG:\nNone\nQUESTION: Which of the following is the child most likely to develop?\nOPTIONS: A: Infertility, B: Alzheimer's disease, C: Asthma, D: Necrotizing enterocolitis\nYOUR TASK: Given the information so far, if you are confident to pick an option correctly and factually, respond with the letter choice and NOTHING ELSE. Otherwise, if you are not confident to pick an option and need more information, ask ONE SPECIFIC ATOMIC QUESTION to the patient. The question should be bite-sized, NOT ask for too much at once, and NOT repeat what has already been asked. In this case, respond with the atomic question and NOTHING ELSE."}]
[2026-04-22 22:47:54,213] [INFO] [ABSTENTION RESPONSE]: D


[2026-04-22 22:47:54,213] [INFO] [IMPLICIT ABSTAIN RETURN]: abstain: False, confidence: 1.0, letter_choice: D, usage: {'input_tokens': 283, 'output_tokens': 3}, atomic_question: None

[2026-04-22 22:47:54,213] [INFO] [Expert System]: {'type': 'choice', 'question': None, 'letter_choice': 'D', 'confidence': 1.0, 'usage': {'input_tokens': 283, 'output_tokens': 3}}
[2026-04-22 22:47:54,213] [INFO] |||||||||||||||||||| Interaction ended for patient #139 | Predicted: D | GT: A | Correct: False ||||||||||||||||||||



[2026-04-22 22:47:54,213] [INFO] |||||||||||||||||||| PATIENT #140 | GT: B (Antibiotic use) ||||||||||||||||||||
[2026-04-22 22:47:54,213] [INFO] ==================== Turn 1 ====================
[2026-04-22 22:47:54,213] [INFO] ++++++++++++++++++++ Start of Implicit Abstention [expert_basics.py:expert_response_choice_or_question()] ++++++++++++++++++++
[2026-04-22 22:47:54,213] [INFO] [<IMPLICIT ABSTAIN PROMPT>] [len(messages)=2] (messages[-1]):
A patient comes into the clinic presenting with a symptom as described in the conversation log below:
    
PATIENT INFORMATION: A 6-week-old boy is brought to see his pediatrician.
CONVERSATION LOG:
None
QUESTION: Which of the following is most likely a cause of this baby’s symptoms?
OPTIONS: A: Deficiency of nitric oxide synthase, B: Antibiotic use, C: Inadequate myenteric plexus innervation, D: Telescoping of the proximal bowel into a distal segment
YOUR TASK: Given the information so far, if you are confident to pick an option correctly and factually, respond with the letter choice and NOTHING ELSE. Otherwise, if you are not confident to pick an option and need more information, ask ONE SPECIFIC ATOMIC QUESTION to the patient. The question should be bite-sized, NOT ask for too much at once, and NOT repeat what has already been asked. In this case, respond with the atomic question and NOTHING ELSE.
[2026-04-22 22:47:54,213] [INFO] -------------------- Self-Consistency Iteration 1 --------------------
[2026-04-22 22:47:54,386] [INFO] [<IMPLICIT ABSTAIN LM RES>]: C

[2026-04-22 22:47:54,386] [INFO] [<IMPLICIT ABSTAIN PARSED>]: C
[2026-04-22 22:47:54,386] [INFO] [<IMPLICIT ABSTAIN RETURN>]: atomic_question: None, final_answer: C, conf_score: 1.0 ([1 : 0])
[2026-04-22 22:47:54,386] [INFO] [ABSTENTION PROMPT]: [{'role': 'system', 'content': 'You are a medical doctor trying to reason through a real-life clinical case. Based on your understanding of basic and clinical science, medical knowledge, and mechanisms underlying health, disease, patient care, and modes of therapy, respond according to the task specified by the user. Base your response on the current and standard practices referenced in medical guidelines.'}, {'role': 'user', 'content': 'A patient comes into the clinic presenting with a symptom as described in the conversation log below:\n    \nPATIENT INFORMATION: A 6-week-old boy is brought to see his pediatrician.\nCONVERSATION LOG:\nNone\nQUESTION: Which of the following is most likely a cause of this baby’s symptoms?\nOPTIONS: A: Deficiency of nitric oxide synthase, B: Antibiotic use, C: Inadequate myenteric plexus innervation, D: Telescoping of the proximal bowel into a distal segment\nYOUR TASK: Given the information so far, if you are confident to pick an option correctly and factually, respond with the letter choice and NOTHING ELSE. Otherwise, if you are not confident to pick an option and need more information, ask ONE SPECIFIC ATOMIC QUESTION to the patient. The question should be bite-sized, NOT ask for too much at once, and NOT repeat what has already been asked. In this case, respond with the atomic question and NOTHING ELSE.'}]
[2026-04-22 22:47:54,386] [INFO] [ABSTENTION RESPONSE]: C


[2026-04-22 22:47:54,386] [INFO] [IMPLICIT ABSTAIN RETURN]: abstain: False, confidence: 1.0, letter_choice: C, usage: {'input_tokens': 281, 'output_tokens': 3}, atomic_question: None

[2026-04-22 22:47:54,386] [INFO] [Expert System]: {'type': 'choice', 'question': None, 'letter_choice': 'C', 'confidence': 1.0, 'usage': {'input_tokens': 281, 'output_tokens': 3}}
[2026-04-22 22:47:54,386] [INFO] |||||||||||||||||||| Interaction ended for patient #140 | Predicted: C | GT: B | Correct: False ||||||||||||||||||||



[2026-04-22 22:47:54,386] [INFO] |||||||||||||||||||| PATIENT #141 | GT: D (Lung rheumatoid nodules) ||||||||||||||||||||
[2026-04-22 22:47:54,386] [INFO] ==================== Turn 1 ====================
[2026-04-22 22:47:54,386] [INFO] ++++++++++++++++++++ Start of Implicit Abstention [expert_basics.py:expert_response_choice_or_question()] ++++++++++++++++++++
[2026-04-22 22:47:54,386] [INFO] [<IMPLICIT ABSTAIN PROMPT>] [len(messages)=2] (messages[-1]):
A patient comes into the clinic presenting with a symptom as described in the conversation log below:
    
PATIENT INFORMATION: A 67-year-old man presents to his primary care physician because he has been feeling increasingly short of breath.
CONVERSATION LOG:
None
QUESTION: Which of the following is most likely associated with the cause of this patient's symptoms?
OPTIONS: A: Increased risk of lung cancer, B: Increased risk of tuberculosis, C: Mesothelioma, D: Lung rheumatoid nodules
YOUR TASK: Given the information so far, if you are confident to pick an option correctly and factually, respond with the letter choice and NOTHING ELSE. Otherwise, if you are not confident to pick an option and need more information, ask ONE SPECIFIC ATOMIC QUESTION to the patient. The question should be bite-sized, NOT ask for too much at once, and NOT repeat what has already been asked. In this case, respond with the atomic question and NOTHING ELSE.
[2026-04-22 22:47:54,386] [INFO] -------------------- Self-Consistency Iteration 1 --------------------
[2026-04-22 22:47:57,044] [INFO] [<IMPLICIT ABSTAIN LM RES>]: Given the patient's age (67) and presenting symptom (shortness of breath), the most likely cause is a pulmonary issue. While all the options are possibilities, the patient's age makes certain conditions more probable than others.

I am not confident enough to choose an option based on this information alone.

What is the patient's smoking history?

[2026-04-22 22:47:57,044] [INFO] [<IMPLICIT ABSTAIN PARSED>]: What is the patients smoking history?
[2026-04-22 22:47:57,044] [INFO] [<IMPLICIT ABSTAIN RETURN>]: atomic_question: What is the patients smoking history?, final_answer: None, conf_score: 0.0 ([0 : 1])
[2026-04-22 22:47:57,044] [INFO] [ABSTENTION PROMPT]: [{'role': 'system', 'content': 'You are a medical doctor trying to reason through a real-life clinical case. Based on your understanding of basic and clinical science, medical knowledge, and mechanisms underlying health, disease, patient care, and modes of therapy, respond according to the task specified by the user. Base your response on the current and standard practices referenced in medical guidelines.'}, {'role': 'user', 'content': "A patient comes into the clinic presenting with a symptom as described in the conversation log below:\n    \nPATIENT INFORMATION: A 67-year-old man presents to his primary care physician because he has been feeling increasingly short of breath.\nCONVERSATION LOG:\nNone\nQUESTION: Which of the following is most likely associated with the cause of this patient's symptoms?\nOPTIONS: A: Increased risk of lung cancer, B: Increased risk of tuberculosis, C: Mesothelioma, D: Lung rheumatoid nodules\nYOUR TASK: Given the information so far, if you are confident to pick an option correctly and factually, respond with the letter choice and NOTHING ELSE. Otherwise, if you are not confident to pick an option and need more information, ask ONE SPECIFIC ATOMIC QUESTION to the patient. The question should be bite-sized, NOT ask for too much at once, and NOT repeat what has already been asked. In this case, respond with the atomic question and NOTHING ELSE."}]
[2026-04-22 22:47:57,044] [INFO] [ABSTENTION RESPONSE]: Given the patient's age (67) and presenting symptom (shortness of breath), the most likely cause is a pulmonary issue. While all the options are possibilities, the patient's age makes certain conditions more probable than others.

I am not confident enough to choose an option based on this information alone.

What is the patient's smoking history?


[2026-04-22 22:47:57,044] [INFO] ++++++++++++++++++++ Start of Multiple Chocie Decision [expert_basics.py:expert_response_choice()] ++++++++++++++++++++
[2026-04-22 22:47:57,044] [INFO] [<CHOICE PROMPT>] [len(messages)=2] (messages[-1]):
A patient comes into the clinic presenting with a symptom as described in the conversation log below:
    
PATIENT INFORMATION: A 67-year-old man presents to his primary care physician because he has been feeling increasingly short of breath.
CONVERSATION LOG:
None
QUESTION: Which of the following is most likely associated with the cause of this patient's symptoms?
OPTIONS: A: Increased risk of lung cancer, B: Increased risk of tuberculosis, C: Mesothelioma, D: Lung rheumatoid nodules
YOUR TASK: Assume that you already have enough information from the above question-answer pairs to answer the patient inquiry, use the above information to produce a factual conclusion. Respond with the correct letter choice (A, B, C, or D) and NOTHING ELSE.
LETTER CHOICE: 
[2026-04-22 22:47:57,221] [INFO] [<CHOICE LM RES>]: A

[2026-04-22 22:47:57,221] [INFO] [<CHOICE PARSED>]: A
[2026-04-22 22:47:57,221] [INFO] [IMPLICIT ABSTAIN RETURN]: abstain: True, confidence: 0.0, letter_choice: A, usage: {'input_tokens': 525, 'output_tokens': 79}, atomic_question: What is the patients smoking history?

[2026-04-22 22:47:57,221] [INFO] [Expert System]: {'type': 'question', 'question': 'What is the patients smoking history?', 'letter_choice': 'A', 'confidence': 0.0, 'usage': {'input_tokens': 525, 'output_tokens': 79}}
[2026-04-22 22:47:57,876] [INFO] [Patient System]: The patient cannot answer this question, please do not ask this question again.

[2026-04-22 22:47:57,876] [INFO] ==================== Turn 2 ====================
[2026-04-22 22:47:57,876] [INFO] ++++++++++++++++++++ Start of Implicit Abstention [expert_basics.py:expert_response_choice_or_question()] ++++++++++++++++++++
[2026-04-22 22:47:57,876] [INFO] [<IMPLICIT ABSTAIN PROMPT>] [len(messages)=2] (messages[-1]):
A patient comes into the clinic presenting with a symptom as described in the conversation log below:
    
PATIENT INFORMATION: A 67-year-old man presents to his primary care physician because he has been feeling increasingly short of breath.
CONVERSATION LOG:
Doctor Question: What is the patients smoking history?
Patient Response: The patient cannot answer this question, please do not ask this question again.

QUESTION: Which of the following is most likely associated with the cause of this patient's symptoms?
OPTIONS: A: Increased risk of lung cancer, B: Increased risk of tuberculosis, C: Mesothelioma, D: Lung rheumatoid nodules
YOUR TASK: Given the information so far, if you are confident to pick an option correctly and factually, respond with the letter choice and NOTHING ELSE. Otherwise, if you are not confident to pick an option and need more information, ask ONE SPECIFIC ATOMIC QUESTION to the patient. The question should be bite-sized, NOT ask for too much at once, and NOT repeat what has already been asked. In this case, respond with the atomic question and NOTHING ELSE.
[2026-04-22 22:47:57,876] [INFO] -------------------- Self-Consistency Iteration 1 --------------------
[2026-04-22 22:47:58,052] [INFO] [<IMPLICIT ABSTAIN LM RES>]: A

[2026-04-22 22:47:58,052] [INFO] [<IMPLICIT ABSTAIN PARSED>]: A
[2026-04-22 22:47:58,052] [INFO] [<IMPLICIT ABSTAIN RETURN>]: atomic_question: None, final_answer: A, conf_score: 1.0 ([1 : 0])
[2026-04-22 22:47:58,052] [INFO] [ABSTENTION PROMPT]: [{'role': 'system', 'content': 'You are a medical doctor trying to reason through a real-life clinical case. Based on your understanding of basic and clinical science, medical knowledge, and mechanisms underlying health, disease, patient care, and modes of therapy, respond according to the task specified by the user. Base your response on the current and standard practices referenced in medical guidelines.'}, {'role': 'user', 'content': "A patient comes into the clinic presenting with a symptom as described in the conversation log below:\n    \nPATIENT INFORMATION: A 67-year-old man presents to his primary care physician because he has been feeling increasingly short of breath.\nCONVERSATION LOG:\nDoctor Question: What is the patients smoking history?\nPatient Response: The patient cannot answer this question, please do not ask this question again.\n\nQUESTION: Which of the following is most likely associated with the cause of this patient's symptoms?\nOPTIONS: A: Increased risk of lung cancer, B: Increased risk of tuberculosis, C: Mesothelioma, D: Lung rheumatoid nodules\nYOUR TASK: Given the information so far, if you are confident to pick an option correctly and factually, respond with the letter choice and NOTHING ELSE. Otherwise, if you are not confident to pick an option and need more information, ask ONE SPECIFIC ATOMIC QUESTION to the patient. The question should be bite-sized, NOT ask for too much at once, and NOT repeat what has already been asked. In this case, respond with the atomic question and NOTHING ELSE."}]
[2026-04-22 22:47:58,052] [INFO] [ABSTENTION RESPONSE]: A


[2026-04-22 22:47:58,052] [INFO] [IMPLICIT ABSTAIN RETURN]: abstain: False, confidence: 1.0, letter_choice: A, usage: {'input_tokens': 310, 'output_tokens': 3}, atomic_question: None

[2026-04-22 22:47:58,053] [INFO] [Expert System]: {'type': 'choice', 'question': None, 'letter_choice': 'A', 'confidence': 1.0, 'usage': {'input_tokens': 310, 'output_tokens': 3}}
[2026-04-22 22:47:58,053] [INFO] |||||||||||||||||||| Interaction ended for patient #141 | Predicted: A | GT: D | Correct: False ||||||||||||||||||||



[2026-04-22 22:47:58,053] [INFO] |||||||||||||||||||| PATIENT #142 | GT: D (Squamous cell carcinoma) ||||||||||||||||||||
[2026-04-22 22:47:58,053] [INFO] ==================== Turn 1 ====================
[2026-04-22 22:47:58,053] [INFO] ++++++++++++++++++++ Start of Implicit Abstention [expert_basics.py:expert_response_choice_or_question()] ++++++++++++++++++++
[2026-04-22 22:47:58,053] [INFO] [<IMPLICIT ABSTAIN PROMPT>] [len(messages)=2] (messages[-1]):
A patient comes into the clinic presenting with a symptom as described in the conversation log below:
    
PATIENT INFORMATION: A 75-year-old woman is brought to the emergency department because of vomiting, abdominal pain, and constipation for the past 2 days.
CONVERSATION LOG:
None
QUESTION: Which of the following is the most likely cause of this patient’s recent condition?
OPTIONS: A: Adenocarcinoma, B: Bronchoalveolar carcinoma, C: Large-cell carcinoma, D: Squamous cell carcinoma
YOUR TASK: Given the information so far, if you are confident to pick an option correctly and factually, respond with the letter choice and NOTHING ELSE. Otherwise, if you are not confident to pick an option and need more information, ask ONE SPECIFIC ATOMIC QUESTION to the patient. The question should be bite-sized, NOT ask for too much at once, and NOT repeat what has already been asked. In this case, respond with the atomic question and NOTHING ELSE.
[2026-04-22 22:47:58,053] [INFO] -------------------- Self-Consistency Iteration 1 --------------------
[2026-04-22 22:47:59,622] [INFO] [<IMPLICIT ABSTAIN LM RES>]: I am not confident in selecting the most likely cause of this patient's condition based on the provided information.

What is the patient's medical history, specifically any history of cancer or gastrointestinal issues?

[2026-04-22 22:47:59,622] [INFO] [<IMPLICIT ABSTAIN PARSED>]: What is the patients medical history, specifically any history of cancer or gastrointestinal issues?
[2026-04-22 22:47:59,622] [INFO] [<IMPLICIT ABSTAIN RETURN>]: atomic_question: What is the patients medical history, specifically any history of cancer or gastrointestinal issues?, final_answer: None, conf_score: 0.0 ([0 : 1])
[2026-04-22 22:47:59,622] [INFO] [ABSTENTION PROMPT]: [{'role': 'system', 'content': 'You are a medical doctor trying to reason through a real-life clinical case. Based on your understanding of basic and clinical science, medical knowledge, and mechanisms underlying health, disease, patient care, and modes of therapy, respond according to the task specified by the user. Base your response on the current and standard practices referenced in medical guidelines.'}, {'role': 'user', 'content': 'A patient comes into the clinic presenting with a symptom as described in the conversation log below:\n    \nPATIENT INFORMATION: A 75-year-old woman is brought to the emergency department because of vomiting, abdominal pain, and constipation for the past 2 days.\nCONVERSATION LOG:\nNone\nQUESTION: Which of the following is the most likely cause of this patient’s recent condition?\nOPTIONS: A: Adenocarcinoma, B: Bronchoalveolar carcinoma, C: Large-cell carcinoma, D: Squamous cell carcinoma\nYOUR TASK: Given the information so far, if you are confident to pick an option correctly and factually, respond with the letter choice and NOTHING ELSE. Otherwise, if you are not confident to pick an option and need more information, ask ONE SPECIFIC ATOMIC QUESTION to the patient. The question should be bite-sized, NOT ask for too much at once, and NOT repeat what has already been asked. In this case, respond with the atomic question and NOTHING ELSE.'}]
[2026-04-22 22:47:59,622] [INFO] [ABSTENTION RESPONSE]: I am not confident in selecting the most likely cause of this patient's condition based on the provided information.

What is the patient's medical history, specifically any history of cancer or gastrointestinal issues?


[2026-04-22 22:47:59,622] [INFO] ++++++++++++++++++++ Start of Multiple Chocie Decision [expert_basics.py:expert_response_choice()] ++++++++++++++++++++
[2026-04-22 22:47:59,622] [INFO] [<CHOICE PROMPT>] [len(messages)=2] (messages[-1]):
A patient comes into the clinic presenting with a symptom as described in the conversation log below:
    
PATIENT INFORMATION: A 75-year-old woman is brought to the emergency department because of vomiting, abdominal pain, and constipation for the past 2 days.
CONVERSATION LOG:
None
QUESTION: Which of the following is the most likely cause of this patient’s recent condition?
OPTIONS: A: Adenocarcinoma, B: Bronchoalveolar carcinoma, C: Large-cell carcinoma, D: Squamous cell carcinoma
YOUR TASK: Assume that you already have enough information from the above question-answer pairs to answer the patient inquiry, use the above information to produce a factual conclusion. Respond with the correct letter choice (A, B, C, or D) and NOTHING ELSE.
LETTER CHOICE: 
[2026-04-22 22:47:59,800] [INFO] [<CHOICE LM RES>]: A

[2026-04-22 22:47:59,800] [INFO] [<CHOICE PARSED>]: A
[2026-04-22 22:47:59,800] [INFO] [IMPLICIT ABSTAIN RETURN]: abstain: True, confidence: 0.0, letter_choice: A, usage: {'input_tokens': 537, 'output_tokens': 47}, atomic_question: What is the patients medical history, specifically any history of cancer or gastrointestinal issues?

[2026-04-22 22:47:59,800] [INFO] [Expert System]: {'type': 'question', 'question': 'What is the patients medical history, specifically any history of cancer or gastrointestinal issues?', 'letter_choice': 'A', 'confidence': 0.0, 'usage': {'input_tokens': 537, 'output_tokens': 47}}
[2026-04-22 22:48:00,279] [INFO] [Patient System]: 3. She has no significant past medical history.

[2026-04-22 22:48:00,279] [INFO] ==================== Turn 2 ====================
[2026-04-22 22:48:00,279] [INFO] ++++++++++++++++++++ Start of Implicit Abstention [expert_basics.py:expert_response_choice_or_question()] ++++++++++++++++++++
[2026-04-22 22:48:00,279] [INFO] [<IMPLICIT ABSTAIN PROMPT>] [len(messages)=2] (messages[-1]):
A patient comes into the clinic presenting with a symptom as described in the conversation log below:
    
PATIENT INFORMATION: A 75-year-old woman is brought to the emergency department because of vomiting, abdominal pain, and constipation for the past 2 days.
CONVERSATION LOG:
Doctor Question: What is the patients medical history, specifically any history of cancer or gastrointestinal issues?
Patient Response: 3. She has no significant past medical history.

QUESTION: Which of the following is the most likely cause of this patient’s recent condition?
OPTIONS: A: Adenocarcinoma, B: Bronchoalveolar carcinoma, C: Large-cell carcinoma, D: Squamous cell carcinoma
YOUR TASK: Given the information so far, if you are confident to pick an option correctly and factually, respond with the letter choice and NOTHING ELSE. Otherwise, if you are not confident to pick an option and need more information, ask ONE SPECIFIC ATOMIC QUESTION to the patient. The question should be bite-sized, NOT ask for too much at once, and NOT repeat what has already been asked. In this case, respond with the atomic question and NOTHING ELSE.
[2026-04-22 22:48:00,279] [INFO] -------------------- Self-Consistency Iteration 1 --------------------
[2026-04-22 22:48:00,454] [INFO] [<IMPLICIT ABSTAIN LM RES>]: A

[2026-04-22 22:48:00,455] [INFO] [<IMPLICIT ABSTAIN PARSED>]: A
[2026-04-22 22:48:00,455] [INFO] [<IMPLICIT ABSTAIN RETURN>]: atomic_question: None, final_answer: A, conf_score: 1.0 ([1 : 0])
[2026-04-22 22:48:00,455] [INFO] [ABSTENTION PROMPT]: [{'role': 'system', 'content': 'You are a medical doctor trying to reason through a real-life clinical case. Based on your understanding of basic and clinical science, medical knowledge, and mechanisms underlying health, disease, patient care, and modes of therapy, respond according to the task specified by the user. Base your response on the current and standard practices referenced in medical guidelines.'}, {'role': 'user', 'content': 'A patient comes into the clinic presenting with a symptom as described in the conversation log below:\n    \nPATIENT INFORMATION: A 75-year-old woman is brought to the emergency department because of vomiting, abdominal pain, and constipation for the past 2 days.\nCONVERSATION LOG:\nDoctor Question: What is the patients medical history, specifically any history of cancer or gastrointestinal issues?\nPatient Response: 3. She has no significant past medical history.\n\nQUESTION: Which of the following is the most likely cause of this patient’s recent condition?\nOPTIONS: A: Adenocarcinoma, B: Bronchoalveolar carcinoma, C: Large-cell carcinoma, D: Squamous cell carcinoma\nYOUR TASK: Given the information so far, if you are confident to pick an option correctly and factually, respond with the letter choice and NOTHING ELSE. Otherwise, if you are not confident to pick an option and need more information, ask ONE SPECIFIC ATOMIC QUESTION to the patient. The question should be bite-sized, NOT ask for too much at once, and NOT repeat what has already been asked. In this case, respond with the atomic question and NOTHING ELSE.'}]
[2026-04-22 22:48:00,455] [INFO] [ABSTENTION RESPONSE]: A


[2026-04-22 22:48:00,455] [INFO] [IMPLICIT ABSTAIN RETURN]: abstain: False, confidence: 1.0, letter_choice: A, usage: {'input_tokens': 322, 'output_tokens': 3}, atomic_question: None

[2026-04-22 22:48:00,455] [INFO] [Expert System]: {'type': 'choice', 'question': None, 'letter_choice': 'A', 'confidence': 1.0, 'usage': {'input_tokens': 322, 'output_tokens': 3}}
[2026-04-22 22:48:00,455] [INFO] |||||||||||||||||||| Interaction ended for patient #142 | Predicted: A | GT: D | Correct: False ||||||||||||||||||||



[2026-04-22 22:48:00,455] [INFO] |||||||||||||||||||| PATIENT #143 | GT: A (Adenylate cyclase) ||||||||||||||||||||
[2026-04-22 22:48:00,455] [INFO] ==================== Turn 1 ====================
[2026-04-22 22:48:00,455] [INFO] ++++++++++++++++++++ Start of Implicit Abstention [expert_basics.py:expert_response_choice_or_question()] ++++++++++++++++++++
[2026-04-22 22:48:00,455] [INFO] [<IMPLICIT ABSTAIN PROMPT>] [len(messages)=2] (messages[-1]):
A patient comes into the clinic presenting with a symptom as described in the conversation log below:
    
PATIENT INFORMATION: A 23-year-old woman comes to the physician because of a painless lesion on the arm that first appeared 5 days after she visited a petting zoo.
CONVERSATION LOG:
None
QUESTION: The virulence factor responsible for the edema seen in this patient has a mechanism of action similar to which of the following enzymes?
OPTIONS: A: Adenylate cyclase, B: Catalase, C: Guanylate cyclase, D: SNARE protein
YOUR TASK: Given the information so far, if you are confident to pick an option correctly and factually, respond with the letter choice and NOTHING ELSE. Otherwise, if you are not confident to pick an option and need more information, ask ONE SPECIFIC ATOMIC QUESTION to the patient. The question should be bite-sized, NOT ask for too much at once, and NOT repeat what has already been asked. In this case, respond with the atomic question and NOTHING ELSE.
[2026-04-22 22:48:00,455] [INFO] -------------------- Self-Consistency Iteration 1 --------------------
[2026-04-22 22:48:00,629] [INFO] [<IMPLICIT ABSTAIN LM RES>]: A

[2026-04-22 22:48:00,629] [INFO] [<IMPLICIT ABSTAIN PARSED>]: A
[2026-04-22 22:48:00,629] [INFO] [<IMPLICIT ABSTAIN RETURN>]: atomic_question: None, final_answer: A, conf_score: 1.0 ([1 : 0])
[2026-04-22 22:48:00,629] [INFO] [ABSTENTION PROMPT]: [{'role': 'system', 'content': 'You are a medical doctor trying to reason through a real-life clinical case. Based on your understanding of basic and clinical science, medical knowledge, and mechanisms underlying health, disease, patient care, and modes of therapy, respond according to the task specified by the user. Base your response on the current and standard practices referenced in medical guidelines.'}, {'role': 'user', 'content': 'A patient comes into the clinic presenting with a symptom as described in the conversation log below:\n    \nPATIENT INFORMATION: A 23-year-old woman comes to the physician because of a painless lesion on the arm that first appeared 5 days after she visited a petting zoo.\nCONVERSATION LOG:\nNone\nQUESTION: The virulence factor responsible for the edema seen in this patient has a mechanism of action similar to which of the following enzymes?\nOPTIONS: A: Adenylate cyclase, B: Catalase, C: Guanylate cyclase, D: SNARE protein\nYOUR TASK: Given the information so far, if you are confident to pick an option correctly and factually, respond with the letter choice and NOTHING ELSE. Otherwise, if you are not confident to pick an option and need more information, ask ONE SPECIFIC ATOMIC QUESTION to the patient. The question should be bite-sized, NOT ask for too much at once, and NOT repeat what has already been asked. In this case, respond with the atomic question and NOTHING ELSE.'}]
[2026-04-22 22:48:00,629] [INFO] [ABSTENTION RESPONSE]: A


[2026-04-22 22:48:00,629] [INFO] [IMPLICIT ABSTAIN RETURN]: abstain: False, confidence: 1.0, letter_choice: A, usage: {'input_tokens': 295, 'output_tokens': 3}, atomic_question: None

[2026-04-22 22:48:00,629] [INFO] [Expert System]: {'type': 'choice', 'question': None, 'letter_choice': 'A', 'confidence': 1.0, 'usage': {'input_tokens': 295, 'output_tokens': 3}}
[2026-04-22 22:48:00,629] [INFO] |||||||||||||||||||| Interaction ended for patient #143 | Predicted: A | GT: A | Correct: True ||||||||||||||||||||



[2026-04-22 22:48:00,629] [INFO] |||||||||||||||||||| PATIENT #144 | GT: C (Protein C) ||||||||||||||||||||
[2026-04-22 22:48:00,629] [INFO] ==================== Turn 1 ====================
[2026-04-22 22:48:00,629] [INFO] ++++++++++++++++++++ Start of Implicit Abstention [expert_basics.py:expert_response_choice_or_question()] ++++++++++++++++++++
[2026-04-22 22:48:00,629] [INFO] [<IMPLICIT ABSTAIN PROMPT>] [len(messages)=2] (messages[-1]):
A patient comes into the clinic presenting with a symptom as described in the conversation log below:
    
PATIENT INFORMATION: A 54-year-old man with a history of hypertension presents 6 days after being admitted for new-onset atrial fibrillation with the rapid ventricular rate with a painful lesion on his left leg.
CONVERSATION LOG:
None
QUESTION: A genetic defect, in which of the following proteins is most likely responsible for this patient’s condition?
OPTIONS: A: Factor V, B: Factor XII, C: Protein C, D: Factor VIII
YOUR TASK: Given the information so far, if you are confident to pick an option correctly and factually, respond with the letter choice and NOTHING ELSE. Otherwise, if you are not confident to pick an option and need more information, ask ONE SPECIFIC ATOMIC QUESTION to the patient. The question should be bite-sized, NOT ask for too much at once, and NOT repeat what has already been asked. In this case, respond with the atomic question and NOTHING ELSE.
[2026-04-22 22:48:00,629] [INFO] -------------------- Self-Consistency Iteration 1 --------------------
[2026-04-22 22:48:00,803] [INFO] [<IMPLICIT ABSTAIN LM RES>]: C

[2026-04-22 22:48:00,803] [INFO] [<IMPLICIT ABSTAIN PARSED>]: C
[2026-04-22 22:48:00,803] [INFO] [<IMPLICIT ABSTAIN RETURN>]: atomic_question: None, final_answer: C, conf_score: 1.0 ([1 : 0])
[2026-04-22 22:48:00,803] [INFO] [ABSTENTION PROMPT]: [{'role': 'system', 'content': 'You are a medical doctor trying to reason through a real-life clinical case. Based on your understanding of basic and clinical science, medical knowledge, and mechanisms underlying health, disease, patient care, and modes of therapy, respond according to the task specified by the user. Base your response on the current and standard practices referenced in medical guidelines.'}, {'role': 'user', 'content': 'A patient comes into the clinic presenting with a symptom as described in the conversation log below:\n    \nPATIENT INFORMATION: A 54-year-old man with a history of hypertension presents 6 days after being admitted for new-onset atrial fibrillation with the rapid ventricular rate with a painful lesion on his left leg.\nCONVERSATION LOG:\nNone\nQUESTION: A genetic defect, in which of the following proteins is most likely responsible for this patient’s condition?\nOPTIONS: A: Factor V, B: Factor XII, C: Protein C, D: Factor VIII\nYOUR TASK: Given the information so far, if you are confident to pick an option correctly and factually, respond with the letter choice and NOTHING ELSE. Otherwise, if you are not confident to pick an option and need more information, ask ONE SPECIFIC ATOMIC QUESTION to the patient. The question should be bite-sized, NOT ask for too much at once, and NOT repeat what has already been asked. In this case, respond with the atomic question and NOTHING ELSE.'}]
[2026-04-22 22:48:00,803] [INFO] [ABSTENTION RESPONSE]: C


[2026-04-22 22:48:00,803] [INFO] [IMPLICIT ABSTAIN RETURN]: abstain: False, confidence: 1.0, letter_choice: C, usage: {'input_tokens': 295, 'output_tokens': 3}, atomic_question: None

[2026-04-22 22:48:00,803] [INFO] [Expert System]: {'type': 'choice', 'question': None, 'letter_choice': 'C', 'confidence': 1.0, 'usage': {'input_tokens': 295, 'output_tokens': 3}}
[2026-04-22 22:48:00,803] [INFO] |||||||||||||||||||| Interaction ended for patient #144 | Predicted: C | GT: C | Correct: True ||||||||||||||||||||



[2026-04-22 22:48:00,804] [INFO] |||||||||||||||||||| PATIENT #145 | GT: B (Hemidesmosomes) ||||||||||||||||||||
[2026-04-22 22:48:00,804] [INFO] ==================== Turn 1 ====================
[2026-04-22 22:48:00,804] [INFO] ++++++++++++++++++++ Start of Implicit Abstention [expert_basics.py:expert_response_choice_or_question()] ++++++++++++++++++++
[2026-04-22 22:48:00,804] [INFO] [<IMPLICIT ABSTAIN PROMPT>] [len(messages)=2] (messages[-1]):
A patient comes into the clinic presenting with a symptom as described in the conversation log below:
    
PATIENT INFORMATION: A 35-year-old patient presents to the dermatologist with a new skin rash.
CONVERSATION LOG:
None
QUESTION: The patient’s condition is most likely caused by antibodies against which of the following compounds?
OPTIONS: A: Desmoglein, B: Hemidesmosomes, C: Double-stranded DNA, D: U1 ribonucleotide polypeptide
YOUR TASK: Given the information so far, if you are confident to pick an option correctly and factually, respond with the letter choice and NOTHING ELSE. Otherwise, if you are not confident to pick an option and need more information, ask ONE SPECIFIC ATOMIC QUESTION to the patient. The question should be bite-sized, NOT ask for too much at once, and NOT repeat what has already been asked. In this case, respond with the atomic question and NOTHING ELSE.
[2026-04-22 22:48:00,804] [INFO] -------------------- Self-Consistency Iteration 1 --------------------
[2026-04-22 22:48:00,977] [INFO] [<IMPLICIT ABSTAIN LM RES>]: A

[2026-04-22 22:48:00,977] [INFO] [<IMPLICIT ABSTAIN PARSED>]: A
[2026-04-22 22:48:00,977] [INFO] [<IMPLICIT ABSTAIN RETURN>]: atomic_question: None, final_answer: A, conf_score: 1.0 ([1 : 0])
[2026-04-22 22:48:00,977] [INFO] [ABSTENTION PROMPT]: [{'role': 'system', 'content': 'You are a medical doctor trying to reason through a real-life clinical case. Based on your understanding of basic and clinical science, medical knowledge, and mechanisms underlying health, disease, patient care, and modes of therapy, respond according to the task specified by the user. Base your response on the current and standard practices referenced in medical guidelines.'}, {'role': 'user', 'content': 'A patient comes into the clinic presenting with a symptom as described in the conversation log below:\n    \nPATIENT INFORMATION: A 35-year-old patient presents to the dermatologist with a new skin rash.\nCONVERSATION LOG:\nNone\nQUESTION: The patient’s condition is most likely caused by antibodies against which of the following compounds?\nOPTIONS: A: Desmoglein, B: Hemidesmosomes, C: Double-stranded DNA, D: U1 ribonucleotide polypeptide\nYOUR TASK: Given the information so far, if you are confident to pick an option correctly and factually, respond with the letter choice and NOTHING ELSE. Otherwise, if you are not confident to pick an option and need more information, ask ONE SPECIFIC ATOMIC QUESTION to the patient. The question should be bite-sized, NOT ask for too much at once, and NOT repeat what has already been asked. In this case, respond with the atomic question and NOTHING ELSE.'}]
[2026-04-22 22:48:00,977] [INFO] [ABSTENTION RESPONSE]: A


[2026-04-22 22:48:00,977] [INFO] [IMPLICIT ABSTAIN RETURN]: abstain: False, confidence: 1.0, letter_choice: A, usage: {'input_tokens': 279, 'output_tokens': 3}, atomic_question: None

[2026-04-22 22:48:00,977] [INFO] [Expert System]: {'type': 'choice', 'question': None, 'letter_choice': 'A', 'confidence': 1.0, 'usage': {'input_tokens': 279, 'output_tokens': 3}}
[2026-04-22 22:48:00,977] [INFO] |||||||||||||||||||| Interaction ended for patient #145 | Predicted: A | GT: B | Correct: False ||||||||||||||||||||



[2026-04-22 22:48:00,978] [INFO] |||||||||||||||||||| PATIENT #146 | GT: B (Biopsy of cardiac tissue) ||||||||||||||||||||
[2026-04-22 22:48:00,978] [INFO] ==================== Turn 1 ====================
[2026-04-22 22:48:00,978] [INFO] ++++++++++++++++++++ Start of Implicit Abstention [expert_basics.py:expert_response_choice_or_question()] ++++++++++++++++++++
[2026-04-22 22:48:00,978] [INFO] [<IMPLICIT ABSTAIN PROMPT>] [len(messages)=2] (messages[-1]):
A patient comes into the clinic presenting with a symptom as described in the conversation log below:
    
PATIENT INFORMATION: A 59-year-old woman presents to the emergency department because of shortness of breath.
CONVERSATION LOG:
None
QUESTION: Which of the following confirmatory tests is most appropriate?
OPTIONS: A: Pulmonary function test, B: Biopsy of cardiac tissue, C: Chest X-ray, D: No further testing required
YOUR TASK: Given the information so far, if you are confident to pick an option correctly and factually, respond with the letter choice and NOTHING ELSE. Otherwise, if you are not confident to pick an option and need more information, ask ONE SPECIFIC ATOMIC QUESTION to the patient. The question should be bite-sized, NOT ask for too much at once, and NOT repeat what has already been asked. In this case, respond with the atomic question and NOTHING ELSE.
[2026-04-22 22:48:00,978] [INFO] -------------------- Self-Consistency Iteration 1 --------------------
[2026-04-22 22:48:01,155] [INFO] [<IMPLICIT ABSTAIN LM RES>]: C

[2026-04-22 22:48:01,155] [INFO] [<IMPLICIT ABSTAIN PARSED>]: C
[2026-04-22 22:48:01,155] [INFO] [<IMPLICIT ABSTAIN RETURN>]: atomic_question: None, final_answer: C, conf_score: 1.0 ([1 : 0])
[2026-04-22 22:48:01,155] [INFO] [ABSTENTION PROMPT]: [{'role': 'system', 'content': 'You are a medical doctor trying to reason through a real-life clinical case. Based on your understanding of basic and clinical science, medical knowledge, and mechanisms underlying health, disease, patient care, and modes of therapy, respond according to the task specified by the user. Base your response on the current and standard practices referenced in medical guidelines.'}, {'role': 'user', 'content': 'A patient comes into the clinic presenting with a symptom as described in the conversation log below:\n    \nPATIENT INFORMATION: A 59-year-old woman presents to the emergency department because of shortness of breath.\nCONVERSATION LOG:\nNone\nQUESTION: Which of the following confirmatory tests is most appropriate?\nOPTIONS: A: Pulmonary function test, B: Biopsy of cardiac tissue, C: Chest X-ray, D: No further testing required\nYOUR TASK: Given the information so far, if you are confident to pick an option correctly and factually, respond with the letter choice and NOTHING ELSE. Otherwise, if you are not confident to pick an option and need more information, ask ONE SPECIFIC ATOMIC QUESTION to the patient. The question should be bite-sized, NOT ask for too much at once, and NOT repeat what has already been asked. In this case, respond with the atomic question and NOTHING ELSE.'}]
[2026-04-22 22:48:01,155] [INFO] [ABSTENTION RESPONSE]: C


[2026-04-22 22:48:01,155] [INFO] [IMPLICIT ABSTAIN RETURN]: abstain: False, confidence: 1.0, letter_choice: C, usage: {'input_tokens': 272, 'output_tokens': 3}, atomic_question: None

[2026-04-22 22:48:01,155] [INFO] [Expert System]: {'type': 'choice', 'question': None, 'letter_choice': 'C', 'confidence': 1.0, 'usage': {'input_tokens': 272, 'output_tokens': 3}}
[2026-04-22 22:48:01,156] [INFO] |||||||||||||||||||| Interaction ended for patient #146 | Predicted: C | GT: B | Correct: False ||||||||||||||||||||



[2026-04-22 22:48:01,156] [INFO] |||||||||||||||||||| PATIENT #147 | GT: B (Acute bacterial rhinosinusitis) ||||||||||||||||||||
[2026-04-22 22:48:01,156] [INFO] ==================== Turn 1 ====================
[2026-04-22 22:48:01,156] [INFO] ++++++++++++++++++++ Start of Implicit Abstention [expert_basics.py:expert_response_choice_or_question()] ++++++++++++++++++++
[2026-04-22 22:48:01,156] [INFO] [<IMPLICIT ABSTAIN PROMPT>] [len(messages)=2] (messages[-1]):
A patient comes into the clinic presenting with a symptom as described in the conversation log below:
    
PATIENT INFORMATION: A 30-year-old previously healthy male presents to your office with complaints of facial pressure and rhinorrhea for the past 3 weeks.
CONVERSATION LOG:
None
QUESTION: What is the most likely diagnosis?
OPTIONS: A: Acute viral rhinosinusitis, B: Acute bacterial rhinosinusitis, C: Allergic rhinitis, D: Chronic rhinosinusitis
YOUR TASK: Given the information so far, if you are confident to pick an option correctly and factually, respond with the letter choice and NOTHING ELSE. Otherwise, if you are not confident to pick an option and need more information, ask ONE SPECIFIC ATOMIC QUESTION to the patient. The question should be bite-sized, NOT ask for too much at once, and NOT repeat what has already been asked. In this case, respond with the atomic question and NOTHING ELSE.
[2026-04-22 22:48:01,156] [INFO] -------------------- Self-Consistency Iteration 1 --------------------
[2026-04-22 22:48:01,330] [INFO] [<IMPLICIT ABSTAIN LM RES>]: A

[2026-04-22 22:48:01,330] [INFO] [<IMPLICIT ABSTAIN PARSED>]: A
[2026-04-22 22:48:01,330] [INFO] [<IMPLICIT ABSTAIN RETURN>]: atomic_question: None, final_answer: A, conf_score: 1.0 ([1 : 0])
[2026-04-22 22:48:01,330] [INFO] [ABSTENTION PROMPT]: [{'role': 'system', 'content': 'You are a medical doctor trying to reason through a real-life clinical case. Based on your understanding of basic and clinical science, medical knowledge, and mechanisms underlying health, disease, patient care, and modes of therapy, respond according to the task specified by the user. Base your response on the current and standard practices referenced in medical guidelines.'}, {'role': 'user', 'content': 'A patient comes into the clinic presenting with a symptom as described in the conversation log below:\n    \nPATIENT INFORMATION: A 30-year-old previously healthy male presents to your office with complaints of facial pressure and rhinorrhea for the past 3 weeks.\nCONVERSATION LOG:\nNone\nQUESTION: What is the most likely diagnosis?\nOPTIONS: A: Acute viral rhinosinusitis, B: Acute bacterial rhinosinusitis, C: Allergic rhinitis, D: Chronic rhinosinusitis\nYOUR TASK: Given the information so far, if you are confident to pick an option correctly and factually, respond with the letter choice and NOTHING ELSE. Otherwise, if you are not confident to pick an option and need more information, ask ONE SPECIFIC ATOMIC QUESTION to the patient. The question should be bite-sized, NOT ask for too much at once, and NOT repeat what has already been asked. In this case, respond with the atomic question and NOTHING ELSE.'}]
[2026-04-22 22:48:01,330] [INFO] [ABSTENTION RESPONSE]: A


[2026-04-22 22:48:01,330] [INFO] [IMPLICIT ABSTAIN RETURN]: abstain: False, confidence: 1.0, letter_choice: A, usage: {'input_tokens': 283, 'output_tokens': 3}, atomic_question: None

[2026-04-22 22:48:01,330] [INFO] [Expert System]: {'type': 'choice', 'question': None, 'letter_choice': 'A', 'confidence': 1.0, 'usage': {'input_tokens': 283, 'output_tokens': 3}}
[2026-04-22 22:48:01,330] [INFO] |||||||||||||||||||| Interaction ended for patient #147 | Predicted: A | GT: B | Correct: False ||||||||||||||||||||



[2026-04-22 22:48:01,330] [INFO] |||||||||||||||||||| PATIENT #148 | GT: C (Median nerve) ||||||||||||||||||||
[2026-04-22 22:48:01,330] [INFO] ==================== Turn 1 ====================
[2026-04-22 22:48:01,330] [INFO] ++++++++++++++++++++ Start of Implicit Abstention [expert_basics.py:expert_response_choice_or_question()] ++++++++++++++++++++
[2026-04-22 22:48:01,330] [INFO] [<IMPLICIT ABSTAIN PROMPT>] [len(messages)=2] (messages[-1]):
A patient comes into the clinic presenting with a symptom as described in the conversation log below:
    
PATIENT INFORMATION: A 25-year-old man is brought to the emergency department 30 minutes after he was involved in a motorcycle collision.
CONVERSATION LOG:
None
QUESTION: Based on these findings, which of the following nerves is most likely injured in this patient?
OPTIONS: A: Posterior interosseous nerve, B: Axillary nerve, C: Median nerve, D: Ulnar nerve
YOUR TASK: Given the information so far, if you are confident to pick an option correctly and factually, respond with the letter choice and NOTHING ELSE. Otherwise, if you are not confident to pick an option and need more information, ask ONE SPECIFIC ATOMIC QUESTION to the patient. The question should be bite-sized, NOT ask for too much at once, and NOT repeat what has already been asked. In this case, respond with the atomic question and NOTHING ELSE.
[2026-04-22 22:48:01,330] [INFO] -------------------- Self-Consistency Iteration 1 --------------------
[2026-04-22 22:48:01,504] [INFO] [<IMPLICIT ABSTAIN LM RES>]: A

[2026-04-22 22:48:01,504] [INFO] [<IMPLICIT ABSTAIN PARSED>]: A
[2026-04-22 22:48:01,504] [INFO] [<IMPLICIT ABSTAIN RETURN>]: atomic_question: None, final_answer: A, conf_score: 1.0 ([1 : 0])
[2026-04-22 22:48:01,504] [INFO] [ABSTENTION PROMPT]: [{'role': 'system', 'content': 'You are a medical doctor trying to reason through a real-life clinical case. Based on your understanding of basic and clinical science, medical knowledge, and mechanisms underlying health, disease, patient care, and modes of therapy, respond according to the task specified by the user. Base your response on the current and standard practices referenced in medical guidelines.'}, {'role': 'user', 'content': 'A patient comes into the clinic presenting with a symptom as described in the conversation log below:\n    \nPATIENT INFORMATION: A 25-year-old man is brought to the emergency department 30 minutes after he was involved in a motorcycle collision.\nCONVERSATION LOG:\nNone\nQUESTION: Based on these findings, which of the following nerves is most likely injured in this patient?\nOPTIONS: A: Posterior interosseous nerve, B: Axillary nerve, C: Median nerve, D: Ulnar nerve\nYOUR TASK: Given the information so far, if you are confident to pick an option correctly and factually, respond with the letter choice and NOTHING ELSE. Otherwise, if you are not confident to pick an option and need more information, ask ONE SPECIFIC ATOMIC QUESTION to the patient. The question should be bite-sized, NOT ask for too much at once, and NOT repeat what has already been asked. In this case, respond with the atomic question and NOTHING ELSE.'}]
[2026-04-22 22:48:01,504] [INFO] [ABSTENTION RESPONSE]: A


[2026-04-22 22:48:01,504] [INFO] [IMPLICIT ABSTAIN RETURN]: abstain: False, confidence: 1.0, letter_choice: A, usage: {'input_tokens': 285, 'output_tokens': 3}, atomic_question: None

[2026-04-22 22:48:01,504] [INFO] [Expert System]: {'type': 'choice', 'question': None, 'letter_choice': 'A', 'confidence': 1.0, 'usage': {'input_tokens': 285, 'output_tokens': 3}}
[2026-04-22 22:48:01,504] [INFO] |||||||||||||||||||| Interaction ended for patient #148 | Predicted: A | GT: C | Correct: False ||||||||||||||||||||



[2026-04-22 22:48:01,504] [INFO] |||||||||||||||||||| PATIENT #149 | GT: B (Sigmoid colon) ||||||||||||||||||||
[2026-04-22 22:48:01,504] [INFO] ==================== Turn 1 ====================
[2026-04-22 22:48:01,505] [INFO] ++++++++++++++++++++ Start of Implicit Abstention [expert_basics.py:expert_response_choice_or_question()] ++++++++++++++++++++
[2026-04-22 22:48:01,505] [INFO] [<IMPLICIT ABSTAIN PROMPT>] [len(messages)=2] (messages[-1]):
A patient comes into the clinic presenting with a symptom as described in the conversation log below:
    
PATIENT INFORMATION: A 70-year-old man presents to the emergency department after several episodes of bloody stools that started 6 hours ago.
CONVERSATION LOG:
None
QUESTION: Which of the following is the most likely location of his intestinal bleeding?
OPTIONS: A: Ascending colon, B: Sigmoid colon, C: Stomach, D: Ileum
YOUR TASK: Given the information so far, if you are confident to pick an option correctly and factually, respond with the letter choice and NOTHING ELSE. Otherwise, if you are not confident to pick an option and need more information, ask ONE SPECIFIC ATOMIC QUESTION to the patient. The question should be bite-sized, NOT ask for too much at once, and NOT repeat what has already been asked. In this case, respond with the atomic question and NOTHING ELSE.
[2026-04-22 22:48:01,505] [INFO] -------------------- Self-Consistency Iteration 1 --------------------
[2026-04-22 22:48:01,677] [INFO] [<IMPLICIT ABSTAIN LM RES>]: A

[2026-04-22 22:48:01,677] [INFO] [<IMPLICIT ABSTAIN PARSED>]: A
[2026-04-22 22:48:01,677] [INFO] [<IMPLICIT ABSTAIN RETURN>]: atomic_question: None, final_answer: A, conf_score: 1.0 ([1 : 0])
[2026-04-22 22:48:01,677] [INFO] [ABSTENTION PROMPT]: [{'role': 'system', 'content': 'You are a medical doctor trying to reason through a real-life clinical case. Based on your understanding of basic and clinical science, medical knowledge, and mechanisms underlying health, disease, patient care, and modes of therapy, respond according to the task specified by the user. Base your response on the current and standard practices referenced in medical guidelines.'}, {'role': 'user', 'content': 'A patient comes into the clinic presenting with a symptom as described in the conversation log below:\n    \nPATIENT INFORMATION: A 70-year-old man presents to the emergency department after several episodes of bloody stools that started 6 hours ago.\nCONVERSATION LOG:\nNone\nQUESTION: Which of the following is the most likely location of his intestinal bleeding?\nOPTIONS: A: Ascending colon, B: Sigmoid colon, C: Stomach, D: Ileum\nYOUR TASK: Given the information so far, if you are confident to pick an option correctly and factually, respond with the letter choice and NOTHING ELSE. Otherwise, if you are not confident to pick an option and need more information, ask ONE SPECIFIC ATOMIC QUESTION to the patient. The question should be bite-sized, NOT ask for too much at once, and NOT repeat what has already been asked. In this case, respond with the atomic question and NOTHING ELSE.'}]
[2026-04-22 22:48:01,677] [INFO] [ABSTENTION RESPONSE]: A


[2026-04-22 22:48:01,677] [INFO] [IMPLICIT ABSTAIN RETURN]: abstain: False, confidence: 1.0, letter_choice: A, usage: {'input_tokens': 275, 'output_tokens': 3}, atomic_question: None

[2026-04-22 22:48:01,677] [INFO] [Expert System]: {'type': 'choice', 'question': None, 'letter_choice': 'A', 'confidence': 1.0, 'usage': {'input_tokens': 275, 'output_tokens': 3}}
[2026-04-22 22:48:01,677] [INFO] |||||||||||||||||||| Interaction ended for patient #149 | Predicted: A | GT: B | Correct: False ||||||||||||||||||||



[2026-04-22 22:48:01,677] [INFO] |||||||||||||||||||| PATIENT #150 | GT: D (Chronic bronchitis) ||||||||||||||||||||
[2026-04-22 22:48:01,677] [INFO] ==================== Turn 1 ====================
[2026-04-22 22:48:01,677] [INFO] ++++++++++++++++++++ Start of Implicit Abstention [expert_basics.py:expert_response_choice_or_question()] ++++++++++++++++++++
[2026-04-22 22:48:01,677] [INFO] [<IMPLICIT ABSTAIN PROMPT>] [len(messages)=2] (messages[-1]):
A patient comes into the clinic presenting with a symptom as described in the conversation log below:
    
PATIENT INFORMATION: A 48-year-old man comes to the physician because of a 4-month history of persistent cough productive of white phlegm.
CONVERSATION LOG:
None
QUESTION: Which of the following is the most likely diagnosis?
OPTIONS: A: Asbestosis, B: Hypersensitivity pneumonitis, C: Asthma, D: Chronic bronchitis
YOUR TASK: Given the information so far, if you are confident to pick an option correctly and factually, respond with the letter choice and NOTHING ELSE. Otherwise, if you are not confident to pick an option and need more information, ask ONE SPECIFIC ATOMIC QUESTION to the patient. The question should be bite-sized, NOT ask for too much at once, and NOT repeat what has already been asked. In this case, respond with the atomic question and NOTHING ELSE.
[2026-04-22 22:48:01,677] [INFO] -------------------- Self-Consistency Iteration 1 --------------------
[2026-04-22 22:48:01,851] [INFO] [<IMPLICIT ABSTAIN LM RES>]: D

[2026-04-22 22:48:01,851] [INFO] [<IMPLICIT ABSTAIN PARSED>]: D
[2026-04-22 22:48:01,851] [INFO] [<IMPLICIT ABSTAIN RETURN>]: atomic_question: None, final_answer: D, conf_score: 1.0 ([1 : 0])
[2026-04-22 22:48:01,851] [INFO] [ABSTENTION PROMPT]: [{'role': 'system', 'content': 'You are a medical doctor trying to reason through a real-life clinical case. Based on your understanding of basic and clinical science, medical knowledge, and mechanisms underlying health, disease, patient care, and modes of therapy, respond according to the task specified by the user. Base your response on the current and standard practices referenced in medical guidelines.'}, {'role': 'user', 'content': 'A patient comes into the clinic presenting with a symptom as described in the conversation log below:\n    \nPATIENT INFORMATION: A 48-year-old man comes to the physician because of a 4-month history of persistent cough productive of white phlegm.\nCONVERSATION LOG:\nNone\nQUESTION: Which of the following is the most likely diagnosis?\nOPTIONS: A: Asbestosis, B: Hypersensitivity pneumonitis, C: Asthma, D: Chronic bronchitis\nYOUR TASK: Given the information so far, if you are confident to pick an option correctly and factually, respond with the letter choice and NOTHING ELSE. Otherwise, if you are not confident to pick an option and need more information, ask ONE SPECIFIC ATOMIC QUESTION to the patient. The question should be bite-sized, NOT ask for too much at once, and NOT repeat what has already been asked. In this case, respond with the atomic question and NOTHING ELSE.'}]
[2026-04-22 22:48:01,851] [INFO] [ABSTENTION RESPONSE]: D


[2026-04-22 22:48:01,851] [INFO] [IMPLICIT ABSTAIN RETURN]: abstain: False, confidence: 1.0, letter_choice: D, usage: {'input_tokens': 277, 'output_tokens': 3}, atomic_question: None

[2026-04-22 22:48:01,851] [INFO] [Expert System]: {'type': 'choice', 'question': None, 'letter_choice': 'D', 'confidence': 1.0, 'usage': {'input_tokens': 277, 'output_tokens': 3}}
[2026-04-22 22:48:01,851] [INFO] |||||||||||||||||||| Interaction ended for patient #150 | Predicted: D | GT: D | Correct: True ||||||||||||||||||||



[2026-04-22 22:48:01,851] [INFO] |||||||||||||||||||| PATIENT #151 | GT: B (Alprazolam, reassurance, encouraging patient to slow breathing) ||||||||||||||||||||
[2026-04-22 22:48:01,851] [INFO] ==================== Turn 1 ====================
[2026-04-22 22:48:01,851] [INFO] ++++++++++++++++++++ Start of Implicit Abstention [expert_basics.py:expert_response_choice_or_question()] ++++++++++++++++++++
[2026-04-22 22:48:01,851] [INFO] [<IMPLICIT ABSTAIN PROMPT>] [len(messages)=2] (messages[-1]):
A patient comes into the clinic presenting with a symptom as described in the conversation log below:
    
PATIENT INFORMATION: A 26-year-old female with no significant past medical history presents to the emergency department complaining of chest pain.
CONVERSATION LOG:
None
QUESTION: What is the best immediate treatment for this patient?
OPTIONS: A: Morphine, oxygen, nitrogylcerin, aspirin, beta blockers, ACE inhibitor, and heparin, B: Alprazolam, reassurance, encouraging patient to slow breathing, C: Albuterol breathing treatment, D: Cognitive behavioral therapy
YOUR TASK: Given the information so far, if you are confident to pick an option correctly and factually, respond with the letter choice and NOTHING ELSE. Otherwise, if you are not confident to pick an option and need more information, ask ONE SPECIFIC ATOMIC QUESTION to the patient. The question should be bite-sized, NOT ask for too much at once, and NOT repeat what has already been asked. In this case, respond with the atomic question and NOTHING ELSE.
[2026-04-22 22:48:01,851] [INFO] -------------------- Self-Consistency Iteration 1 --------------------
[2026-04-22 22:48:02,026] [INFO] [<IMPLICIT ABSTAIN LM RES>]: A

[2026-04-22 22:48:02,026] [INFO] [<IMPLICIT ABSTAIN PARSED>]: A
[2026-04-22 22:48:02,026] [INFO] [<IMPLICIT ABSTAIN RETURN>]: atomic_question: None, final_answer: A, conf_score: 1.0 ([1 : 0])
[2026-04-22 22:48:02,026] [INFO] [ABSTENTION PROMPT]: [{'role': 'system', 'content': 'You are a medical doctor trying to reason through a real-life clinical case. Based on your understanding of basic and clinical science, medical knowledge, and mechanisms underlying health, disease, patient care, and modes of therapy, respond according to the task specified by the user. Base your response on the current and standard practices referenced in medical guidelines.'}, {'role': 'user', 'content': 'A patient comes into the clinic presenting with a symptom as described in the conversation log below:\n    \nPATIENT INFORMATION: A 26-year-old female with no significant past medical history presents to the emergency department complaining of chest pain.\nCONVERSATION LOG:\nNone\nQUESTION: What is the best immediate treatment for this patient?\nOPTIONS: A: Morphine, oxygen, nitrogylcerin, aspirin, beta blockers, ACE inhibitor, and heparin, B: Alprazolam, reassurance, encouraging patient to slow breathing, C: Albuterol breathing treatment, D: Cognitive behavioral therapy\nYOUR TASK: Given the information so far, if you are confident to pick an option correctly and factually, respond with the letter choice and NOTHING ELSE. Otherwise, if you are not confident to pick an option and need more information, ask ONE SPECIFIC ATOMIC QUESTION to the patient. The question should be bite-sized, NOT ask for too much at once, and NOT repeat what has already been asked. In this case, respond with the atomic question and NOTHING ELSE.'}]
[2026-04-22 22:48:02,026] [INFO] [ABSTENTION RESPONSE]: A


[2026-04-22 22:48:02,026] [INFO] [IMPLICIT ABSTAIN RETURN]: abstain: False, confidence: 1.0, letter_choice: A, usage: {'input_tokens': 299, 'output_tokens': 3}, atomic_question: None

[2026-04-22 22:48:02,026] [INFO] [Expert System]: {'type': 'choice', 'question': None, 'letter_choice': 'A', 'confidence': 1.0, 'usage': {'input_tokens': 299, 'output_tokens': 3}}
[2026-04-22 22:48:02,026] [INFO] |||||||||||||||||||| Interaction ended for patient #151 | Predicted: A | GT: B | Correct: False ||||||||||||||||||||



[2026-04-22 22:48:02,026] [INFO] |||||||||||||||||||| PATIENT #152 | GT: D ("""I understand your concern, but I am unable to provide information about this situation.""") ||||||||||||||||||||
[2026-04-22 22:48:02,026] [INFO] ==================== Turn 1 ====================
[2026-04-22 22:48:02,026] [INFO] ++++++++++++++++++++ Start of Implicit Abstention [expert_basics.py:expert_response_choice_or_question()] ++++++++++++++++++++
[2026-04-22 22:48:02,026] [INFO] [<IMPLICIT ABSTAIN PROMPT>] [len(messages)=2] (messages[-1]):
A patient comes into the clinic presenting with a symptom as described in the conversation log below:
    
PATIENT INFORMATION: A 36-year-old woman is brought to the emergency department by her sister 1 hour after she was found unconscious at home.
CONVERSATION LOG:
None
QUESTION: Which of the following responses by the treating physician is the most appropriate?
OPTIONS: A: """Why don't you go ahead and ask her directly? She is currently in the psychiatric ward.""", B: """Her urine toxicology screening was positive for alcohol, benzodiazepines, and barbiturates.""", C: """I'm not the right person to ask. Please ask her primary care physician.""", D: """I understand your concern, but I am unable to provide information about this situation."""
YOUR TASK: Given the information so far, if you are confident to pick an option correctly and factually, respond with the letter choice and NOTHING ELSE. Otherwise, if you are not confident to pick an option and need more information, ask ONE SPECIFIC ATOMIC QUESTION to the patient. The question should be bite-sized, NOT ask for too much at once, and NOT repeat what has already been asked. In this case, respond with the atomic question and NOTHING ELSE.
[2026-04-22 22:48:02,026] [INFO] -------------------- Self-Consistency Iteration 1 --------------------
[2026-04-22 22:48:02,206] [INFO] [<IMPLICIT ABSTAIN LM RES>]: B

[2026-04-22 22:48:02,206] [INFO] [<IMPLICIT ABSTAIN PARSED>]: B
[2026-04-22 22:48:02,206] [INFO] [<IMPLICIT ABSTAIN RETURN>]: atomic_question: None, final_answer: B, conf_score: 1.0 ([1 : 0])
[2026-04-22 22:48:02,206] [INFO] [ABSTENTION PROMPT]: [{'role': 'system', 'content': 'You are a medical doctor trying to reason through a real-life clinical case. Based on your understanding of basic and clinical science, medical knowledge, and mechanisms underlying health, disease, patient care, and modes of therapy, respond according to the task specified by the user. Base your response on the current and standard practices referenced in medical guidelines.'}, {'role': 'user', 'content': 'A patient comes into the clinic presenting with a symptom as described in the conversation log below:\n    \nPATIENT INFORMATION: A 36-year-old woman is brought to the emergency department by her sister 1 hour after she was found unconscious at home.\nCONVERSATION LOG:\nNone\nQUESTION: Which of the following responses by the treating physician is the most appropriate?\nOPTIONS: A: """Why don\'t you go ahead and ask her directly? She is currently in the psychiatric ward.""", B: """Her urine toxicology screening was positive for alcohol, benzodiazepines, and barbiturates.""", C: """I\'m not the right person to ask. Please ask her primary care physician.""", D: """I understand your concern, but I am unable to provide information about this situation."""\nYOUR TASK: Given the information so far, if you are confident to pick an option correctly and factually, respond with the letter choice and NOTHING ELSE. Otherwise, if you are not confident to pick an option and need more information, ask ONE SPECIFIC ATOMIC QUESTION to the patient. The question should be bite-sized, NOT ask for too much at once, and NOT repeat what has already been asked. In this case, respond with the atomic question and NOTHING ELSE.'}]
[2026-04-22 22:48:02,206] [INFO] [ABSTENTION RESPONSE]: B


[2026-04-22 22:48:02,206] [INFO] [IMPLICIT ABSTAIN RETURN]: abstain: False, confidence: 1.0, letter_choice: B, usage: {'input_tokens': 342, 'output_tokens': 3}, atomic_question: None

[2026-04-22 22:48:02,206] [INFO] [Expert System]: {'type': 'choice', 'question': None, 'letter_choice': 'B', 'confidence': 1.0, 'usage': {'input_tokens': 342, 'output_tokens': 3}}
[2026-04-22 22:48:02,206] [INFO] |||||||||||||||||||| Interaction ended for patient #152 | Predicted: B | GT: D | Correct: False ||||||||||||||||||||



[2026-04-22 22:48:02,206] [INFO] |||||||||||||||||||| PATIENT #153 | GT: C (Donor allogeneic MHC molecules are taken up by recipient APCs and processed into peptides, and then the peptides are presented by recipient MHC molecules to recipient T cells.) ||||||||||||||||||||
[2026-04-22 22:48:02,206] [INFO] ==================== Turn 1 ====================
[2026-04-22 22:48:02,206] [INFO] ++++++++++++++++++++ Start of Implicit Abstention [expert_basics.py:expert_response_choice_or_question()] ++++++++++++++++++++
[2026-04-22 22:48:02,206] [INFO] [<IMPLICIT ABSTAIN PROMPT>] [len(messages)=2] (messages[-1]):
A patient comes into the clinic presenting with a symptom as described in the conversation log below:
    
PATIENT INFORMATION: A 40-year-old man presents to a clinic for a regular follow-up.
CONVERSATION LOG:
None
QUESTION: Which of the following best describes the mechanism of rejection that happened in this patient?
OPTIONS: A: Donor allogeneic MHC molecules are taken up by recipient APCs and processed into peptides, and then the peptides are presented by recipient MHC molecules to donor T cells., B: Donor allogeneic MHC molecules are taken up by donor APCs and processed into peptides, and then the peptides are presented by unprocessed donor allogeneic MHC molecules to recipient T cells., C: Donor allogeneic MHC molecules are taken up by recipient APCs and processed into peptides, and then the peptides are presented by recipient MHC molecules to recipient T cells., D: Recipient MHC molecules are taken up by donor APCs and processed into peptides, and then the peptides are presented by donor allogeneic MHC molecules to recipient T cells.
YOUR TASK: Given the information so far, if you are confident to pick an option correctly and factually, respond with the letter choice and NOTHING ELSE. Otherwise, if you are not confident to pick an option and need more information, ask ONE SPECIFIC ATOMIC QUESTION to the patient. The question should be bite-sized, NOT ask for too much at once, and NOT repeat what has already been asked. In this case, respond with the atomic question and NOTHING ELSE.
[2026-04-22 22:48:02,206] [INFO] -------------------- Self-Consistency Iteration 1 --------------------
[2026-04-22 22:48:02,386] [INFO] [<IMPLICIT ABSTAIN LM RES>]: C

[2026-04-22 22:48:02,386] [INFO] [<IMPLICIT ABSTAIN PARSED>]: C
[2026-04-22 22:48:02,386] [INFO] [<IMPLICIT ABSTAIN RETURN>]: atomic_question: None, final_answer: C, conf_score: 1.0 ([1 : 0])
[2026-04-22 22:48:02,386] [INFO] [ABSTENTION PROMPT]: [{'role': 'system', 'content': 'You are a medical doctor trying to reason through a real-life clinical case. Based on your understanding of basic and clinical science, medical knowledge, and mechanisms underlying health, disease, patient care, and modes of therapy, respond according to the task specified by the user. Base your response on the current and standard practices referenced in medical guidelines.'}, {'role': 'user', 'content': 'A patient comes into the clinic presenting with a symptom as described in the conversation log below:\n    \nPATIENT INFORMATION: A 40-year-old man presents to a clinic for a regular follow-up.\nCONVERSATION LOG:\nNone\nQUESTION: Which of the following best describes the mechanism of rejection that happened in this patient?\nOPTIONS: A: Donor allogeneic MHC molecules are taken up by recipient APCs and processed into peptides, and then the peptides are presented by recipient MHC molecules to donor T cells., B: Donor allogeneic MHC molecules are taken up by donor APCs and processed into peptides, and then the peptides are presented by unprocessed donor allogeneic MHC molecules to recipient T cells., C: Donor allogeneic MHC molecules are taken up by recipient APCs and processed into peptides, and then the peptides are presented by recipient MHC molecules to recipient T cells., D: Recipient MHC molecules are taken up by donor APCs and processed into peptides, and then the peptides are presented by donor allogeneic MHC molecules to recipient T cells.\nYOUR TASK: Given the information so far, if you are confident to pick an option correctly and factually, respond with the letter choice and NOTHING ELSE. Otherwise, if you are not confident to pick an option and need more information, ask ONE SPECIFIC ATOMIC QUESTION to the patient. The question should be bite-sized, NOT ask for too much at once, and NOT repeat what has already been asked. In this case, respond with the atomic question and NOTHING ELSE.'}]
[2026-04-22 22:48:02,386] [INFO] [ABSTENTION RESPONSE]: C


[2026-04-22 22:48:02,386] [INFO] [IMPLICIT ABSTAIN RETURN]: abstain: False, confidence: 1.0, letter_choice: C, usage: {'input_tokens': 395, 'output_tokens': 3}, atomic_question: None

[2026-04-22 22:48:02,386] [INFO] [Expert System]: {'type': 'choice', 'question': None, 'letter_choice': 'C', 'confidence': 1.0, 'usage': {'input_tokens': 395, 'output_tokens': 3}}
[2026-04-22 22:48:02,386] [INFO] |||||||||||||||||||| Interaction ended for patient #153 | Predicted: C | GT: C | Correct: True ||||||||||||||||||||



[2026-04-22 22:48:02,386] [INFO] |||||||||||||||||||| PATIENT #154 | GT: A (Inhaled beclomethasone) ||||||||||||||||||||
[2026-04-22 22:48:02,386] [INFO] ==================== Turn 1 ====================
[2026-04-22 22:48:02,386] [INFO] ++++++++++++++++++++ Start of Implicit Abstention [expert_basics.py:expert_response_choice_or_question()] ++++++++++++++++++++
[2026-04-22 22:48:02,386] [INFO] [<IMPLICIT ABSTAIN PROMPT>] [len(messages)=2] (messages[-1]):
A patient comes into the clinic presenting with a symptom as described in the conversation log below:
    
PATIENT INFORMATION: A 6-year-old boy is brought to his pediatrician due to increased shortness of breath.
CONVERSATION LOG:
None
QUESTION: Which of the following was most likely prescribed during the previous visit?
OPTIONS: A: Inhaled beclomethasone, B: Inhaled ipratropium bromide, C: Nebulized theophylline, D: Inhaled salmeterol
YOUR TASK: Given the information so far, if you are confident to pick an option correctly and factually, respond with the letter choice and NOTHING ELSE. Otherwise, if you are not confident to pick an option and need more information, ask ONE SPECIFIC ATOMIC QUESTION to the patient. The question should be bite-sized, NOT ask for too much at once, and NOT repeat what has already been asked. In this case, respond with the atomic question and NOTHING ELSE.
[2026-04-22 22:48:02,386] [INFO] -------------------- Self-Consistency Iteration 1 --------------------
[2026-04-22 22:48:02,560] [INFO] [<IMPLICIT ABSTAIN LM RES>]: A

[2026-04-22 22:48:02,560] [INFO] [<IMPLICIT ABSTAIN PARSED>]: A
[2026-04-22 22:48:02,560] [INFO] [<IMPLICIT ABSTAIN RETURN>]: atomic_question: None, final_answer: A, conf_score: 1.0 ([1 : 0])
[2026-04-22 22:48:02,560] [INFO] [ABSTENTION PROMPT]: [{'role': 'system', 'content': 'You are a medical doctor trying to reason through a real-life clinical case. Based on your understanding of basic and clinical science, medical knowledge, and mechanisms underlying health, disease, patient care, and modes of therapy, respond according to the task specified by the user. Base your response on the current and standard practices referenced in medical guidelines.'}, {'role': 'user', 'content': 'A patient comes into the clinic presenting with a symptom as described in the conversation log below:\n    \nPATIENT INFORMATION: A 6-year-old boy is brought to his pediatrician due to increased shortness of breath.\nCONVERSATION LOG:\nNone\nQUESTION: Which of the following was most likely prescribed during the previous visit?\nOPTIONS: A: Inhaled beclomethasone, B: Inhaled ipratropium bromide, C: Nebulized theophylline, D: Inhaled salmeterol\nYOUR TASK: Given the information so far, if you are confident to pick an option correctly and factually, respond with the letter choice and NOTHING ELSE. Otherwise, if you are not confident to pick an option and need more information, ask ONE SPECIFIC ATOMIC QUESTION to the patient. The question should be bite-sized, NOT ask for too much at once, and NOT repeat what has already been asked. In this case, respond with the atomic question and NOTHING ELSE.'}]
[2026-04-22 22:48:02,560] [INFO] [ABSTENTION RESPONSE]: A


[2026-04-22 22:48:02,560] [INFO] [IMPLICIT ABSTAIN RETURN]: abstain: False, confidence: 1.0, letter_choice: A, usage: {'input_tokens': 284, 'output_tokens': 3}, atomic_question: None

[2026-04-22 22:48:02,560] [INFO] [Expert System]: {'type': 'choice', 'question': None, 'letter_choice': 'A', 'confidence': 1.0, 'usage': {'input_tokens': 284, 'output_tokens': 3}}
[2026-04-22 22:48:02,560] [INFO] |||||||||||||||||||| Interaction ended for patient #154 | Predicted: A | GT: A | Correct: True ||||||||||||||||||||



[2026-04-22 22:48:02,561] [INFO] |||||||||||||||||||| PATIENT #155 | GT: D (Venous pH decreases, arterial pCO2 stays the same, venous pCO2 increases) ||||||||||||||||||||
[2026-04-22 22:48:02,561] [INFO] ==================== Turn 1 ====================
[2026-04-22 22:48:02,561] [INFO] ++++++++++++++++++++ Start of Implicit Abstention [expert_basics.py:expert_response_choice_or_question()] ++++++++++++++++++++
[2026-04-22 22:48:02,561] [INFO] [<IMPLICIT ABSTAIN PROMPT>] [len(messages)=2] (messages[-1]):
A patient comes into the clinic presenting with a symptom as described in the conversation log below:
    
PATIENT INFORMATION: A 25-year-old medical student enrolls in an exercise research study.
CONVERSATION LOG:
None
QUESTION: How do you expect the venous pH, arterial pCO2, and venous pCO2 to respond?
OPTIONS: A: Venous pH decreases, arterial pCO2 decreases, venous pCO2 decreases, B: Venous pH increases, arterial pCO2 decreases, venous pCO2 increases, C: Venous pH increases, arterial pCO2 increases, venous pCO2 increases, D: Venous pH decreases, arterial pCO2 stays the same, venous pCO2 increases
YOUR TASK: Given the information so far, if you are confident to pick an option correctly and factually, respond with the letter choice and NOTHING ELSE. Otherwise, if you are not confident to pick an option and need more information, ask ONE SPECIFIC ATOMIC QUESTION to the patient. The question should be bite-sized, NOT ask for too much at once, and NOT repeat what has already been asked. In this case, respond with the atomic question and NOTHING ELSE.
[2026-04-22 22:48:02,561] [INFO] -------------------- Self-Consistency Iteration 1 --------------------
[2026-04-22 22:48:02,735] [INFO] [<IMPLICIT ABSTAIN LM RES>]: B

[2026-04-22 22:48:02,735] [INFO] [<IMPLICIT ABSTAIN PARSED>]: B
[2026-04-22 22:48:02,735] [INFO] [<IMPLICIT ABSTAIN RETURN>]: atomic_question: None, final_answer: B, conf_score: 1.0 ([1 : 0])
[2026-04-22 22:48:02,735] [INFO] [ABSTENTION PROMPT]: [{'role': 'system', 'content': 'You are a medical doctor trying to reason through a real-life clinical case. Based on your understanding of basic and clinical science, medical knowledge, and mechanisms underlying health, disease, patient care, and modes of therapy, respond according to the task specified by the user. Base your response on the current and standard practices referenced in medical guidelines.'}, {'role': 'user', 'content': 'A patient comes into the clinic presenting with a symptom as described in the conversation log below:\n    \nPATIENT INFORMATION: A 25-year-old medical student enrolls in an exercise research study.\nCONVERSATION LOG:\nNone\nQUESTION: How do you expect the venous pH, arterial pCO2, and venous pCO2 to respond?\nOPTIONS: A: Venous pH decreases, arterial pCO2 decreases, venous pCO2 decreases, B: Venous pH increases, arterial pCO2 decreases, venous pCO2 increases, C: Venous pH increases, arterial pCO2 increases, venous pCO2 increases, D: Venous pH decreases, arterial pCO2 stays the same, venous pCO2 increases\nYOUR TASK: Given the information so far, if you are confident to pick an option correctly and factually, respond with the letter choice and NOTHING ELSE. Otherwise, if you are not confident to pick an option and need more information, ask ONE SPECIFIC ATOMIC QUESTION to the patient. The question should be bite-sized, NOT ask for too much at once, and NOT repeat what has already been asked. In this case, respond with the atomic question and NOTHING ELSE.'}]
[2026-04-22 22:48:02,735] [INFO] [ABSTENTION RESPONSE]: B


[2026-04-22 22:48:02,735] [INFO] [IMPLICIT ABSTAIN RETURN]: abstain: False, confidence: 1.0, letter_choice: B, usage: {'input_tokens': 330, 'output_tokens': 3}, atomic_question: None

[2026-04-22 22:48:02,735] [INFO] [Expert System]: {'type': 'choice', 'question': None, 'letter_choice': 'B', 'confidence': 1.0, 'usage': {'input_tokens': 330, 'output_tokens': 3}}
[2026-04-22 22:48:02,735] [INFO] |||||||||||||||||||| Interaction ended for patient #155 | Predicted: B | GT: D | Correct: False ||||||||||||||||||||



[2026-04-22 22:48:02,735] [INFO] |||||||||||||||||||| PATIENT #156 | GT: A (Phosphoenolpyruvate carboxykinase) ||||||||||||||||||||
[2026-04-22 22:48:02,735] [INFO] ==================== Turn 1 ====================
[2026-04-22 22:48:02,735] [INFO] ++++++++++++++++++++ Start of Implicit Abstention [expert_basics.py:expert_response_choice_or_question()] ++++++++++++++++++++
[2026-04-22 22:48:02,735] [INFO] [<IMPLICIT ABSTAIN PROMPT>] [len(messages)=2] (messages[-1]):
A patient comes into the clinic presenting with a symptom as described in the conversation log below:
    
PATIENT INFORMATION: A 38-year-old imprisoned man is brought to the physician after going on a hunger strike for 36 hours.
CONVERSATION LOG:
None
QUESTION: Which of the following enzymes contributes most to maintaining a normal serum glucose level in this patient?
OPTIONS: A: Phosphoenolpyruvate carboxykinase, B: Hydroxymethylglutaryl-CoA lyase, C: Glycogen phosphorylase, D: Phosphofructokinase-1
YOUR TASK: Given the information so far, if you are confident to pick an option correctly and factually, respond with the letter choice and NOTHING ELSE. Otherwise, if you are not confident to pick an option and need more information, ask ONE SPECIFIC ATOMIC QUESTION to the patient. The question should be bite-sized, NOT ask for too much at once, and NOT repeat what has already been asked. In this case, respond with the atomic question and NOTHING ELSE.
[2026-04-22 22:48:02,735] [INFO] -------------------- Self-Consistency Iteration 1 --------------------
[2026-04-22 22:48:02,909] [INFO] [<IMPLICIT ABSTAIN LM RES>]: C

[2026-04-22 22:48:02,909] [INFO] [<IMPLICIT ABSTAIN PARSED>]: C
[2026-04-22 22:48:02,909] [INFO] [<IMPLICIT ABSTAIN RETURN>]: atomic_question: None, final_answer: C, conf_score: 1.0 ([1 : 0])
[2026-04-22 22:48:02,909] [INFO] [ABSTENTION PROMPT]: [{'role': 'system', 'content': 'You are a medical doctor trying to reason through a real-life clinical case. Based on your understanding of basic and clinical science, medical knowledge, and mechanisms underlying health, disease, patient care, and modes of therapy, respond according to the task specified by the user. Base your response on the current and standard practices referenced in medical guidelines.'}, {'role': 'user', 'content': 'A patient comes into the clinic presenting with a symptom as described in the conversation log below:\n    \nPATIENT INFORMATION: A 38-year-old imprisoned man is brought to the physician after going on a hunger strike for 36 hours.\nCONVERSATION LOG:\nNone\nQUESTION: Which of the following enzymes contributes most to maintaining a normal serum glucose level in this patient?\nOPTIONS: A: Phosphoenolpyruvate carboxykinase, B: Hydroxymethylglutaryl-CoA lyase, C: Glycogen phosphorylase, D: Phosphofructokinase-1\nYOUR TASK: Given the information so far, if you are confident to pick an option correctly and factually, respond with the letter choice and NOTHING ELSE. Otherwise, if you are not confident to pick an option and need more information, ask ONE SPECIFIC ATOMIC QUESTION to the patient. The question should be bite-sized, NOT ask for too much at once, and NOT repeat what has already been asked. In this case, respond with the atomic question and NOTHING ELSE.'}]
[2026-04-22 22:48:02,909] [INFO] [ABSTENTION RESPONSE]: C


[2026-04-22 22:48:02,909] [INFO] [IMPLICIT ABSTAIN RETURN]: abstain: False, confidence: 1.0, letter_choice: C, usage: {'input_tokens': 298, 'output_tokens': 3}, atomic_question: None

[2026-04-22 22:48:02,909] [INFO] [Expert System]: {'type': 'choice', 'question': None, 'letter_choice': 'C', 'confidence': 1.0, 'usage': {'input_tokens': 298, 'output_tokens': 3}}
[2026-04-22 22:48:02,909] [INFO] |||||||||||||||||||| Interaction ended for patient #156 | Predicted: C | GT: A | Correct: False ||||||||||||||||||||



[2026-04-22 22:48:02,909] [INFO] |||||||||||||||||||| PATIENT #157 | GT: B (ASCA positivity) ||||||||||||||||||||
[2026-04-22 22:48:02,909] [INFO] ==================== Turn 1 ====================
[2026-04-22 22:48:02,909] [INFO] ++++++++++++++++++++ Start of Implicit Abstention [expert_basics.py:expert_response_choice_or_question()] ++++++++++++++++++++
[2026-04-22 22:48:02,909] [INFO] [<IMPLICIT ABSTAIN PROMPT>] [len(messages)=2] (messages[-1]):
A patient comes into the clinic presenting with a symptom as described in the conversation log below:
    
PATIENT INFORMATION: A 27-year-old man presents to the emergency department with a chief concern of abdominal pain and diarrhea.
CONVERSATION LOG:
None
QUESTION: Which of the following best describes the most likely diagnosis?
OPTIONS: A: ANCA positivity, B: ASCA positivity, C: Dilated vascular structure in the anal canal, D: Mucosal disruption
YOUR TASK: Given the information so far, if you are confident to pick an option correctly and factually, respond with the letter choice and NOTHING ELSE. Otherwise, if you are not confident to pick an option and need more information, ask ONE SPECIFIC ATOMIC QUESTION to the patient. The question should be bite-sized, NOT ask for too much at once, and NOT repeat what has already been asked. In this case, respond with the atomic question and NOTHING ELSE.
[2026-04-22 22:48:02,909] [INFO] -------------------- Self-Consistency Iteration 1 --------------------
[2026-04-22 22:48:03,083] [INFO] [<IMPLICIT ABSTAIN LM RES>]: D

[2026-04-22 22:48:03,083] [INFO] [<IMPLICIT ABSTAIN PARSED>]: D
[2026-04-22 22:48:03,083] [INFO] [<IMPLICIT ABSTAIN RETURN>]: atomic_question: None, final_answer: D, conf_score: 1.0 ([1 : 0])
[2026-04-22 22:48:03,083] [INFO] [ABSTENTION PROMPT]: [{'role': 'system', 'content': 'You are a medical doctor trying to reason through a real-life clinical case. Based on your understanding of basic and clinical science, medical knowledge, and mechanisms underlying health, disease, patient care, and modes of therapy, respond according to the task specified by the user. Base your response on the current and standard practices referenced in medical guidelines.'}, {'role': 'user', 'content': 'A patient comes into the clinic presenting with a symptom as described in the conversation log below:\n    \nPATIENT INFORMATION: A 27-year-old man presents to the emergency department with a chief concern of abdominal pain and diarrhea.\nCONVERSATION LOG:\nNone\nQUESTION: Which of the following best describes the most likely diagnosis?\nOPTIONS: A: ANCA positivity, B: ASCA positivity, C: Dilated vascular structure in the anal canal, D: Mucosal disruption\nYOUR TASK: Given the information so far, if you are confident to pick an option correctly and factually, respond with the letter choice and NOTHING ELSE. Otherwise, if you are not confident to pick an option and need more information, ask ONE SPECIFIC ATOMIC QUESTION to the patient. The question should be bite-sized, NOT ask for too much at once, and NOT repeat what has already been asked. In this case, respond with the atomic question and NOTHING ELSE.'}]
[2026-04-22 22:48:03,083] [INFO] [ABSTENTION RESPONSE]: D


[2026-04-22 22:48:03,083] [INFO] [IMPLICIT ABSTAIN RETURN]: abstain: False, confidence: 1.0, letter_choice: D, usage: {'input_tokens': 277, 'output_tokens': 3}, atomic_question: None

[2026-04-22 22:48:03,083] [INFO] [Expert System]: {'type': 'choice', 'question': None, 'letter_choice': 'D', 'confidence': 1.0, 'usage': {'input_tokens': 277, 'output_tokens': 3}}
[2026-04-22 22:48:03,083] [INFO] |||||||||||||||||||| Interaction ended for patient #157 | Predicted: D | GT: B | Correct: False ||||||||||||||||||||



[2026-04-22 22:48:03,083] [INFO] |||||||||||||||||||| PATIENT #158 | GT: B (Slowing of the atrioventricular (AV) node conduction time) ||||||||||||||||||||
[2026-04-22 22:48:03,083] [INFO] ==================== Turn 1 ====================
[2026-04-22 22:48:03,083] [INFO] ++++++++++++++++++++ Start of Implicit Abstention [expert_basics.py:expert_response_choice_or_question()] ++++++++++++++++++++
[2026-04-22 22:48:03,083] [INFO] [<IMPLICIT ABSTAIN PROMPT>] [len(messages)=2] (messages[-1]):
A patient comes into the clinic presenting with a symptom as described in the conversation log below:
    
PATIENT INFORMATION: A previously healthy 31-year-old man is rushed to the emergency department after an all-night binge that included smoking, alcohol, and cocaine.
CONVERSATION LOG:
None
QUESTION: Which of the following is the mechanism of action of the medication?
OPTIONS: A: Gamma-aminobutyric acid receptor agonist, B: Slowing of the atrioventricular (AV) node conduction time, C: Blocking of sodium/potassium adenosine triphosphatase pump, D: Prolongation of repolarization phase of cardiac action potential
YOUR TASK: Given the information so far, if you are confident to pick an option correctly and factually, respond with the letter choice and NOTHING ELSE. Otherwise, if you are not confident to pick an option and need more information, ask ONE SPECIFIC ATOMIC QUESTION to the patient. The question should be bite-sized, NOT ask for too much at once, and NOT repeat what has already been asked. In this case, respond with the atomic question and NOTHING ELSE.
[2026-04-22 22:48:03,083] [INFO] -------------------- Self-Consistency Iteration 1 --------------------
[2026-04-22 22:48:03,259] [INFO] [<IMPLICIT ABSTAIN LM RES>]: B

[2026-04-22 22:48:03,259] [INFO] [<IMPLICIT ABSTAIN PARSED>]: B
[2026-04-22 22:48:03,259] [INFO] [<IMPLICIT ABSTAIN RETURN>]: atomic_question: None, final_answer: B, conf_score: 1.0 ([1 : 0])
[2026-04-22 22:48:03,259] [INFO] [ABSTENTION PROMPT]: [{'role': 'system', 'content': 'You are a medical doctor trying to reason through a real-life clinical case. Based on your understanding of basic and clinical science, medical knowledge, and mechanisms underlying health, disease, patient care, and modes of therapy, respond according to the task specified by the user. Base your response on the current and standard practices referenced in medical guidelines.'}, {'role': 'user', 'content': 'A patient comes into the clinic presenting with a symptom as described in the conversation log below:\n    \nPATIENT INFORMATION: A previously healthy 31-year-old man is rushed to the emergency department after an all-night binge that included smoking, alcohol, and cocaine.\nCONVERSATION LOG:\nNone\nQUESTION: Which of the following is the mechanism of action of the medication?\nOPTIONS: A: Gamma-aminobutyric acid receptor agonist, B: Slowing of the atrioventricular (AV) node conduction time, C: Blocking of sodium/potassium adenosine triphosphatase pump, D: Prolongation of repolarization phase of cardiac action potential\nYOUR TASK: Given the information so far, if you are confident to pick an option correctly and factually, respond with the letter choice and NOTHING ELSE. Otherwise, if you are not confident to pick an option and need more information, ask ONE SPECIFIC ATOMIC QUESTION to the patient. The question should be bite-sized, NOT ask for too much at once, and NOT repeat what has already been asked. In this case, respond with the atomic question and NOTHING ELSE.'}]
[2026-04-22 22:48:03,259] [INFO] [ABSTENTION RESPONSE]: B


[2026-04-22 22:48:03,259] [INFO] [IMPLICIT ABSTAIN RETURN]: abstain: False, confidence: 1.0, letter_choice: B, usage: {'input_tokens': 316, 'output_tokens': 3}, atomic_question: None

[2026-04-22 22:48:03,259] [INFO] [Expert System]: {'type': 'choice', 'question': None, 'letter_choice': 'B', 'confidence': 1.0, 'usage': {'input_tokens': 316, 'output_tokens': 3}}
[2026-04-22 22:48:03,259] [INFO] |||||||||||||||||||| Interaction ended for patient #158 | Predicted: B | GT: B | Correct: True ||||||||||||||||||||



[2026-04-22 22:48:03,259] [INFO] |||||||||||||||||||| PATIENT #159 | GT: B (Hexamethonium) ||||||||||||||||||||
[2026-04-22 22:48:03,259] [INFO] ==================== Turn 1 ====================
[2026-04-22 22:48:03,259] [INFO] ++++++++++++++++++++ Start of Implicit Abstention [expert_basics.py:expert_response_choice_or_question()] ++++++++++++++++++++
[2026-04-22 22:48:03,259] [INFO] [<IMPLICIT ABSTAIN PROMPT>] [len(messages)=2] (messages[-1]):
A patient comes into the clinic presenting with a symptom as described in the conversation log below:
    
PATIENT INFORMATION: A scientist is studying how animals regulate their blood pressure in response to various stimuli.
CONVERSATION LOG:
None
QUESTION: Which of the following drugs would most likely achieve the desired effect?
OPTIONS: A: Dobutamine, B: Hexamethonium, C: Metoprolol, D: Scopolamine
YOUR TASK: Given the information so far, if you are confident to pick an option correctly and factually, respond with the letter choice and NOTHING ELSE. Otherwise, if you are not confident to pick an option and need more information, ask ONE SPECIFIC ATOMIC QUESTION to the patient. The question should be bite-sized, NOT ask for too much at once, and NOT repeat what has already been asked. In this case, respond with the atomic question and NOTHING ELSE.
[2026-04-22 22:48:03,259] [INFO] -------------------- Self-Consistency Iteration 1 --------------------
[2026-04-22 22:48:03,433] [INFO] [<IMPLICIT ABSTAIN LM RES>]: B

[2026-04-22 22:48:03,433] [INFO] [<IMPLICIT ABSTAIN PARSED>]: B
[2026-04-22 22:48:03,433] [INFO] [<IMPLICIT ABSTAIN RETURN>]: atomic_question: None, final_answer: B, conf_score: 1.0 ([1 : 0])
[2026-04-22 22:48:03,433] [INFO] [ABSTENTION PROMPT]: [{'role': 'system', 'content': 'You are a medical doctor trying to reason through a real-life clinical case. Based on your understanding of basic and clinical science, medical knowledge, and mechanisms underlying health, disease, patient care, and modes of therapy, respond according to the task specified by the user. Base your response on the current and standard practices referenced in medical guidelines.'}, {'role': 'user', 'content': 'A patient comes into the clinic presenting with a symptom as described in the conversation log below:\n    \nPATIENT INFORMATION: A scientist is studying how animals regulate their blood pressure in response to various stimuli.\nCONVERSATION LOG:\nNone\nQUESTION: Which of the following drugs would most likely achieve the desired effect?\nOPTIONS: A: Dobutamine, B: Hexamethonium, C: Metoprolol, D: Scopolamine\nYOUR TASK: Given the information so far, if you are confident to pick an option correctly and factually, respond with the letter choice and NOTHING ELSE. Otherwise, if you are not confident to pick an option and need more information, ask ONE SPECIFIC ATOMIC QUESTION to the patient. The question should be bite-sized, NOT ask for too much at once, and NOT repeat what has already been asked. In this case, respond with the atomic question and NOTHING ELSE.'}]
[2026-04-22 22:48:03,433] [INFO] [ABSTENTION RESPONSE]: B


[2026-04-22 22:48:03,433] [INFO] [IMPLICIT ABSTAIN RETURN]: abstain: False, confidence: 1.0, letter_choice: B, usage: {'input_tokens': 267, 'output_tokens': 3}, atomic_question: None

[2026-04-22 22:48:03,433] [INFO] [Expert System]: {'type': 'choice', 'question': None, 'letter_choice': 'B', 'confidence': 1.0, 'usage': {'input_tokens': 267, 'output_tokens': 3}}
[2026-04-22 22:48:03,433] [INFO] |||||||||||||||||||| Interaction ended for patient #159 | Predicted: B | GT: B | Correct: True ||||||||||||||||||||



[2026-04-22 22:48:03,433] [INFO] |||||||||||||||||||| PATIENT #160 | GT: D (Patient with severe cirrhosis, history of hepatitis C, and asthma) ||||||||||||||||||||
[2026-04-22 22:48:03,433] [INFO] ==================== Turn 1 ====================
[2026-04-22 22:48:03,433] [INFO] ++++++++++++++++++++ Start of Implicit Abstention [expert_basics.py:expert_response_choice_or_question()] ++++++++++++++++++++
[2026-04-22 22:48:03,433] [INFO] [<IMPLICIT ABSTAIN PROMPT>] [len(messages)=2] (messages[-1]):
A patient comes into the clinic presenting with a symptom as described in the conversation log below:
    
PATIENT INFORMATION: A hepatologist has learned about the survival benefit of Noxbinle (tumorolimus) in hepatocellular carcinoma (HCC) patients from a fellow physician.
CONVERSATION LOG:
None
QUESTION: Based on the information provided in the drug advertisement, which of the following patients with HCC would be an appropriate treatment candidate and benefit the most from treatment with Noxbinle 100 mg in comparison to Metalimus 100 mg?
OPTIONS: A: Non-cirrhotic patient with a history of hepatitis B and alcohol dependence, B: Alcoholic patient with severe cirrhosis on immunosuppressive therapy, C: Patient with severe cirrhosis, history of hepatitis C, and kidney stones, D: Patient with severe cirrhosis, history of hepatitis C, and asthma
YOUR TASK: Given the information so far, if you are confident to pick an option correctly and factually, respond with the letter choice and NOTHING ELSE. Otherwise, if you are not confident to pick an option and need more information, ask ONE SPECIFIC ATOMIC QUESTION to the patient. The question should be bite-sized, NOT ask for too much at once, and NOT repeat what has already been asked. In this case, respond with the atomic question and NOTHING ELSE.
[2026-04-22 22:48:03,433] [INFO] -------------------- Self-Consistency Iteration 1 --------------------
[2026-04-22 22:48:03,609] [INFO] [<IMPLICIT ABSTAIN LM RES>]: B

[2026-04-22 22:48:03,609] [INFO] [<IMPLICIT ABSTAIN PARSED>]: B
[2026-04-22 22:48:03,609] [INFO] [<IMPLICIT ABSTAIN RETURN>]: atomic_question: None, final_answer: B, conf_score: 1.0 ([1 : 0])
[2026-04-22 22:48:03,609] [INFO] [ABSTENTION PROMPT]: [{'role': 'system', 'content': 'You are a medical doctor trying to reason through a real-life clinical case. Based on your understanding of basic and clinical science, medical knowledge, and mechanisms underlying health, disease, patient care, and modes of therapy, respond according to the task specified by the user. Base your response on the current and standard practices referenced in medical guidelines.'}, {'role': 'user', 'content': 'A patient comes into the clinic presenting with a symptom as described in the conversation log below:\n    \nPATIENT INFORMATION: A hepatologist has learned about the survival benefit of Noxbinle (tumorolimus) in hepatocellular carcinoma (HCC) patients from a fellow physician.\nCONVERSATION LOG:\nNone\nQUESTION: Based on the information provided in the drug advertisement, which of the following patients with HCC would be an appropriate treatment candidate and benefit the most from treatment with Noxbinle 100 mg in comparison to Metalimus 100 mg?\nOPTIONS: A: Non-cirrhotic patient with a history of hepatitis B and alcohol dependence, B: Alcoholic patient with severe cirrhosis on immunosuppressive therapy, C: Patient with severe cirrhosis, history of hepatitis C, and kidney stones, D: Patient with severe cirrhosis, history of hepatitis C, and asthma\nYOUR TASK: Given the information so far, if you are confident to pick an option correctly and factually, respond with the letter choice and NOTHING ELSE. Otherwise, if you are not confident to pick an option and need more information, ask ONE SPECIFIC ATOMIC QUESTION to the patient. The question should be bite-sized, NOT ask for too much at once, and NOT repeat what has already been asked. In this case, respond with the atomic question and NOTHING ELSE.'}]
[2026-04-22 22:48:03,609] [INFO] [ABSTENTION RESPONSE]: B


[2026-04-22 22:48:03,609] [INFO] [IMPLICIT ABSTAIN RETURN]: abstain: False, confidence: 1.0, letter_choice: B, usage: {'input_tokens': 353, 'output_tokens': 3}, atomic_question: None

[2026-04-22 22:48:03,609] [INFO] [Expert System]: {'type': 'choice', 'question': None, 'letter_choice': 'B', 'confidence': 1.0, 'usage': {'input_tokens': 353, 'output_tokens': 3}}
[2026-04-22 22:48:03,609] [INFO] |||||||||||||||||||| Interaction ended for patient #160 | Predicted: B | GT: D | Correct: False ||||||||||||||||||||



[2026-04-22 22:48:03,609] [INFO] |||||||||||||||||||| PATIENT #161 | GT: A (Collecting ducts) ||||||||||||||||||||
[2026-04-22 22:48:03,609] [INFO] ==================== Turn 1 ====================
[2026-04-22 22:48:03,609] [INFO] ++++++++++++++++++++ Start of Implicit Abstention [expert_basics.py:expert_response_choice_or_question()] ++++++++++++++++++++
[2026-04-22 22:48:03,609] [INFO] [<IMPLICIT ABSTAIN PROMPT>] [len(messages)=2] (messages[-1]):
A patient comes into the clinic presenting with a symptom as described in the conversation log below:
    
PATIENT INFORMATION: An error occurs during the embryologic development of the kidney.
CONVERSATION LOG:
None
QUESTION: In this fetus, what other renal structure would be expected to be absent?
OPTIONS: A: Collecting ducts, B: Ductus deferens, C: Distal convoluted tubule, D: Bowman's capsule
YOUR TASK: Given the information so far, if you are confident to pick an option correctly and factually, respond with the letter choice and NOTHING ELSE. Otherwise, if you are not confident to pick an option and need more information, ask ONE SPECIFIC ATOMIC QUESTION to the patient. The question should be bite-sized, NOT ask for too much at once, and NOT repeat what has already been asked. In this case, respond with the atomic question and NOTHING ELSE.
[2026-04-22 22:48:03,609] [INFO] -------------------- Self-Consistency Iteration 1 --------------------
[2026-04-22 22:48:03,782] [INFO] [<IMPLICIT ABSTAIN LM RES>]: A

[2026-04-22 22:48:03,782] [INFO] [<IMPLICIT ABSTAIN PARSED>]: A
[2026-04-22 22:48:03,782] [INFO] [<IMPLICIT ABSTAIN RETURN>]: atomic_question: None, final_answer: A, conf_score: 1.0 ([1 : 0])
[2026-04-22 22:48:03,782] [INFO] [ABSTENTION PROMPT]: [{'role': 'system', 'content': 'You are a medical doctor trying to reason through a real-life clinical case. Based on your understanding of basic and clinical science, medical knowledge, and mechanisms underlying health, disease, patient care, and modes of therapy, respond according to the task specified by the user. Base your response on the current and standard practices referenced in medical guidelines.'}, {'role': 'user', 'content': "A patient comes into the clinic presenting with a symptom as described in the conversation log below:\n    \nPATIENT INFORMATION: An error occurs during the embryologic development of the kidney.\nCONVERSATION LOG:\nNone\nQUESTION: In this fetus, what other renal structure would be expected to be absent?\nOPTIONS: A: Collecting ducts, B: Ductus deferens, C: Distal convoluted tubule, D: Bowman's capsule\nYOUR TASK: Given the information so far, if you are confident to pick an option correctly and factually, respond with the letter choice and NOTHING ELSE. Otherwise, if you are not confident to pick an option and need more information, ask ONE SPECIFIC ATOMIC QUESTION to the patient. The question should be bite-sized, NOT ask for too much at once, and NOT repeat what has already been asked. In this case, respond with the atomic question and NOTHING ELSE."}]
[2026-04-22 22:48:03,782] [INFO] [ABSTENTION RESPONSE]: A


[2026-04-22 22:48:03,782] [INFO] [IMPLICIT ABSTAIN RETURN]: abstain: False, confidence: 1.0, letter_choice: A, usage: {'input_tokens': 267, 'output_tokens': 3}, atomic_question: None

[2026-04-22 22:48:03,782] [INFO] [Expert System]: {'type': 'choice', 'question': None, 'letter_choice': 'A', 'confidence': 1.0, 'usage': {'input_tokens': 267, 'output_tokens': 3}}
[2026-04-22 22:48:03,782] [INFO] |||||||||||||||||||| Interaction ended for patient #161 | Predicted: A | GT: A | Correct: True ||||||||||||||||||||



[2026-04-22 22:48:03,782] [INFO] |||||||||||||||||||| PATIENT #162 | GT: A (Decrease the serum 2,3-bisphosphoglycerate concentration) ||||||||||||||||||||
[2026-04-22 22:48:03,782] [INFO] ==================== Turn 1 ====================
[2026-04-22 22:48:03,782] [INFO] ++++++++++++++++++++ Start of Implicit Abstention [expert_basics.py:expert_response_choice_or_question()] ++++++++++++++++++++
[2026-04-22 22:48:03,782] [INFO] [<IMPLICIT ABSTAIN PROMPT>] [len(messages)=2] (messages[-1]):
A patient comes into the clinic presenting with a symptom as described in the conversation log below:
    
PATIENT INFORMATION: An investigator is studying the effects of tissue hypoxia on skeletal muscles.
CONVERSATION LOG:
None
QUESTION: Which of the following is most likely to achieve this desired effect?
OPTIONS: A: Decrease the serum 2,3-bisphosphoglycerate concentration, B: Increase the serum hydrogen ion concentration, C: Increase the arterial partial pressure of carbon dioxide, D: Increase the serum temperature
YOUR TASK: Given the information so far, if you are confident to pick an option correctly and factually, respond with the letter choice and NOTHING ELSE. Otherwise, if you are not confident to pick an option and need more information, ask ONE SPECIFIC ATOMIC QUESTION to the patient. The question should be bite-sized, NOT ask for too much at once, and NOT repeat what has already been asked. In this case, respond with the atomic question and NOTHING ELSE.
[2026-04-22 22:48:03,782] [INFO] -------------------- Self-Consistency Iteration 1 --------------------
[2026-04-22 22:48:03,957] [INFO] [<IMPLICIT ABSTAIN LM RES>]: A

[2026-04-22 22:48:03,957] [INFO] [<IMPLICIT ABSTAIN PARSED>]: A
[2026-04-22 22:48:03,957] [INFO] [<IMPLICIT ABSTAIN RETURN>]: atomic_question: None, final_answer: A, conf_score: 1.0 ([1 : 0])
[2026-04-22 22:48:03,957] [INFO] [ABSTENTION PROMPT]: [{'role': 'system', 'content': 'You are a medical doctor trying to reason through a real-life clinical case. Based on your understanding of basic and clinical science, medical knowledge, and mechanisms underlying health, disease, patient care, and modes of therapy, respond according to the task specified by the user. Base your response on the current and standard practices referenced in medical guidelines.'}, {'role': 'user', 'content': 'A patient comes into the clinic presenting with a symptom as described in the conversation log below:\n    \nPATIENT INFORMATION: An investigator is studying the effects of tissue hypoxia on skeletal muscles.\nCONVERSATION LOG:\nNone\nQUESTION: Which of the following is most likely to achieve this desired effect?\nOPTIONS: A: Decrease the serum 2,3-bisphosphoglycerate concentration, B: Increase the serum hydrogen ion concentration, C: Increase the arterial partial pressure of carbon dioxide, D: Increase the serum temperature\nYOUR TASK: Given the information so far, if you are confident to pick an option correctly and factually, respond with the letter choice and NOTHING ELSE. Otherwise, if you are not confident to pick an option and need more information, ask ONE SPECIFIC ATOMIC QUESTION to the patient. The question should be bite-sized, NOT ask for too much at once, and NOT repeat what has already been asked. In this case, respond with the atomic question and NOTHING ELSE.'}]
[2026-04-22 22:48:03,957] [INFO] [ABSTENTION RESPONSE]: A


[2026-04-22 22:48:03,957] [INFO] [IMPLICIT ABSTAIN RETURN]: abstain: False, confidence: 1.0, letter_choice: A, usage: {'input_tokens': 283, 'output_tokens': 3}, atomic_question: None

[2026-04-22 22:48:03,957] [INFO] [Expert System]: {'type': 'choice', 'question': None, 'letter_choice': 'A', 'confidence': 1.0, 'usage': {'input_tokens': 283, 'output_tokens': 3}}
[2026-04-22 22:48:03,957] [INFO] |||||||||||||||||||| Interaction ended for patient #162 | Predicted: A | GT: A | Correct: True ||||||||||||||||||||



[2026-04-22 22:48:03,957] [INFO] |||||||||||||||||||| PATIENT #163 | GT: D (The presence of high grade dysplasia at the Z line) ||||||||||||||||||||
[2026-04-22 22:48:03,957] [INFO] ==================== Turn 1 ====================
[2026-04-22 22:48:03,957] [INFO] ++++++++++++++++++++ Start of Implicit Abstention [expert_basics.py:expert_response_choice_or_question()] ++++++++++++++++++++
[2026-04-22 22:48:03,957] [INFO] [<IMPLICIT ABSTAIN PROMPT>] [len(messages)=2] (messages[-1]):
A patient comes into the clinic presenting with a symptom as described in the conversation log below:
    
PATIENT INFORMATION: A 48-year-old woman presents to the doctor’s office complaining of frequent episodes of severe heartburn and chest pain.
CONVERSATION LOG:
None
QUESTION: Which histological finding would place her at the highest risk of developing esophageal adenocarcinoma in the near future?
OPTIONS: A: The presence of inflammatory cells in the body of the stomach, B: The presence of metaplasia at the Z line, C: The presence of goblet cells at the Z line, D: The presence of high grade dysplasia at the Z line
YOUR TASK: Given the information so far, if you are confident to pick an option correctly and factually, respond with the letter choice and NOTHING ELSE. Otherwise, if you are not confident to pick an option and need more information, ask ONE SPECIFIC ATOMIC QUESTION to the patient. The question should be bite-sized, NOT ask for too much at once, and NOT repeat what has already been asked. In this case, respond with the atomic question and NOTHING ELSE.
[2026-04-22 22:48:03,957] [INFO] -------------------- Self-Consistency Iteration 1 --------------------
[2026-04-22 22:48:04,132] [INFO] [<IMPLICIT ABSTAIN LM RES>]: D

[2026-04-22 22:48:04,132] [INFO] [<IMPLICIT ABSTAIN PARSED>]: D
[2026-04-22 22:48:04,132] [INFO] [<IMPLICIT ABSTAIN RETURN>]: atomic_question: None, final_answer: D, conf_score: 1.0 ([1 : 0])
[2026-04-22 22:48:04,132] [INFO] [ABSTENTION PROMPT]: [{'role': 'system', 'content': 'You are a medical doctor trying to reason through a real-life clinical case. Based on your understanding of basic and clinical science, medical knowledge, and mechanisms underlying health, disease, patient care, and modes of therapy, respond according to the task specified by the user. Base your response on the current and standard practices referenced in medical guidelines.'}, {'role': 'user', 'content': 'A patient comes into the clinic presenting with a symptom as described in the conversation log below:\n    \nPATIENT INFORMATION: A 48-year-old woman presents to the doctor’s office complaining of frequent episodes of severe heartburn and chest pain.\nCONVERSATION LOG:\nNone\nQUESTION: Which histological finding would place her at the highest risk of developing esophageal adenocarcinoma in the near future?\nOPTIONS: A: The presence of inflammatory cells in the body of the stomach, B: The presence of metaplasia at the Z line, C: The presence of goblet cells at the Z line, D: The presence of high grade dysplasia at the Z line\nYOUR TASK: Given the information so far, if you are confident to pick an option correctly and factually, respond with the letter choice and NOTHING ELSE. Otherwise, if you are not confident to pick an option and need more information, ask ONE SPECIFIC ATOMIC QUESTION to the patient. The question should be bite-sized, NOT ask for too much at once, and NOT repeat what has already been asked. In this case, respond with the atomic question and NOTHING ELSE.'}]
[2026-04-22 22:48:04,132] [INFO] [ABSTENTION RESPONSE]: D


[2026-04-22 22:48:04,132] [INFO] [IMPLICIT ABSTAIN RETURN]: abstain: False, confidence: 1.0, letter_choice: D, usage: {'input_tokens': 311, 'output_tokens': 3}, atomic_question: None

[2026-04-22 22:48:04,132] [INFO] [Expert System]: {'type': 'choice', 'question': None, 'letter_choice': 'D', 'confidence': 1.0, 'usage': {'input_tokens': 311, 'output_tokens': 3}}
[2026-04-22 22:48:04,132] [INFO] |||||||||||||||||||| Interaction ended for patient #163 | Predicted: D | GT: D | Correct: True ||||||||||||||||||||



[2026-04-22 22:48:04,132] [INFO] |||||||||||||||||||| PATIENT #164 | GT: B (Sand fly) ||||||||||||||||||||
[2026-04-22 22:48:04,132] [INFO] ==================== Turn 1 ====================
[2026-04-22 22:48:04,132] [INFO] ++++++++++++++++++++ Start of Implicit Abstention [expert_basics.py:expert_response_choice_or_question()] ++++++++++++++++++++
[2026-04-22 22:48:04,132] [INFO] [<IMPLICIT ABSTAIN PROMPT>] [len(messages)=2] (messages[-1]):
A patient comes into the clinic presenting with a symptom as described in the conversation log below:
    
PATIENT INFORMATION: A 26-year-old man comes to the physician because of a 3-week history of malaise and recurrent fever.
CONVERSATION LOG:
None
QUESTION: Which of the following is the most likely vector of this patient's condition?
OPTIONS: A: Tsetse fly, B: Sand fly, C: Freshwater snail, D: Anopheles mosquito
YOUR TASK: Given the information so far, if you are confident to pick an option correctly and factually, respond with the letter choice and NOTHING ELSE. Otherwise, if you are not confident to pick an option and need more information, ask ONE SPECIFIC ATOMIC QUESTION to the patient. The question should be bite-sized, NOT ask for too much at once, and NOT repeat what has already been asked. In this case, respond with the atomic question and NOTHING ELSE.
[2026-04-22 22:48:04,132] [INFO] -------------------- Self-Consistency Iteration 1 --------------------
[2026-04-22 22:48:05,025] [INFO] [<IMPLICIT ABSTAIN LM RES>]: Given the patient's symptoms of malaise and recurrent fever, the most likely vector is a mosquito.

D

[2026-04-22 22:48:05,025] [INFO] ....Found D in response line: D
[2026-04-22 22:48:05,025] [INFO] [<IMPLICIT ABSTAIN PARSED>]: D
[2026-04-22 22:48:05,025] [INFO] [<IMPLICIT ABSTAIN RETURN>]: atomic_question: None, final_answer: D, conf_score: 1.0 ([1 : 0])
[2026-04-22 22:48:05,025] [INFO] [ABSTENTION PROMPT]: [{'role': 'system', 'content': 'You are a medical doctor trying to reason through a real-life clinical case. Based on your understanding of basic and clinical science, medical knowledge, and mechanisms underlying health, disease, patient care, and modes of therapy, respond according to the task specified by the user. Base your response on the current and standard practices referenced in medical guidelines.'}, {'role': 'user', 'content': "A patient comes into the clinic presenting with a symptom as described in the conversation log below:\n    \nPATIENT INFORMATION: A 26-year-old man comes to the physician because of a 3-week history of malaise and recurrent fever.\nCONVERSATION LOG:\nNone\nQUESTION: Which of the following is the most likely vector of this patient's condition?\nOPTIONS: A: Tsetse fly, B: Sand fly, C: Freshwater snail, D: Anopheles mosquito\nYOUR TASK: Given the information so far, if you are confident to pick an option correctly and factually, respond with the letter choice and NOTHING ELSE. Otherwise, if you are not confident to pick an option and need more information, ask ONE SPECIFIC ATOMIC QUESTION to the patient. The question should be bite-sized, NOT ask for too much at once, and NOT repeat what has already been asked. In this case, respond with the atomic question and NOTHING ELSE."}]
[2026-04-22 22:48:05,025] [INFO] [ABSTENTION RESPONSE]: Given the patient's symptoms of malaise and recurrent fever, the most likely vector is a mosquito.

D


[2026-04-22 22:48:05,025] [INFO] [IMPLICIT ABSTAIN RETURN]: abstain: False, confidence: 1.0, letter_choice: D, usage: {'input_tokens': 280, 'output_tokens': 24}, atomic_question: None

[2026-04-22 22:48:05,025] [INFO] [Expert System]: {'type': 'choice', 'question': None, 'letter_choice': 'D', 'confidence': 1.0, 'usage': {'input_tokens': 280, 'output_tokens': 24}}
[2026-04-22 22:48:05,025] [INFO] |||||||||||||||||||| Interaction ended for patient #164 | Predicted: D | GT: B | Correct: False ||||||||||||||||||||



[2026-04-22 22:48:05,026] [INFO] |||||||||||||||||||| PATIENT #165 | GT: A (Relaxation of urinary sphincter and reduction of peripheral vascular resistance) ||||||||||||||||||||
[2026-04-22 22:48:05,026] [INFO] ==================== Turn 1 ====================
[2026-04-22 22:48:05,026] [INFO] ++++++++++++++++++++ Start of Implicit Abstention [expert_basics.py:expert_response_choice_or_question()] ++++++++++++++++++++
[2026-04-22 22:48:05,026] [INFO] [<IMPLICIT ABSTAIN PROMPT>] [len(messages)=2] (messages[-1]):
A patient comes into the clinic presenting with a symptom as described in the conversation log below:
    
PATIENT INFORMATION: A 68-year-old Caucasian male presents to your office complaining of urinary hesitancy and decreased urinary flow.
CONVERSATION LOG:
None
QUESTION: Which best describes the principal action(s) of prazosin?
OPTIONS: A: Relaxation of urinary sphincter and reduction of peripheral vascular resistance, B: Relaxation of urinary sphincter and suppression of renin release, C: Contraction of urinary bladder wall smooth muscle and suppression of renin release, D: Contraction of urinary bladder wall smooth muscle and reduction of peripheral vascular resistance
YOUR TASK: Given the information so far, if you are confident to pick an option correctly and factually, respond with the letter choice and NOTHING ELSE. Otherwise, if you are not confident to pick an option and need more information, ask ONE SPECIFIC ATOMIC QUESTION to the patient. The question should be bite-sized, NOT ask for too much at once, and NOT repeat what has already been asked. In this case, respond with the atomic question and NOTHING ELSE.
[2026-04-22 22:48:05,026] [INFO] -------------------- Self-Consistency Iteration 1 --------------------
[2026-04-22 22:48:05,200] [INFO] [<IMPLICIT ABSTAIN LM RES>]: A

[2026-04-22 22:48:05,200] [INFO] [<IMPLICIT ABSTAIN PARSED>]: A
[2026-04-22 22:48:05,200] [INFO] [<IMPLICIT ABSTAIN RETURN>]: atomic_question: None, final_answer: A, conf_score: 1.0 ([1 : 0])
[2026-04-22 22:48:05,200] [INFO] [ABSTENTION PROMPT]: [{'role': 'system', 'content': 'You are a medical doctor trying to reason through a real-life clinical case. Based on your understanding of basic and clinical science, medical knowledge, and mechanisms underlying health, disease, patient care, and modes of therapy, respond according to the task specified by the user. Base your response on the current and standard practices referenced in medical guidelines.'}, {'role': 'user', 'content': 'A patient comes into the clinic presenting with a symptom as described in the conversation log below:\n    \nPATIENT INFORMATION: A 68-year-old Caucasian male presents to your office complaining of urinary hesitancy and decreased urinary flow.\nCONVERSATION LOG:\nNone\nQUESTION: Which best describes the principal action(s) of prazosin?\nOPTIONS: A: Relaxation of urinary sphincter and reduction of peripheral vascular resistance, B: Relaxation of urinary sphincter and suppression of renin release, C: Contraction of urinary bladder wall smooth muscle and suppression of renin release, D: Contraction of urinary bladder wall smooth muscle and reduction of peripheral vascular resistance\nYOUR TASK: Given the information so far, if you are confident to pick an option correctly and factually, respond with the letter choice and NOTHING ELSE. Otherwise, if you are not confident to pick an option and need more information, ask ONE SPECIFIC ATOMIC QUESTION to the patient. The question should be bite-sized, NOT ask for too much at once, and NOT repeat what has already been asked. In this case, respond with the atomic question and NOTHING ELSE.'}]
[2026-04-22 22:48:05,200] [INFO] [ABSTENTION RESPONSE]: A


[2026-04-22 22:48:05,200] [INFO] [IMPLICIT ABSTAIN RETURN]: abstain: False, confidence: 1.0, letter_choice: A, usage: {'input_tokens': 308, 'output_tokens': 3}, atomic_question: None

[2026-04-22 22:48:05,200] [INFO] [Expert System]: {'type': 'choice', 'question': None, 'letter_choice': 'A', 'confidence': 1.0, 'usage': {'input_tokens': 308, 'output_tokens': 3}}
[2026-04-22 22:48:05,200] [INFO] |||||||||||||||||||| Interaction ended for patient #165 | Predicted: A | GT: A | Correct: True ||||||||||||||||||||



[2026-04-22 22:48:05,200] [INFO] |||||||||||||||||||| PATIENT #166 | GT: C (Dihydrorhodamine (DHR) test) ||||||||||||||||||||
[2026-04-22 22:48:05,200] [INFO] ==================== Turn 1 ====================
[2026-04-22 22:48:05,200] [INFO] ++++++++++++++++++++ Start of Implicit Abstention [expert_basics.py:expert_response_choice_or_question()] ++++++++++++++++++++
[2026-04-22 22:48:05,200] [INFO] [<IMPLICIT ABSTAIN PROMPT>] [len(messages)=2] (messages[-1]):
A patient comes into the clinic presenting with a symptom as described in the conversation log below:
    
PATIENT INFORMATION: A 4-year-old boy is referred to the infectious disease clinic for recurrent pneumonia.
CONVERSATION LOG:
None
QUESTION: Which of the following is the next best step in the management of this patient?
OPTIONS: A: CD4+ cell count, B: Bone marrow biopsy, C: Dihydrorhodamine (DHR) test, D: Adenosine deaminase levels
YOUR TASK: Given the information so far, if you are confident to pick an option correctly and factually, respond with the letter choice and NOTHING ELSE. Otherwise, if you are not confident to pick an option and need more information, ask ONE SPECIFIC ATOMIC QUESTION to the patient. The question should be bite-sized, NOT ask for too much at once, and NOT repeat what has already been asked. In this case, respond with the atomic question and NOTHING ELSE.
[2026-04-22 22:48:05,200] [INFO] -------------------- Self-Consistency Iteration 1 --------------------
[2026-04-22 22:48:05,375] [INFO] [<IMPLICIT ABSTAIN LM RES>]: C

[2026-04-22 22:48:05,375] [INFO] [<IMPLICIT ABSTAIN PARSED>]: C
[2026-04-22 22:48:05,375] [INFO] [<IMPLICIT ABSTAIN RETURN>]: atomic_question: None, final_answer: C, conf_score: 1.0 ([1 : 0])
[2026-04-22 22:48:05,375] [INFO] [ABSTENTION PROMPT]: [{'role': 'system', 'content': 'You are a medical doctor trying to reason through a real-life clinical case. Based on your understanding of basic and clinical science, medical knowledge, and mechanisms underlying health, disease, patient care, and modes of therapy, respond according to the task specified by the user. Base your response on the current and standard practices referenced in medical guidelines.'}, {'role': 'user', 'content': 'A patient comes into the clinic presenting with a symptom as described in the conversation log below:\n    \nPATIENT INFORMATION: A 4-year-old boy is referred to the infectious disease clinic for recurrent pneumonia.\nCONVERSATION LOG:\nNone\nQUESTION: Which of the following is the next best step in the management of this patient?\nOPTIONS: A: CD4+ cell count, B: Bone marrow biopsy, C: Dihydrorhodamine (DHR) test, D: Adenosine deaminase levels\nYOUR TASK: Given the information so far, if you are confident to pick an option correctly and factually, respond with the letter choice and NOTHING ELSE. Otherwise, if you are not confident to pick an option and need more information, ask ONE SPECIFIC ATOMIC QUESTION to the patient. The question should be bite-sized, NOT ask for too much at once, and NOT repeat what has already been asked. In this case, respond with the atomic question and NOTHING ELSE.'}]
[2026-04-22 22:48:05,375] [INFO] [ABSTENTION RESPONSE]: C


[2026-04-22 22:48:05,375] [INFO] [IMPLICIT ABSTAIN RETURN]: abstain: False, confidence: 1.0, letter_choice: C, usage: {'input_tokens': 283, 'output_tokens': 3}, atomic_question: None

[2026-04-22 22:48:05,375] [INFO] [Expert System]: {'type': 'choice', 'question': None, 'letter_choice': 'C', 'confidence': 1.0, 'usage': {'input_tokens': 283, 'output_tokens': 3}}
[2026-04-22 22:48:05,375] [INFO] |||||||||||||||||||| Interaction ended for patient #166 | Predicted: C | GT: C | Correct: True ||||||||||||||||||||



[2026-04-22 22:48:05,375] [INFO] |||||||||||||||||||| PATIENT #167 | GT: B (Contralateral lower extremity weakness) ||||||||||||||||||||
[2026-04-22 22:48:05,375] [INFO] ==================== Turn 1 ====================
[2026-04-22 22:48:05,375] [INFO] ++++++++++++++++++++ Start of Implicit Abstention [expert_basics.py:expert_response_choice_or_question()] ++++++++++++++++++++
[2026-04-22 22:48:05,375] [INFO] [<IMPLICIT ABSTAIN PROMPT>] [len(messages)=2] (messages[-1]):
A patient comes into the clinic presenting with a symptom as described in the conversation log below:
    
PATIENT INFORMATION: A 72-year-old man is being transported by emergency medical services to the emergency department for a stroke code.
CONVERSATION LOG:
None
QUESTION: Which of the following will most likely be found on physical exam?
OPTIONS: A: Contralateral hemiparesis, B: Contralateral lower extremity weakness, C: Hemineglect, D: Wernicke aphasia
YOUR TASK: Given the information so far, if you are confident to pick an option correctly and factually, respond with the letter choice and NOTHING ELSE. Otherwise, if you are not confident to pick an option and need more information, ask ONE SPECIFIC ATOMIC QUESTION to the patient. The question should be bite-sized, NOT ask for too much at once, and NOT repeat what has already been asked. In this case, respond with the atomic question and NOTHING ELSE.
[2026-04-22 22:48:05,375] [INFO] -------------------- Self-Consistency Iteration 1 --------------------
[2026-04-22 22:48:05,551] [INFO] [<IMPLICIT ABSTAIN LM RES>]: A

[2026-04-22 22:48:05,551] [INFO] [<IMPLICIT ABSTAIN PARSED>]: A
[2026-04-22 22:48:05,551] [INFO] [<IMPLICIT ABSTAIN RETURN>]: atomic_question: None, final_answer: A, conf_score: 1.0 ([1 : 0])
[2026-04-22 22:48:05,551] [INFO] [ABSTENTION PROMPT]: [{'role': 'system', 'content': 'You are a medical doctor trying to reason through a real-life clinical case. Based on your understanding of basic and clinical science, medical knowledge, and mechanisms underlying health, disease, patient care, and modes of therapy, respond according to the task specified by the user. Base your response on the current and standard practices referenced in medical guidelines.'}, {'role': 'user', 'content': 'A patient comes into the clinic presenting with a symptom as described in the conversation log below:\n    \nPATIENT INFORMATION: A 72-year-old man is being transported by emergency medical services to the emergency department for a stroke code.\nCONVERSATION LOG:\nNone\nQUESTION: Which of the following will most likely be found on physical exam?\nOPTIONS: A: Contralateral hemiparesis, B: Contralateral lower extremity weakness, C: Hemineglect, D: Wernicke aphasia\nYOUR TASK: Given the information so far, if you are confident to pick an option correctly and factually, respond with the letter choice and NOTHING ELSE. Otherwise, if you are not confident to pick an option and need more information, ask ONE SPECIFIC ATOMIC QUESTION to the patient. The question should be bite-sized, NOT ask for too much at once, and NOT repeat what has already been asked. In this case, respond with the atomic question and NOTHING ELSE.'}]
[2026-04-22 22:48:05,551] [INFO] [ABSTENTION RESPONSE]: A


[2026-04-22 22:48:05,551] [INFO] [IMPLICIT ABSTAIN RETURN]: abstain: False, confidence: 1.0, letter_choice: A, usage: {'input_tokens': 286, 'output_tokens': 3}, atomic_question: None

[2026-04-22 22:48:05,551] [INFO] [Expert System]: {'type': 'choice', 'question': None, 'letter_choice': 'A', 'confidence': 1.0, 'usage': {'input_tokens': 286, 'output_tokens': 3}}
[2026-04-22 22:48:05,551] [INFO] |||||||||||||||||||| Interaction ended for patient #167 | Predicted: A | GT: B | Correct: False ||||||||||||||||||||



[2026-04-22 22:48:05,551] [INFO] |||||||||||||||||||| PATIENT #168 | GT: A (Placental abruption) ||||||||||||||||||||
[2026-04-22 22:48:05,551] [INFO] ==================== Turn 1 ====================
[2026-04-22 22:48:05,551] [INFO] ++++++++++++++++++++ Start of Implicit Abstention [expert_basics.py:expert_response_choice_or_question()] ++++++++++++++++++++
[2026-04-22 22:48:05,551] [INFO] [<IMPLICIT ABSTAIN PROMPT>] [len(messages)=2] (messages[-1]):
A patient comes into the clinic presenting with a symptom as described in the conversation log below:
    
PATIENT INFORMATION: A 33-year-old G1P0 at 39 weeks gestation is admitted to the labor and delivery floor for induction of labor.
CONVERSATION LOG:
None
QUESTION: This medication is associated with an increased risk of which of the following complications?
OPTIONS: A: Placental abruption, B: Vasa previa, C: Placenta accreta, D: Preeclampsia
YOUR TASK: Given the information so far, if you are confident to pick an option correctly and factually, respond with the letter choice and NOTHING ELSE. Otherwise, if you are not confident to pick an option and need more information, ask ONE SPECIFIC ATOMIC QUESTION to the patient. The question should be bite-sized, NOT ask for too much at once, and NOT repeat what has already been asked. In this case, respond with the atomic question and NOTHING ELSE.
[2026-04-22 22:48:05,551] [INFO] -------------------- Self-Consistency Iteration 1 --------------------
[2026-04-22 22:48:05,725] [INFO] [<IMPLICIT ABSTAIN LM RES>]: A

[2026-04-22 22:48:05,725] [INFO] [<IMPLICIT ABSTAIN PARSED>]: A
[2026-04-22 22:48:05,725] [INFO] [<IMPLICIT ABSTAIN RETURN>]: atomic_question: None, final_answer: A, conf_score: 1.0 ([1 : 0])
[2026-04-22 22:48:05,725] [INFO] [ABSTENTION PROMPT]: [{'role': 'system', 'content': 'You are a medical doctor trying to reason through a real-life clinical case. Based on your understanding of basic and clinical science, medical knowledge, and mechanisms underlying health, disease, patient care, and modes of therapy, respond according to the task specified by the user. Base your response on the current and standard practices referenced in medical guidelines.'}, {'role': 'user', 'content': 'A patient comes into the clinic presenting with a symptom as described in the conversation log below:\n    \nPATIENT INFORMATION: A 33-year-old G1P0 at 39 weeks gestation is admitted to the labor and delivery floor for induction of labor.\nCONVERSATION LOG:\nNone\nQUESTION: This medication is associated with an increased risk of which of the following complications?\nOPTIONS: A: Placental abruption, B: Vasa previa, C: Placenta accreta, D: Preeclampsia\nYOUR TASK: Given the information so far, if you are confident to pick an option correctly and factually, respond with the letter choice and NOTHING ELSE. Otherwise, if you are not confident to pick an option and need more information, ask ONE SPECIFIC ATOMIC QUESTION to the patient. The question should be bite-sized, NOT ask for too much at once, and NOT repeat what has already been asked. In this case, respond with the atomic question and NOTHING ELSE.'}]
[2026-04-22 22:48:05,725] [INFO] [ABSTENTION RESPONSE]: A


[2026-04-22 22:48:05,725] [INFO] [IMPLICIT ABSTAIN RETURN]: abstain: False, confidence: 1.0, letter_choice: A, usage: {'input_tokens': 284, 'output_tokens': 3}, atomic_question: None

[2026-04-22 22:48:05,725] [INFO] [Expert System]: {'type': 'choice', 'question': None, 'letter_choice': 'A', 'confidence': 1.0, 'usage': {'input_tokens': 284, 'output_tokens': 3}}
[2026-04-22 22:48:05,725] [INFO] |||||||||||||||||||| Interaction ended for patient #168 | Predicted: A | GT: A | Correct: True ||||||||||||||||||||



[2026-04-22 22:48:05,726] [INFO] |||||||||||||||||||| PATIENT #169 | GT: D (Sotalol) ||||||||||||||||||||
[2026-04-22 22:48:05,726] [INFO] ==================== Turn 1 ====================
[2026-04-22 22:48:05,726] [INFO] ++++++++++++++++++++ Start of Implicit Abstention [expert_basics.py:expert_response_choice_or_question()] ++++++++++++++++++++
[2026-04-22 22:48:05,726] [INFO] [<IMPLICIT ABSTAIN PROMPT>] [len(messages)=2] (messages[-1]):
A patient comes into the clinic presenting with a symptom as described in the conversation log below:
    
PATIENT INFORMATION: A 57-year-old Caucasian male presents to your office with heart palpitations and shortness of breath.
CONVERSATION LOG:
None
QUESTION: Which drug has been prescribed?
OPTIONS: A: Flecanide, B: Mexiletine, C: Diltiazem, D: Sotalol
YOUR TASK: Given the information so far, if you are confident to pick an option correctly and factually, respond with the letter choice and NOTHING ELSE. Otherwise, if you are not confident to pick an option and need more information, ask ONE SPECIFIC ATOMIC QUESTION to the patient. The question should be bite-sized, NOT ask for too much at once, and NOT repeat what has already been asked. In this case, respond with the atomic question and NOTHING ELSE.
[2026-04-22 22:48:05,726] [INFO] -------------------- Self-Consistency Iteration 1 --------------------
[2026-04-22 22:48:05,900] [INFO] [<IMPLICIT ABSTAIN LM RES>]: C

[2026-04-22 22:48:05,900] [INFO] [<IMPLICIT ABSTAIN PARSED>]: C
[2026-04-22 22:48:05,900] [INFO] [<IMPLICIT ABSTAIN RETURN>]: atomic_question: None, final_answer: C, conf_score: 1.0 ([1 : 0])
[2026-04-22 22:48:05,900] [INFO] [ABSTENTION PROMPT]: [{'role': 'system', 'content': 'You are a medical doctor trying to reason through a real-life clinical case. Based on your understanding of basic and clinical science, medical knowledge, and mechanisms underlying health, disease, patient care, and modes of therapy, respond according to the task specified by the user. Base your response on the current and standard practices referenced in medical guidelines.'}, {'role': 'user', 'content': 'A patient comes into the clinic presenting with a symptom as described in the conversation log below:\n    \nPATIENT INFORMATION: A 57-year-old Caucasian male presents to your office with heart palpitations and shortness of breath.\nCONVERSATION LOG:\nNone\nQUESTION: Which drug has been prescribed?\nOPTIONS: A: Flecanide, B: Mexiletine, C: Diltiazem, D: Sotalol\nYOUR TASK: Given the information so far, if you are confident to pick an option correctly and factually, respond with the letter choice and NOTHING ELSE. Otherwise, if you are not confident to pick an option and need more information, ask ONE SPECIFIC ATOMIC QUESTION to the patient. The question should be bite-sized, NOT ask for too much at once, and NOT repeat what has already been asked. In this case, respond with the atomic question and NOTHING ELSE.'}]
[2026-04-22 22:48:05,900] [INFO] [ABSTENTION RESPONSE]: C


[2026-04-22 22:48:05,900] [INFO] [IMPLICIT ABSTAIN RETURN]: abstain: False, confidence: 1.0, letter_choice: C, usage: {'input_tokens': 266, 'output_tokens': 3}, atomic_question: None

[2026-04-22 22:48:05,900] [INFO] [Expert System]: {'type': 'choice', 'question': None, 'letter_choice': 'C', 'confidence': 1.0, 'usage': {'input_tokens': 266, 'output_tokens': 3}}
[2026-04-22 22:48:05,901] [INFO] |||||||||||||||||||| Interaction ended for patient #169 | Predicted: C | GT: D | Correct: False ||||||||||||||||||||



[2026-04-22 22:48:05,901] [INFO] |||||||||||||||||||| PATIENT #170 | GT: D (Neuroblastoma) ||||||||||||||||||||
[2026-04-22 22:48:05,901] [INFO] ==================== Turn 1 ====================
[2026-04-22 22:48:05,901] [INFO] ++++++++++++++++++++ Start of Implicit Abstention [expert_basics.py:expert_response_choice_or_question()] ++++++++++++++++++++
[2026-04-22 22:48:05,901] [INFO] [<IMPLICIT ABSTAIN PROMPT>] [len(messages)=2] (messages[-1]):
A patient comes into the clinic presenting with a symptom as described in the conversation log below:
    
PATIENT INFORMATION: A 2-year-old girl is brought to the physician because of abdominal distention and twitching of her feet, which her mother noticed a week ago.
CONVERSATION LOG:
None
QUESTION: Which of the following is the most likely diagnosis?
OPTIONS: A: Hodgkin lymphoma, B: Hepatoblastoma, C: Nephroblastoma, D: Neuroblastoma
YOUR TASK: Given the information so far, if you are confident to pick an option correctly and factually, respond with the letter choice and NOTHING ELSE. Otherwise, if you are not confident to pick an option and need more information, ask ONE SPECIFIC ATOMIC QUESTION to the patient. The question should be bite-sized, NOT ask for too much at once, and NOT repeat what has already been asked. In this case, respond with the atomic question and NOTHING ELSE.
[2026-04-22 22:48:05,901] [INFO] -------------------- Self-Consistency Iteration 1 --------------------
[2026-04-22 22:48:06,074] [INFO] [<IMPLICIT ABSTAIN LM RES>]: D

[2026-04-22 22:48:06,074] [INFO] [<IMPLICIT ABSTAIN PARSED>]: D
[2026-04-22 22:48:06,074] [INFO] [<IMPLICIT ABSTAIN RETURN>]: atomic_question: None, final_answer: D, conf_score: 1.0 ([1 : 0])
[2026-04-22 22:48:06,075] [INFO] [ABSTENTION PROMPT]: [{'role': 'system', 'content': 'You are a medical doctor trying to reason through a real-life clinical case. Based on your understanding of basic and clinical science, medical knowledge, and mechanisms underlying health, disease, patient care, and modes of therapy, respond according to the task specified by the user. Base your response on the current and standard practices referenced in medical guidelines.'}, {'role': 'user', 'content': 'A patient comes into the clinic presenting with a symptom as described in the conversation log below:\n    \nPATIENT INFORMATION: A 2-year-old girl is brought to the physician because of abdominal distention and twitching of her feet, which her mother noticed a week ago.\nCONVERSATION LOG:\nNone\nQUESTION: Which of the following is the most likely diagnosis?\nOPTIONS: A: Hodgkin lymphoma, B: Hepatoblastoma, C: Nephroblastoma, D: Neuroblastoma\nYOUR TASK: Given the information so far, if you are confident to pick an option correctly and factually, respond with the letter choice and NOTHING ELSE. Otherwise, if you are not confident to pick an option and need more information, ask ONE SPECIFIC ATOMIC QUESTION to the patient. The question should be bite-sized, NOT ask for too much at once, and NOT repeat what has already been asked. In this case, respond with the atomic question and NOTHING ELSE.'}]
[2026-04-22 22:48:06,075] [INFO] [ABSTENTION RESPONSE]: D


[2026-04-22 22:48:06,075] [INFO] [IMPLICIT ABSTAIN RETURN]: abstain: False, confidence: 1.0, letter_choice: D, usage: {'input_tokens': 279, 'output_tokens': 3}, atomic_question: None

[2026-04-22 22:48:06,075] [INFO] [Expert System]: {'type': 'choice', 'question': None, 'letter_choice': 'D', 'confidence': 1.0, 'usage': {'input_tokens': 279, 'output_tokens': 3}}
[2026-04-22 22:48:06,075] [INFO] |||||||||||||||||||| Interaction ended for patient #170 | Predicted: D | GT: D | Correct: True ||||||||||||||||||||



[2026-04-22 22:48:06,075] [INFO] |||||||||||||||||||| PATIENT #171 | GT: C (Difficulty chewing and deviation of the jaw to the left) ||||||||||||||||||||
[2026-04-22 22:48:06,075] [INFO] ==================== Turn 1 ====================
[2026-04-22 22:48:06,075] [INFO] ++++++++++++++++++++ Start of Implicit Abstention [expert_basics.py:expert_response_choice_or_question()] ++++++++++++++++++++
[2026-04-22 22:48:06,075] [INFO] [<IMPLICIT ABSTAIN PROMPT>] [len(messages)=2] (messages[-1]):
A patient comes into the clinic presenting with a symptom as described in the conversation log below:
    
PATIENT INFORMATION: A 53-year-old man is brought to the emergency department by his wife after the sudden onset of dizziness, nausea, and left-sided weakness.
CONVERSATION LOG:
None
QUESTION: Which of the following additional findings is most likely in this patient?
OPTIONS: A: Ptosis and inability to look up with the right eye, B: Winging of the left scapula and weakness turning the head to the right, C: Difficulty chewing and deviation of the jaw to the left, D: Inability to smell vanilla or coffee
YOUR TASK: Given the information so far, if you are confident to pick an option correctly and factually, respond with the letter choice and NOTHING ELSE. Otherwise, if you are not confident to pick an option and need more information, ask ONE SPECIFIC ATOMIC QUESTION to the patient. The question should be bite-sized, NOT ask for too much at once, and NOT repeat what has already been asked. In this case, respond with the atomic question and NOTHING ELSE.
[2026-04-22 22:48:06,075] [INFO] -------------------- Self-Consistency Iteration 1 --------------------
[2026-04-22 22:48:06,250] [INFO] [<IMPLICIT ABSTAIN LM RES>]: B

[2026-04-22 22:48:06,250] [INFO] [<IMPLICIT ABSTAIN PARSED>]: B
[2026-04-22 22:48:06,250] [INFO] [<IMPLICIT ABSTAIN RETURN>]: atomic_question: None, final_answer: B, conf_score: 1.0 ([1 : 0])
[2026-04-22 22:48:06,250] [INFO] [ABSTENTION PROMPT]: [{'role': 'system', 'content': 'You are a medical doctor trying to reason through a real-life clinical case. Based on your understanding of basic and clinical science, medical knowledge, and mechanisms underlying health, disease, patient care, and modes of therapy, respond according to the task specified by the user. Base your response on the current and standard practices referenced in medical guidelines.'}, {'role': 'user', 'content': 'A patient comes into the clinic presenting with a symptom as described in the conversation log below:\n    \nPATIENT INFORMATION: A 53-year-old man is brought to the emergency department by his wife after the sudden onset of dizziness, nausea, and left-sided weakness.\nCONVERSATION LOG:\nNone\nQUESTION: Which of the following additional findings is most likely in this patient?\nOPTIONS: A: Ptosis and inability to look up with the right eye, B: Winging of the left scapula and weakness turning the head to the right, C: Difficulty chewing and deviation of the jaw to the left, D: Inability to smell vanilla or coffee\nYOUR TASK: Given the information so far, if you are confident to pick an option correctly and factually, respond with the letter choice and NOTHING ELSE. Otherwise, if you are not confident to pick an option and need more information, ask ONE SPECIFIC ATOMIC QUESTION to the patient. The question should be bite-sized, NOT ask for too much at once, and NOT repeat what has already been asked. In this case, respond with the atomic question and NOTHING ELSE.'}]
[2026-04-22 22:48:06,250] [INFO] [ABSTENTION RESPONSE]: B


[2026-04-22 22:48:06,250] [INFO] [IMPLICIT ABSTAIN RETURN]: abstain: False, confidence: 1.0, letter_choice: B, usage: {'input_tokens': 314, 'output_tokens': 3}, atomic_question: None

[2026-04-22 22:48:06,250] [INFO] [Expert System]: {'type': 'choice', 'question': None, 'letter_choice': 'B', 'confidence': 1.0, 'usage': {'input_tokens': 314, 'output_tokens': 3}}
[2026-04-22 22:48:06,250] [INFO] |||||||||||||||||||| Interaction ended for patient #171 | Predicted: B | GT: C | Correct: False ||||||||||||||||||||



[2026-04-22 22:48:06,251] [INFO] |||||||||||||||||||| PATIENT #172 | GT: A (Enlarged hilar lymph nodes) ||||||||||||||||||||
[2026-04-22 22:48:06,251] [INFO] ==================== Turn 1 ====================
[2026-04-22 22:48:06,251] [INFO] ++++++++++++++++++++ Start of Implicit Abstention [expert_basics.py:expert_response_choice_or_question()] ++++++++++++++++++++
[2026-04-22 22:48:06,251] [INFO] [<IMPLICIT ABSTAIN PROMPT>] [len(messages)=2] (messages[-1]):
A patient comes into the clinic presenting with a symptom as described in the conversation log below:
    
PATIENT INFORMATION: A 38-year-old African American female presents to her primary care physician with uveitis, cough, and arthralgias in her ankles and legs.
CONVERSATION LOG:
None
QUESTION: Which of the following would you expect to see upon chest X-ray:
OPTIONS: A: Enlarged hilar lymph nodes, B: Kerley B Lines, C: Bilateral diaphragmatic elevation., D: Fluid in alveolar walls
YOUR TASK: Given the information so far, if you are confident to pick an option correctly and factually, respond with the letter choice and NOTHING ELSE. Otherwise, if you are not confident to pick an option and need more information, ask ONE SPECIFIC ATOMIC QUESTION to the patient. The question should be bite-sized, NOT ask for too much at once, and NOT repeat what has already been asked. In this case, respond with the atomic question and NOTHING ELSE.
[2026-04-22 22:48:06,251] [INFO] -------------------- Self-Consistency Iteration 1 --------------------
[2026-04-22 22:48:06,426] [INFO] [<IMPLICIT ABSTAIN LM RES>]: A

[2026-04-22 22:48:06,426] [INFO] [<IMPLICIT ABSTAIN PARSED>]: A
[2026-04-22 22:48:06,426] [INFO] [<IMPLICIT ABSTAIN RETURN>]: atomic_question: None, final_answer: A, conf_score: 1.0 ([1 : 0])
[2026-04-22 22:48:06,426] [INFO] [ABSTENTION PROMPT]: [{'role': 'system', 'content': 'You are a medical doctor trying to reason through a real-life clinical case. Based on your understanding of basic and clinical science, medical knowledge, and mechanisms underlying health, disease, patient care, and modes of therapy, respond according to the task specified by the user. Base your response on the current and standard practices referenced in medical guidelines.'}, {'role': 'user', 'content': 'A patient comes into the clinic presenting with a symptom as described in the conversation log below:\n    \nPATIENT INFORMATION: A 38-year-old African American female presents to her primary care physician with uveitis, cough, and arthralgias in her ankles and legs.\nCONVERSATION LOG:\nNone\nQUESTION: Which of the following would you expect to see upon chest X-ray:\nOPTIONS: A: Enlarged hilar lymph nodes, B: Kerley B Lines, C: Bilateral diaphragmatic elevation., D: Fluid in alveolar walls\nYOUR TASK: Given the information so far, if you are confident to pick an option correctly and factually, respond with the letter choice and NOTHING ELSE. Otherwise, if you are not confident to pick an option and need more information, ask ONE SPECIFIC ATOMIC QUESTION to the patient. The question should be bite-sized, NOT ask for too much at once, and NOT repeat what has already been asked. In this case, respond with the atomic question and NOTHING ELSE.'}]
[2026-04-22 22:48:06,426] [INFO] [ABSTENTION RESPONSE]: A


[2026-04-22 22:48:06,426] [INFO] [IMPLICIT ABSTAIN RETURN]: abstain: False, confidence: 1.0, letter_choice: A, usage: {'input_tokens': 292, 'output_tokens': 3}, atomic_question: None

[2026-04-22 22:48:06,426] [INFO] [Expert System]: {'type': 'choice', 'question': None, 'letter_choice': 'A', 'confidence': 1.0, 'usage': {'input_tokens': 292, 'output_tokens': 3}}
[2026-04-22 22:48:06,426] [INFO] |||||||||||||||||||| Interaction ended for patient #172 | Predicted: A | GT: A | Correct: True ||||||||||||||||||||



[2026-04-22 22:48:06,426] [INFO] |||||||||||||||||||| PATIENT #173 | GT: A (MLH1) ||||||||||||||||||||
[2026-04-22 22:48:06,426] [INFO] ==================== Turn 1 ====================
[2026-04-22 22:48:06,426] [INFO] ++++++++++++++++++++ Start of Implicit Abstention [expert_basics.py:expert_response_choice_or_question()] ++++++++++++++++++++
[2026-04-22 22:48:06,426] [INFO] [<IMPLICIT ABSTAIN PROMPT>] [len(messages)=2] (messages[-1]):
A patient comes into the clinic presenting with a symptom as described in the conversation log below:
    
PATIENT INFORMATION: A previously healthy 41-year-old man comes to the physician for evaluation of a 1-month history of painless, intermittent bleeding on defecation, which he discovered while wiping.
CONVERSATION LOG:
None
QUESTION: A mutation of which of the following genes is most likely responsible for this patient's condition?
OPTIONS: A: MLH1, B: TP53, C: DCC, D: KRAS
YOUR TASK: Given the information so far, if you are confident to pick an option correctly and factually, respond with the letter choice and NOTHING ELSE. Otherwise, if you are not confident to pick an option and need more information, ask ONE SPECIFIC ATOMIC QUESTION to the patient. The question should be bite-sized, NOT ask for too much at once, and NOT repeat what has already been asked. In this case, respond with the atomic question and NOTHING ELSE.
[2026-04-22 22:48:06,426] [INFO] -------------------- Self-Consistency Iteration 1 --------------------
[2026-04-22 22:48:06,602] [INFO] [<IMPLICIT ABSTAIN LM RES>]: C

[2026-04-22 22:48:06,602] [INFO] [<IMPLICIT ABSTAIN PARSED>]: C
[2026-04-22 22:48:06,602] [INFO] [<IMPLICIT ABSTAIN RETURN>]: atomic_question: None, final_answer: C, conf_score: 1.0 ([1 : 0])
[2026-04-22 22:48:06,602] [INFO] [ABSTENTION PROMPT]: [{'role': 'system', 'content': 'You are a medical doctor trying to reason through a real-life clinical case. Based on your understanding of basic and clinical science, medical knowledge, and mechanisms underlying health, disease, patient care, and modes of therapy, respond according to the task specified by the user. Base your response on the current and standard practices referenced in medical guidelines.'}, {'role': 'user', 'content': "A patient comes into the clinic presenting with a symptom as described in the conversation log below:\n    \nPATIENT INFORMATION: A previously healthy 41-year-old man comes to the physician for evaluation of a 1-month history of painless, intermittent bleeding on defecation, which he discovered while wiping.\nCONVERSATION LOG:\nNone\nQUESTION: A mutation of which of the following genes is most likely responsible for this patient's condition?\nOPTIONS: A: MLH1, B: TP53, C: DCC, D: KRAS\nYOUR TASK: Given the information so far, if you are confident to pick an option correctly and factually, respond with the letter choice and NOTHING ELSE. Otherwise, if you are not confident to pick an option and need more information, ask ONE SPECIFIC ATOMIC QUESTION to the patient. The question should be bite-sized, NOT ask for too much at once, and NOT repeat what has already been asked. In this case, respond with the atomic question and NOTHING ELSE."}]
[2026-04-22 22:48:06,602] [INFO] [ABSTENTION RESPONSE]: C


[2026-04-22 22:48:06,602] [INFO] [IMPLICIT ABSTAIN RETURN]: abstain: False, confidence: 1.0, letter_choice: C, usage: {'input_tokens': 292, 'output_tokens': 3}, atomic_question: None

[2026-04-22 22:48:06,602] [INFO] [Expert System]: {'type': 'choice', 'question': None, 'letter_choice': 'C', 'confidence': 1.0, 'usage': {'input_tokens': 292, 'output_tokens': 3}}
[2026-04-22 22:48:06,602] [INFO] |||||||||||||||||||| Interaction ended for patient #173 | Predicted: C | GT: A | Correct: False ||||||||||||||||||||



[2026-04-22 22:48:06,602] [INFO] |||||||||||||||||||| PATIENT #174 | GT: A (Endothelin-1 receptor antagonist) ||||||||||||||||||||
[2026-04-22 22:48:06,602] [INFO] ==================== Turn 1 ====================
[2026-04-22 22:48:06,602] [INFO] ++++++++++++++++++++ Start of Implicit Abstention [expert_basics.py:expert_response_choice_or_question()] ++++++++++++++++++++
[2026-04-22 22:48:06,602] [INFO] [<IMPLICIT ABSTAIN PROMPT>] [len(messages)=2] (messages[-1]):
A patient comes into the clinic presenting with a symptom as described in the conversation log below:
    
PATIENT INFORMATION: A 49-year-old woman presents to her pulmonologist for a follow-up visit.
CONVERSATION LOG:
None
QUESTION: This medication has which of the following mechanisms of action?
OPTIONS: A: Endothelin-1 receptor antagonist, B: Beta-2-adrenergic receptor agonist, C: Phospholipase A2 antagonist, D: Phosphodiesterase type 5 antagonist
YOUR TASK: Given the information so far, if you are confident to pick an option correctly and factually, respond with the letter choice and NOTHING ELSE. Otherwise, if you are not confident to pick an option and need more information, ask ONE SPECIFIC ATOMIC QUESTION to the patient. The question should be bite-sized, NOT ask for too much at once, and NOT repeat what has already been asked. In this case, respond with the atomic question and NOTHING ELSE.
[2026-04-22 22:48:06,602] [INFO] -------------------- Self-Consistency Iteration 1 --------------------
[2026-04-22 22:48:06,776] [INFO] [<IMPLICIT ABSTAIN LM RES>]: B

[2026-04-22 22:48:06,776] [INFO] [<IMPLICIT ABSTAIN PARSED>]: B
[2026-04-22 22:48:06,776] [INFO] [<IMPLICIT ABSTAIN RETURN>]: atomic_question: None, final_answer: B, conf_score: 1.0 ([1 : 0])
[2026-04-22 22:48:06,776] [INFO] [ABSTENTION PROMPT]: [{'role': 'system', 'content': 'You are a medical doctor trying to reason through a real-life clinical case. Based on your understanding of basic and clinical science, medical knowledge, and mechanisms underlying health, disease, patient care, and modes of therapy, respond according to the task specified by the user. Base your response on the current and standard practices referenced in medical guidelines.'}, {'role': 'user', 'content': 'A patient comes into the clinic presenting with a symptom as described in the conversation log below:\n    \nPATIENT INFORMATION: A 49-year-old woman presents to her pulmonologist for a follow-up visit.\nCONVERSATION LOG:\nNone\nQUESTION: This medication has which of the following mechanisms of action?\nOPTIONS: A: Endothelin-1 receptor antagonist, B: Beta-2-adrenergic receptor agonist, C: Phospholipase A2 antagonist, D: Phosphodiesterase type 5 antagonist\nYOUR TASK: Given the information so far, if you are confident to pick an option correctly and factually, respond with the letter choice and NOTHING ELSE. Otherwise, if you are not confident to pick an option and need more information, ask ONE SPECIFIC ATOMIC QUESTION to the patient. The question should be bite-sized, NOT ask for too much at once, and NOT repeat what has already been asked. In this case, respond with the atomic question and NOTHING ELSE.'}]
[2026-04-22 22:48:06,776] [INFO] [ABSTENTION RESPONSE]: B


[2026-04-22 22:48:06,776] [INFO] [IMPLICIT ABSTAIN RETURN]: abstain: False, confidence: 1.0, letter_choice: B, usage: {'input_tokens': 284, 'output_tokens': 3}, atomic_question: None

[2026-04-22 22:48:06,776] [INFO] [Expert System]: {'type': 'choice', 'question': None, 'letter_choice': 'B', 'confidence': 1.0, 'usage': {'input_tokens': 284, 'output_tokens': 3}}
[2026-04-22 22:48:06,776] [INFO] |||||||||||||||||||| Interaction ended for patient #174 | Predicted: B | GT: A | Correct: False ||||||||||||||||||||



[2026-04-22 22:48:06,776] [INFO] |||||||||||||||||||| PATIENT #175 | GT: D (Desmopressin) ||||||||||||||||||||
[2026-04-22 22:48:06,776] [INFO] ==================== Turn 1 ====================
[2026-04-22 22:48:06,776] [INFO] ++++++++++++++++++++ Start of Implicit Abstention [expert_basics.py:expert_response_choice_or_question()] ++++++++++++++++++++
[2026-04-22 22:48:06,776] [INFO] [<IMPLICIT ABSTAIN PROMPT>] [len(messages)=2] (messages[-1]):
A patient comes into the clinic presenting with a symptom as described in the conversation log below:
    
PATIENT INFORMATION: A 14-year-old girl is brought to the physician by her mother for the evaluation of recurrent episodes of nose bleeding for several months.
CONVERSATION LOG:
None
QUESTION: Which of the following is the most appropriate next step in treatment?"
OPTIONS: A: Oral prednisone, B: Intravenous immunoglobulins, C: Tranexamic acid, D: Desmopressin
YOUR TASK: Given the information so far, if you are confident to pick an option correctly and factually, respond with the letter choice and NOTHING ELSE. Otherwise, if you are not confident to pick an option and need more information, ask ONE SPECIFIC ATOMIC QUESTION to the patient. The question should be bite-sized, NOT ask for too much at once, and NOT repeat what has already been asked. In this case, respond with the atomic question and NOTHING ELSE.
[2026-04-22 22:48:06,776] [INFO] -------------------- Self-Consistency Iteration 1 --------------------
[2026-04-22 22:48:06,951] [INFO] [<IMPLICIT ABSTAIN LM RES>]: C

[2026-04-22 22:48:06,951] [INFO] [<IMPLICIT ABSTAIN PARSED>]: C
[2026-04-22 22:48:06,951] [INFO] [<IMPLICIT ABSTAIN RETURN>]: atomic_question: None, final_answer: C, conf_score: 1.0 ([1 : 0])
[2026-04-22 22:48:06,951] [INFO] [ABSTENTION PROMPT]: [{'role': 'system', 'content': 'You are a medical doctor trying to reason through a real-life clinical case. Based on your understanding of basic and clinical science, medical knowledge, and mechanisms underlying health, disease, patient care, and modes of therapy, respond according to the task specified by the user. Base your response on the current and standard practices referenced in medical guidelines.'}, {'role': 'user', 'content': 'A patient comes into the clinic presenting with a symptom as described in the conversation log below:\n    \nPATIENT INFORMATION: A 14-year-old girl is brought to the physician by her mother for the evaluation of recurrent episodes of nose bleeding for several months.\nCONVERSATION LOG:\nNone\nQUESTION: Which of the following is the most appropriate next step in treatment?"\nOPTIONS: A: Oral prednisone, B: Intravenous immunoglobulins, C: Tranexamic acid, D: Desmopressin\nYOUR TASK: Given the information so far, if you are confident to pick an option correctly and factually, respond with the letter choice and NOTHING ELSE. Otherwise, if you are not confident to pick an option and need more information, ask ONE SPECIFIC ATOMIC QUESTION to the patient. The question should be bite-sized, NOT ask for too much at once, and NOT repeat what has already been asked. In this case, respond with the atomic question and NOTHING ELSE.'}]
[2026-04-22 22:48:06,951] [INFO] [ABSTENTION RESPONSE]: C


[2026-04-22 22:48:06,951] [INFO] [IMPLICIT ABSTAIN RETURN]: abstain: False, confidence: 1.0, letter_choice: C, usage: {'input_tokens': 283, 'output_tokens': 3}, atomic_question: None

[2026-04-22 22:48:06,951] [INFO] [Expert System]: {'type': 'choice', 'question': None, 'letter_choice': 'C', 'confidence': 1.0, 'usage': {'input_tokens': 283, 'output_tokens': 3}}
[2026-04-22 22:48:06,951] [INFO] |||||||||||||||||||| Interaction ended for patient #175 | Predicted: C | GT: D | Correct: False ||||||||||||||||||||



[2026-04-22 22:48:06,951] [INFO] |||||||||||||||||||| PATIENT #176 | GT: B (Hyperinsulinemia) ||||||||||||||||||||
[2026-04-22 22:48:06,951] [INFO] ==================== Turn 1 ====================
[2026-04-22 22:48:06,951] [INFO] ++++++++++++++++++++ Start of Implicit Abstention [expert_basics.py:expert_response_choice_or_question()] ++++++++++++++++++++
[2026-04-22 22:48:06,951] [INFO] [<IMPLICIT ABSTAIN PROMPT>] [len(messages)=2] (messages[-1]):
A patient comes into the clinic presenting with a symptom as described in the conversation log below:
    
PATIENT INFORMATION: A 29-year-old G3P2 undergoes a cesarean section at 38 weeks gestation and delivers a boy weighing 4570 g with Apgar scores of 5 and 8 at 1 and 5 minutes, respectively.
CONVERSATION LOG:
None
QUESTION: Which of the following is the most probable cause of the newborn’s condition?
OPTIONS: A: Microangiopathy, B: Hyperinsulinemia, C: Hyperglycemia, D: Polycythemia
YOUR TASK: Given the information so far, if you are confident to pick an option correctly and factually, respond with the letter choice and NOTHING ELSE. Otherwise, if you are not confident to pick an option and need more information, ask ONE SPECIFIC ATOMIC QUESTION to the patient. The question should be bite-sized, NOT ask for too much at once, and NOT repeat what has already been asked. In this case, respond with the atomic question and NOTHING ELSE.
[2026-04-22 22:48:06,951] [INFO] -------------------- Self-Consistency Iteration 1 --------------------
[2026-04-22 22:48:07,126] [INFO] [<IMPLICIT ABSTAIN LM RES>]: A

[2026-04-22 22:48:07,127] [INFO] [<IMPLICIT ABSTAIN PARSED>]: A
[2026-04-22 22:48:07,127] [INFO] [<IMPLICIT ABSTAIN RETURN>]: atomic_question: None, final_answer: A, conf_score: 1.0 ([1 : 0])
[2026-04-22 22:48:07,127] [INFO] [ABSTENTION PROMPT]: [{'role': 'system', 'content': 'You are a medical doctor trying to reason through a real-life clinical case. Based on your understanding of basic and clinical science, medical knowledge, and mechanisms underlying health, disease, patient care, and modes of therapy, respond according to the task specified by the user. Base your response on the current and standard practices referenced in medical guidelines.'}, {'role': 'user', 'content': 'A patient comes into the clinic presenting with a symptom as described in the conversation log below:\n    \nPATIENT INFORMATION: A 29-year-old G3P2 undergoes a cesarean section at 38 weeks gestation and delivers a boy weighing 4570 g with Apgar scores of 5 and 8 at 1 and 5 minutes, respectively.\nCONVERSATION LOG:\nNone\nQUESTION: Which of the following is the most probable cause of the newborn’s condition?\nOPTIONS: A: Microangiopathy, B: Hyperinsulinemia, C: Hyperglycemia, D: Polycythemia\nYOUR TASK: Given the information so far, if you are confident to pick an option correctly and factually, respond with the letter choice and NOTHING ELSE. Otherwise, if you are not confident to pick an option and need more information, ask ONE SPECIFIC ATOMIC QUESTION to the patient. The question should be bite-sized, NOT ask for too much at once, and NOT repeat what has already been asked. In this case, respond with the atomic question and NOTHING ELSE.'}]
[2026-04-22 22:48:07,127] [INFO] [ABSTENTION RESPONSE]: A


[2026-04-22 22:48:07,127] [INFO] [IMPLICIT ABSTAIN RETURN]: abstain: False, confidence: 1.0, letter_choice: A, usage: {'input_tokens': 309, 'output_tokens': 3}, atomic_question: None

[2026-04-22 22:48:07,127] [INFO] [Expert System]: {'type': 'choice', 'question': None, 'letter_choice': 'A', 'confidence': 1.0, 'usage': {'input_tokens': 309, 'output_tokens': 3}}
[2026-04-22 22:48:07,127] [INFO] |||||||||||||||||||| Interaction ended for patient #176 | Predicted: A | GT: B | Correct: False ||||||||||||||||||||



[2026-04-22 22:48:07,127] [INFO] |||||||||||||||||||| PATIENT #177 | GT: A (Bupropion) ||||||||||||||||||||
[2026-04-22 22:48:07,127] [INFO] ==================== Turn 1 ====================
[2026-04-22 22:48:07,127] [INFO] ++++++++++++++++++++ Start of Implicit Abstention [expert_basics.py:expert_response_choice_or_question()] ++++++++++++++++++++
[2026-04-22 22:48:07,127] [INFO] [<IMPLICIT ABSTAIN PROMPT>] [len(messages)=2] (messages[-1]):
A patient comes into the clinic presenting with a symptom as described in the conversation log below:
    
PATIENT INFORMATION: A 19-year-old woman is brought to the emergency department by ambulance after experiencing a first-time seizure.
CONVERSATION LOG:
None
QUESTION: What medication is the patient most likely taking?
OPTIONS: A: Bupropion, B: Gabapentin, C: Selegiline, D: Amitriptyline
YOUR TASK: Given the information so far, if you are confident to pick an option correctly and factually, respond with the letter choice and NOTHING ELSE. Otherwise, if you are not confident to pick an option and need more information, ask ONE SPECIFIC ATOMIC QUESTION to the patient. The question should be bite-sized, NOT ask for too much at once, and NOT repeat what has already been asked. In this case, respond with the atomic question and NOTHING ELSE.
[2026-04-22 22:48:07,127] [INFO] -------------------- Self-Consistency Iteration 1 --------------------
[2026-04-22 22:48:08,336] [INFO] [<IMPLICIT ABSTAIN LM RES>]: I am not confident in selecting the most likely medication based on the limited information provided.

What other medications, if any, is the patient currently taking?

[2026-04-22 22:48:08,336] [INFO] [<IMPLICIT ABSTAIN PARSED>]: What other medications, if any, is the patient currently taking?
[2026-04-22 22:48:08,336] [INFO] [<IMPLICIT ABSTAIN RETURN>]: atomic_question: What other medications, if any, is the patient currently taking?, final_answer: None, conf_score: 0.0 ([0 : 1])
[2026-04-22 22:48:08,336] [INFO] [ABSTENTION PROMPT]: [{'role': 'system', 'content': 'You are a medical doctor trying to reason through a real-life clinical case. Based on your understanding of basic and clinical science, medical knowledge, and mechanisms underlying health, disease, patient care, and modes of therapy, respond according to the task specified by the user. Base your response on the current and standard practices referenced in medical guidelines.'}, {'role': 'user', 'content': 'A patient comes into the clinic presenting with a symptom as described in the conversation log below:\n    \nPATIENT INFORMATION: A 19-year-old woman is brought to the emergency department by ambulance after experiencing a first-time seizure.\nCONVERSATION LOG:\nNone\nQUESTION: What medication is the patient most likely taking?\nOPTIONS: A: Bupropion, B: Gabapentin, C: Selegiline, D: Amitriptyline\nYOUR TASK: Given the information so far, if you are confident to pick an option correctly and factually, respond with the letter choice and NOTHING ELSE. Otherwise, if you are not confident to pick an option and need more information, ask ONE SPECIFIC ATOMIC QUESTION to the patient. The question should be bite-sized, NOT ask for too much at once, and NOT repeat what has already been asked. In this case, respond with the atomic question and NOTHING ELSE.'}]
[2026-04-22 22:48:08,336] [INFO] [ABSTENTION RESPONSE]: I am not confident in selecting the most likely medication based on the limited information provided.

What other medications, if any, is the patient currently taking?


[2026-04-22 22:48:08,336] [INFO] ++++++++++++++++++++ Start of Multiple Chocie Decision [expert_basics.py:expert_response_choice()] ++++++++++++++++++++
[2026-04-22 22:48:08,336] [INFO] [<CHOICE PROMPT>] [len(messages)=2] (messages[-1]):
A patient comes into the clinic presenting with a symptom as described in the conversation log below:
    
PATIENT INFORMATION: A 19-year-old woman is brought to the emergency department by ambulance after experiencing a first-time seizure.
CONVERSATION LOG:
None
QUESTION: What medication is the patient most likely taking?
OPTIONS: A: Bupropion, B: Gabapentin, C: Selegiline, D: Amitriptyline
YOUR TASK: Assume that you already have enough information from the above question-answer pairs to answer the patient inquiry, use the above information to produce a factual conclusion. Respond with the correct letter choice (A, B, C, or D) and NOTHING ELSE.
LETTER CHOICE: 
[2026-04-22 22:48:08,514] [INFO] [<CHOICE LM RES>]: B

[2026-04-22 22:48:08,514] [INFO] [<CHOICE PARSED>]: B
[2026-04-22 22:48:08,514] [INFO] [IMPLICIT ABSTAIN RETURN]: abstain: True, confidence: 0.0, letter_choice: B, usage: {'input_tokens': 499, 'output_tokens': 36}, atomic_question: What other medications, if any, is the patient currently taking?

[2026-04-22 22:48:08,514] [INFO] [Expert System]: {'type': 'question', 'question': 'What other medications, if any, is the patient currently taking?', 'letter_choice': 'B', 'confidence': 0.0, 'usage': {'input_tokens': 499, 'output_tokens': 36}}
[2026-04-22 22:48:09,592] [INFO] [Patient System]: 10. For the past 10 days, she has been taking her roommate’s antidepressant medication instead of her prescribed medication.

[2026-04-22 22:48:09,593] [INFO] ==================== Turn 2 ====================
[2026-04-22 22:48:09,593] [INFO] ++++++++++++++++++++ Start of Implicit Abstention [expert_basics.py:expert_response_choice_or_question()] ++++++++++++++++++++
[2026-04-22 22:48:09,593] [INFO] [<IMPLICIT ABSTAIN PROMPT>] [len(messages)=2] (messages[-1]):
A patient comes into the clinic presenting with a symptom as described in the conversation log below:
    
PATIENT INFORMATION: A 19-year-old woman is brought to the emergency department by ambulance after experiencing a first-time seizure.
CONVERSATION LOG:
Doctor Question: What other medications, if any, is the patient currently taking?
Patient Response: 10. For the past 10 days, she has been taking her roommate’s antidepressant medication instead of her prescribed medication.

QUESTION: What medication is the patient most likely taking?
OPTIONS: A: Bupropion, B: Gabapentin, C: Selegiline, D: Amitriptyline
YOUR TASK: Given the information so far, if you are confident to pick an option correctly and factually, respond with the letter choice and NOTHING ELSE. Otherwise, if you are not confident to pick an option and need more information, ask ONE SPECIFIC ATOMIC QUESTION to the patient. The question should be bite-sized, NOT ask for too much at once, and NOT repeat what has already been asked. In this case, respond with the atomic question and NOTHING ELSE.
[2026-04-22 22:48:09,593] [INFO] -------------------- Self-Consistency Iteration 1 --------------------
[2026-04-22 22:48:09,768] [INFO] [<IMPLICIT ABSTAIN LM RES>]: A

[2026-04-22 22:48:09,768] [INFO] [<IMPLICIT ABSTAIN PARSED>]: A
[2026-04-22 22:48:09,768] [INFO] [<IMPLICIT ABSTAIN RETURN>]: atomic_question: None, final_answer: A, conf_score: 1.0 ([1 : 0])
[2026-04-22 22:48:09,768] [INFO] [ABSTENTION PROMPT]: [{'role': 'system', 'content': 'You are a medical doctor trying to reason through a real-life clinical case. Based on your understanding of basic and clinical science, medical knowledge, and mechanisms underlying health, disease, patient care, and modes of therapy, respond according to the task specified by the user. Base your response on the current and standard practices referenced in medical guidelines.'}, {'role': 'user', 'content': 'A patient comes into the clinic presenting with a symptom as described in the conversation log below:\n    \nPATIENT INFORMATION: A 19-year-old woman is brought to the emergency department by ambulance after experiencing a first-time seizure.\nCONVERSATION LOG:\nDoctor Question: What other medications, if any, is the patient currently taking?\nPatient Response: 10. For the past 10 days, she has been taking her roommate’s antidepressant medication instead of her prescribed medication.\n\nQUESTION: What medication is the patient most likely taking?\nOPTIONS: A: Bupropion, B: Gabapentin, C: Selegiline, D: Amitriptyline\nYOUR TASK: Given the information so far, if you are confident to pick an option correctly and factually, respond with the letter choice and NOTHING ELSE. Otherwise, if you are not confident to pick an option and need more information, ask ONE SPECIFIC ATOMIC QUESTION to the patient. The question should be bite-sized, NOT ask for too much at once, and NOT repeat what has already been asked. In this case, respond with the atomic question and NOTHING ELSE.'}]
[2026-04-22 22:48:09,768] [INFO] [ABSTENTION RESPONSE]: A


[2026-04-22 22:48:09,768] [INFO] [IMPLICIT ABSTAIN RETURN]: abstain: False, confidence: 1.0, letter_choice: A, usage: {'input_tokens': 316, 'output_tokens': 3}, atomic_question: None

[2026-04-22 22:48:09,768] [INFO] [Expert System]: {'type': 'choice', 'question': None, 'letter_choice': 'A', 'confidence': 1.0, 'usage': {'input_tokens': 316, 'output_tokens': 3}}
[2026-04-22 22:48:09,768] [INFO] |||||||||||||||||||| Interaction ended for patient #177 | Predicted: A | GT: A | Correct: True ||||||||||||||||||||



[2026-04-22 22:48:09,769] [INFO] |||||||||||||||||||| PATIENT #178 | GT: C (Increased production of cyclic adenosine monophosphate) ||||||||||||||||||||
[2026-04-22 22:48:09,769] [INFO] ==================== Turn 1 ====================
[2026-04-22 22:48:09,769] [INFO] ++++++++++++++++++++ Start of Implicit Abstention [expert_basics.py:expert_response_choice_or_question()] ++++++++++++++++++++
[2026-04-22 22:48:09,769] [INFO] [<IMPLICIT ABSTAIN PROMPT>] [len(messages)=2] (messages[-1]):
A patient comes into the clinic presenting with a symptom as described in the conversation log below:
    
PATIENT INFORMATION: A 59-year-old man with long-standing hypertension is brought to the emergency department because of vomiting and headache for 2 hours.
CONVERSATION LOG:
None
QUESTION: Which of the following intracellular changes is most likely to occur in renal vascular smooth muscle as a result of this drug?
OPTIONS: A: Increased activity of protein kinase C, B: Increased activity of guanylate cyclase, C: Increased production of cyclic adenosine monophosphate, D: Increased intracellular concentration of calcium
YOUR TASK: Given the information so far, if you are confident to pick an option correctly and factually, respond with the letter choice and NOTHING ELSE. Otherwise, if you are not confident to pick an option and need more information, ask ONE SPECIFIC ATOMIC QUESTION to the patient. The question should be bite-sized, NOT ask for too much at once, and NOT repeat what has already been asked. In this case, respond with the atomic question and NOTHING ELSE.
[2026-04-22 22:48:09,769] [INFO] -------------------- Self-Consistency Iteration 1 --------------------
[2026-04-22 22:48:09,950] [INFO] [<IMPLICIT ABSTAIN LM RES>]: D

[2026-04-22 22:48:09,950] [INFO] [<IMPLICIT ABSTAIN PARSED>]: D
[2026-04-22 22:48:09,950] [INFO] [<IMPLICIT ABSTAIN RETURN>]: atomic_question: None, final_answer: D, conf_score: 1.0 ([1 : 0])
[2026-04-22 22:48:09,950] [INFO] [ABSTENTION PROMPT]: [{'role': 'system', 'content': 'You are a medical doctor trying to reason through a real-life clinical case. Based on your understanding of basic and clinical science, medical knowledge, and mechanisms underlying health, disease, patient care, and modes of therapy, respond according to the task specified by the user. Base your response on the current and standard practices referenced in medical guidelines.'}, {'role': 'user', 'content': 'A patient comes into the clinic presenting with a symptom as described in the conversation log below:\n    \nPATIENT INFORMATION: A 59-year-old man with long-standing hypertension is brought to the emergency department because of vomiting and headache for 2 hours.\nCONVERSATION LOG:\nNone\nQUESTION: Which of the following intracellular changes is most likely to occur in renal vascular smooth muscle as a result of this drug?\nOPTIONS: A: Increased activity of protein kinase C, B: Increased activity of guanylate cyclase, C: Increased production of cyclic adenosine monophosphate, D: Increased intracellular concentration of calcium\nYOUR TASK: Given the information so far, if you are confident to pick an option correctly and factually, respond with the letter choice and NOTHING ELSE. Otherwise, if you are not confident to pick an option and need more information, ask ONE SPECIFIC ATOMIC QUESTION to the patient. The question should be bite-sized, NOT ask for too much at once, and NOT repeat what has already been asked. In this case, respond with the atomic question and NOTHING ELSE.'}]
[2026-04-22 22:48:09,950] [INFO] [ABSTENTION RESPONSE]: D


[2026-04-22 22:48:09,950] [INFO] [IMPLICIT ABSTAIN RETURN]: abstain: False, confidence: 1.0, letter_choice: D, usage: {'input_tokens': 303, 'output_tokens': 3}, atomic_question: None

[2026-04-22 22:48:09,950] [INFO] [Expert System]: {'type': 'choice', 'question': None, 'letter_choice': 'D', 'confidence': 1.0, 'usage': {'input_tokens': 303, 'output_tokens': 3}}
[2026-04-22 22:48:09,950] [INFO] |||||||||||||||||||| Interaction ended for patient #178 | Predicted: D | GT: C | Correct: False ||||||||||||||||||||



[2026-04-22 22:48:09,950] [INFO] |||||||||||||||||||| PATIENT #179 | GT: B (IgA deficiency) ||||||||||||||||||||
[2026-04-22 22:48:09,950] [INFO] ==================== Turn 1 ====================
[2026-04-22 22:48:09,950] [INFO] ++++++++++++++++++++ Start of Implicit Abstention [expert_basics.py:expert_response_choice_or_question()] ++++++++++++++++++++
[2026-04-22 22:48:09,950] [INFO] [<IMPLICIT ABSTAIN PROMPT>] [len(messages)=2] (messages[-1]):
A patient comes into the clinic presenting with a symptom as described in the conversation log below:
    
PATIENT INFORMATION: A 4-year-old boy is referred to the transfusion clinic with malaise, fever, bilateral conjunctivitis, erythema of the oral mucosa, macular rash of the trunk, and inguinal lymphadenopathy following several days of loose stool.
CONVERSATION LOG:
None
QUESTION: Of the following options, which underlying condition could cause this reaction?
OPTIONS: A: Bruton's agammaglobulinemia, B: IgA deficiency, C: Hyper-IgM syndrome, D: Hyper-IgD syndrome
YOUR TASK: Given the information so far, if you are confident to pick an option correctly and factually, respond with the letter choice and NOTHING ELSE. Otherwise, if you are not confident to pick an option and need more information, ask ONE SPECIFIC ATOMIC QUESTION to the patient. The question should be bite-sized, NOT ask for too much at once, and NOT repeat what has already been asked. In this case, respond with the atomic question and NOTHING ELSE.
[2026-04-22 22:48:09,950] [INFO] -------------------- Self-Consistency Iteration 1 --------------------
[2026-04-22 22:48:10,126] [INFO] [<IMPLICIT ABSTAIN LM RES>]: C

[2026-04-22 22:48:10,126] [INFO] [<IMPLICIT ABSTAIN PARSED>]: C
[2026-04-22 22:48:10,126] [INFO] [<IMPLICIT ABSTAIN RETURN>]: atomic_question: None, final_answer: C, conf_score: 1.0 ([1 : 0])
[2026-04-22 22:48:10,126] [INFO] [ABSTENTION PROMPT]: [{'role': 'system', 'content': 'You are a medical doctor trying to reason through a real-life clinical case. Based on your understanding of basic and clinical science, medical knowledge, and mechanisms underlying health, disease, patient care, and modes of therapy, respond according to the task specified by the user. Base your response on the current and standard practices referenced in medical guidelines.'}, {'role': 'user', 'content': "A patient comes into the clinic presenting with a symptom as described in the conversation log below:\n    \nPATIENT INFORMATION: A 4-year-old boy is referred to the transfusion clinic with malaise, fever, bilateral conjunctivitis, erythema of the oral mucosa, macular rash of the trunk, and inguinal lymphadenopathy following several days of loose stool.\nCONVERSATION LOG:\nNone\nQUESTION: Of the following options, which underlying condition could cause this reaction?\nOPTIONS: A: Bruton's agammaglobulinemia, B: IgA deficiency, C: Hyper-IgM syndrome, D: Hyper-IgD syndrome\nYOUR TASK: Given the information so far, if you are confident to pick an option correctly and factually, respond with the letter choice and NOTHING ELSE. Otherwise, if you are not confident to pick an option and need more information, ask ONE SPECIFIC ATOMIC QUESTION to the patient. The question should be bite-sized, NOT ask for too much at once, and NOT repeat what has already been asked. In this case, respond with the atomic question and NOTHING ELSE."}]
[2026-04-22 22:48:10,126] [INFO] [ABSTENTION RESPONSE]: C


[2026-04-22 22:48:10,126] [INFO] [IMPLICIT ABSTAIN RETURN]: abstain: False, confidence: 1.0, letter_choice: C, usage: {'input_tokens': 308, 'output_tokens': 3}, atomic_question: None

[2026-04-22 22:48:10,126] [INFO] [Expert System]: {'type': 'choice', 'question': None, 'letter_choice': 'C', 'confidence': 1.0, 'usage': {'input_tokens': 308, 'output_tokens': 3}}
[2026-04-22 22:48:10,126] [INFO] |||||||||||||||||||| Interaction ended for patient #179 | Predicted: C | GT: B | Correct: False ||||||||||||||||||||



[2026-04-22 22:48:10,126] [INFO] |||||||||||||||||||| PATIENT #180 | GT: C (Autosomal recessive) ||||||||||||||||||||
[2026-04-22 22:48:10,126] [INFO] ==================== Turn 1 ====================
[2026-04-22 22:48:10,126] [INFO] ++++++++++++++++++++ Start of Implicit Abstention [expert_basics.py:expert_response_choice_or_question()] ++++++++++++++++++++
[2026-04-22 22:48:10,126] [INFO] [<IMPLICIT ABSTAIN PROMPT>] [len(messages)=2] (messages[-1]):
A patient comes into the clinic presenting with a symptom as described in the conversation log below:
    
PATIENT INFORMATION: A 19-year-old man presents to the physician due to progressively worsening weakness.
CONVERSATION LOG:
None
QUESTION: What is the mode of inheritance for this patient's disease?
OPTIONS: A: Autosomal dominant, B: X-linked recessive, C: Autosomal recessive, D: X-linked dominant
YOUR TASK: Given the information so far, if you are confident to pick an option correctly and factually, respond with the letter choice and NOTHING ELSE. Otherwise, if you are not confident to pick an option and need more information, ask ONE SPECIFIC ATOMIC QUESTION to the patient. The question should be bite-sized, NOT ask for too much at once, and NOT repeat what has already been asked. In this case, respond with the atomic question and NOTHING ELSE.
[2026-04-22 22:48:10,126] [INFO] -------------------- Self-Consistency Iteration 1 --------------------
[2026-04-22 22:48:11,404] [INFO] [<IMPLICIT ABSTAIN LM RES>]: I am not confident to pick an option correctly and factually.

Is the weakness present in both males and females, or is it more common in one gender?

[2026-04-22 22:48:11,404] [INFO] [<IMPLICIT ABSTAIN PARSED>]: Is the weakness present in both males and females, or is it more common in one gender?
[2026-04-22 22:48:11,404] [INFO] [<IMPLICIT ABSTAIN RETURN>]: atomic_question: Is the weakness present in both males and females, or is it more common in one gender?, final_answer: None, conf_score: 0.0 ([0 : 1])
[2026-04-22 22:48:11,404] [INFO] [ABSTENTION PROMPT]: [{'role': 'system', 'content': 'You are a medical doctor trying to reason through a real-life clinical case. Based on your understanding of basic and clinical science, medical knowledge, and mechanisms underlying health, disease, patient care, and modes of therapy, respond according to the task specified by the user. Base your response on the current and standard practices referenced in medical guidelines.'}, {'role': 'user', 'content': "A patient comes into the clinic presenting with a symptom as described in the conversation log below:\n    \nPATIENT INFORMATION: A 19-year-old man presents to the physician due to progressively worsening weakness.\nCONVERSATION LOG:\nNone\nQUESTION: What is the mode of inheritance for this patient's disease?\nOPTIONS: A: Autosomal dominant, B: X-linked recessive, C: Autosomal recessive, D: X-linked dominant\nYOUR TASK: Given the information so far, if you are confident to pick an option correctly and factually, respond with the letter choice and NOTHING ELSE. Otherwise, if you are not confident to pick an option and need more information, ask ONE SPECIFIC ATOMIC QUESTION to the patient. The question should be bite-sized, NOT ask for too much at once, and NOT repeat what has already been asked. In this case, respond with the atomic question and NOTHING ELSE."}]
[2026-04-22 22:48:11,404] [INFO] [ABSTENTION RESPONSE]: I am not confident to pick an option correctly and factually.

Is the weakness present in both males and females, or is it more common in one gender?


[2026-04-22 22:48:11,404] [INFO] ++++++++++++++++++++ Start of Multiple Chocie Decision [expert_basics.py:expert_response_choice()] ++++++++++++++++++++
[2026-04-22 22:48:11,404] [INFO] [<CHOICE PROMPT>] [len(messages)=2] (messages[-1]):
A patient comes into the clinic presenting with a symptom as described in the conversation log below:
    
PATIENT INFORMATION: A 19-year-old man presents to the physician due to progressively worsening weakness.
CONVERSATION LOG:
None
QUESTION: What is the mode of inheritance for this patient's disease?
OPTIONS: A: Autosomal dominant, B: X-linked recessive, C: Autosomal recessive, D: X-linked dominant
YOUR TASK: Assume that you already have enough information from the above question-answer pairs to answer the patient inquiry, use the above information to produce a factual conclusion. Respond with the correct letter choice (A, B, C, or D) and NOTHING ELSE.
LETTER CHOICE: 
[2026-04-22 22:48:11,579] [INFO] [<CHOICE LM RES>]: B

[2026-04-22 22:48:11,579] [INFO] [<CHOICE PARSED>]: B
[2026-04-22 22:48:11,579] [INFO] [IMPLICIT ABSTAIN RETURN]: abstain: True, confidence: 0.0, letter_choice: B, usage: {'input_tokens': 503, 'output_tokens': 38}, atomic_question: Is the weakness present in both males and females, or is it more common in one gender?

[2026-04-22 22:48:11,579] [INFO] [Expert System]: {'type': 'question', 'question': 'Is the weakness present in both males and females, or is it more common in one gender?', 'letter_choice': 'B', 'confidence': 0.0, 'usage': {'input_tokens': 503, 'output_tokens': 38}}
[2026-04-22 22:48:12,174] [INFO] [Patient System]: The patient reports feeling tired easily and frequently experiences shortness of breath.

[2026-04-22 22:48:12,174] [INFO] ==================== Turn 2 ====================
[2026-04-22 22:48:12,174] [INFO] ++++++++++++++++++++ Start of Implicit Abstention [expert_basics.py:expert_response_choice_or_question()] ++++++++++++++++++++
[2026-04-22 22:48:12,174] [INFO] [<IMPLICIT ABSTAIN PROMPT>] [len(messages)=2] (messages[-1]):
A patient comes into the clinic presenting with a symptom as described in the conversation log below:
    
PATIENT INFORMATION: A 19-year-old man presents to the physician due to progressively worsening weakness.
CONVERSATION LOG:
Doctor Question: Is the weakness present in both males and females, or is it more common in one gender?
Patient Response: The patient reports feeling tired easily and frequently experiences shortness of breath.

QUESTION: What is the mode of inheritance for this patient's disease?
OPTIONS: A: Autosomal dominant, B: X-linked recessive, C: Autosomal recessive, D: X-linked dominant
YOUR TASK: Given the information so far, if you are confident to pick an option correctly and factually, respond with the letter choice and NOTHING ELSE. Otherwise, if you are not confident to pick an option and need more information, ask ONE SPECIFIC ATOMIC QUESTION to the patient. The question should be bite-sized, NOT ask for too much at once, and NOT repeat what has already been asked. In this case, respond with the atomic question and NOTHING ELSE.
[2026-04-22 22:48:12,174] [INFO] -------------------- Self-Consistency Iteration 1 --------------------
[2026-04-22 22:48:12,350] [INFO] [<IMPLICIT ABSTAIN LM RES>]: B

[2026-04-22 22:48:12,350] [INFO] [<IMPLICIT ABSTAIN PARSED>]: B
[2026-04-22 22:48:12,350] [INFO] [<IMPLICIT ABSTAIN RETURN>]: atomic_question: None, final_answer: B, conf_score: 1.0 ([1 : 0])
[2026-04-22 22:48:12,350] [INFO] [ABSTENTION PROMPT]: [{'role': 'system', 'content': 'You are a medical doctor trying to reason through a real-life clinical case. Based on your understanding of basic and clinical science, medical knowledge, and mechanisms underlying health, disease, patient care, and modes of therapy, respond according to the task specified by the user. Base your response on the current and standard practices referenced in medical guidelines.'}, {'role': 'user', 'content': "A patient comes into the clinic presenting with a symptom as described in the conversation log below:\n    \nPATIENT INFORMATION: A 19-year-old man presents to the physician due to progressively worsening weakness.\nCONVERSATION LOG:\nDoctor Question: Is the weakness present in both males and females, or is it more common in one gender?\nPatient Response: The patient reports feeling tired easily and frequently experiences shortness of breath.\n\nQUESTION: What is the mode of inheritance for this patient's disease?\nOPTIONS: A: Autosomal dominant, B: X-linked recessive, C: Autosomal recessive, D: X-linked dominant\nYOUR TASK: Given the information so far, if you are confident to pick an option correctly and factually, respond with the letter choice and NOTHING ELSE. Otherwise, if you are not confident to pick an option and need more information, ask ONE SPECIFIC ATOMIC QUESTION to the patient. The question should be bite-sized, NOT ask for too much at once, and NOT repeat what has already been asked. In this case, respond with the atomic question and NOTHING ELSE."}]
[2026-04-22 22:48:12,350] [INFO] [ABSTENTION RESPONSE]: B


[2026-04-22 22:48:12,350] [INFO] [IMPLICIT ABSTAIN RETURN]: abstain: False, confidence: 1.0, letter_choice: B, usage: {'input_tokens': 309, 'output_tokens': 3}, atomic_question: None

[2026-04-22 22:48:12,350] [INFO] [Expert System]: {'type': 'choice', 'question': None, 'letter_choice': 'B', 'confidence': 1.0, 'usage': {'input_tokens': 309, 'output_tokens': 3}}
[2026-04-22 22:48:12,350] [INFO] |||||||||||||||||||| Interaction ended for patient #180 | Predicted: B | GT: C | Correct: False ||||||||||||||||||||



[2026-04-22 22:48:12,351] [INFO] |||||||||||||||||||| PATIENT #181 | GT: B (Give prostaglandin E1) ||||||||||||||||||||
[2026-04-22 22:48:12,351] [INFO] ==================== Turn 1 ====================
[2026-04-22 22:48:12,351] [INFO] ++++++++++++++++++++ Start of Implicit Abstention [expert_basics.py:expert_response_choice_or_question()] ++++++++++++++++++++
[2026-04-22 22:48:12,351] [INFO] [<IMPLICIT ABSTAIN PROMPT>] [len(messages)=2] (messages[-1]):
A patient comes into the clinic presenting with a symptom as described in the conversation log below:
    
PATIENT INFORMATION: A 1-day-old boy is brought to the emergency room by his parents for difficulty breathing.
CONVERSATION LOG:
None
QUESTION: What is the best next step in terms of managing this patient?
OPTIONS: A: Administer warming blankets, B: Give prostaglandin E1, C: Immediate surgical repair, D: Obtain lumbar puncture for CSF analysis
YOUR TASK: Given the information so far, if you are confident to pick an option correctly and factually, respond with the letter choice and NOTHING ELSE. Otherwise, if you are not confident to pick an option and need more information, ask ONE SPECIFIC ATOMIC QUESTION to the patient. The question should be bite-sized, NOT ask for too much at once, and NOT repeat what has already been asked. In this case, respond with the atomic question and NOTHING ELSE.
[2026-04-22 22:48:12,351] [INFO] -------------------- Self-Consistency Iteration 1 --------------------
[2026-04-22 22:48:12,525] [INFO] [<IMPLICIT ABSTAIN LM RES>]: B

[2026-04-22 22:48:12,525] [INFO] [<IMPLICIT ABSTAIN PARSED>]: B
[2026-04-22 22:48:12,525] [INFO] [<IMPLICIT ABSTAIN RETURN>]: atomic_question: None, final_answer: B, conf_score: 1.0 ([1 : 0])
[2026-04-22 22:48:12,525] [INFO] [ABSTENTION PROMPT]: [{'role': 'system', 'content': 'You are a medical doctor trying to reason through a real-life clinical case. Based on your understanding of basic and clinical science, medical knowledge, and mechanisms underlying health, disease, patient care, and modes of therapy, respond according to the task specified by the user. Base your response on the current and standard practices referenced in medical guidelines.'}, {'role': 'user', 'content': 'A patient comes into the clinic presenting with a symptom as described in the conversation log below:\n    \nPATIENT INFORMATION: A 1-day-old boy is brought to the emergency room by his parents for difficulty breathing.\nCONVERSATION LOG:\nNone\nQUESTION: What is the best next step in terms of managing this patient?\nOPTIONS: A: Administer warming blankets, B: Give prostaglandin E1, C: Immediate surgical repair, D: Obtain lumbar puncture for CSF analysis\nYOUR TASK: Given the information so far, if you are confident to pick an option correctly and factually, respond with the letter choice and NOTHING ELSE. Otherwise, if you are not confident to pick an option and need more information, ask ONE SPECIFIC ATOMIC QUESTION to the patient. The question should be bite-sized, NOT ask for too much at once, and NOT repeat what has already been asked. In this case, respond with the atomic question and NOTHING ELSE.'}]
[2026-04-22 22:48:12,525] [INFO] [ABSTENTION RESPONSE]: B


[2026-04-22 22:48:12,526] [INFO] [IMPLICIT ABSTAIN RETURN]: abstain: False, confidence: 1.0, letter_choice: B, usage: {'input_tokens': 276, 'output_tokens': 3}, atomic_question: None

[2026-04-22 22:48:12,526] [INFO] [Expert System]: {'type': 'choice', 'question': None, 'letter_choice': 'B', 'confidence': 1.0, 'usage': {'input_tokens': 276, 'output_tokens': 3}}
[2026-04-22 22:48:12,526] [INFO] |||||||||||||||||||| Interaction ended for patient #181 | Predicted: B | GT: B | Correct: True ||||||||||||||||||||



[2026-04-22 22:48:12,526] [INFO] |||||||||||||||||||| PATIENT #182 | GT: C (Fenofibrate) ||||||||||||||||||||
[2026-04-22 22:48:12,526] [INFO] ==================== Turn 1 ====================
[2026-04-22 22:48:12,526] [INFO] ++++++++++++++++++++ Start of Implicit Abstention [expert_basics.py:expert_response_choice_or_question()] ++++++++++++++++++++
[2026-04-22 22:48:12,526] [INFO] [<IMPLICIT ABSTAIN PROMPT>] [len(messages)=2] (messages[-1]):
A patient comes into the clinic presenting with a symptom as described in the conversation log below:
    
PATIENT INFORMATION: A 40-year-old woman schedules an appointment for a routine medical check-up.
CONVERSATION LOG:
None
QUESTION: Which medication would most likely further improve her lipid profile?
OPTIONS: A: Niacin, B: Orlistat, C: Fenofibrate, D: Ezetimibe
YOUR TASK: Given the information so far, if you are confident to pick an option correctly and factually, respond with the letter choice and NOTHING ELSE. Otherwise, if you are not confident to pick an option and need more information, ask ONE SPECIFIC ATOMIC QUESTION to the patient. The question should be bite-sized, NOT ask for too much at once, and NOT repeat what has already been asked. In this case, respond with the atomic question and NOTHING ELSE.
[2026-04-22 22:48:12,526] [INFO] -------------------- Self-Consistency Iteration 1 --------------------
[2026-04-22 22:48:12,701] [INFO] [<IMPLICIT ABSTAIN LM RES>]: C

[2026-04-22 22:48:12,701] [INFO] [<IMPLICIT ABSTAIN PARSED>]: C
[2026-04-22 22:48:12,701] [INFO] [<IMPLICIT ABSTAIN RETURN>]: atomic_question: None, final_answer: C, conf_score: 1.0 ([1 : 0])
[2026-04-22 22:48:12,701] [INFO] [ABSTENTION PROMPT]: [{'role': 'system', 'content': 'You are a medical doctor trying to reason through a real-life clinical case. Based on your understanding of basic and clinical science, medical knowledge, and mechanisms underlying health, disease, patient care, and modes of therapy, respond according to the task specified by the user. Base your response on the current and standard practices referenced in medical guidelines.'}, {'role': 'user', 'content': 'A patient comes into the clinic presenting with a symptom as described in the conversation log below:\n    \nPATIENT INFORMATION: A 40-year-old woman schedules an appointment for a routine medical check-up.\nCONVERSATION LOG:\nNone\nQUESTION: Which medication would most likely further improve her lipid profile?\nOPTIONS: A: Niacin, B: Orlistat, C: Fenofibrate, D: Ezetimibe\nYOUR TASK: Given the information so far, if you are confident to pick an option correctly and factually, respond with the letter choice and NOTHING ELSE. Otherwise, if you are not confident to pick an option and need more information, ask ONE SPECIFIC ATOMIC QUESTION to the patient. The question should be bite-sized, NOT ask for too much at once, and NOT repeat what has already been asked. In this case, respond with the atomic question and NOTHING ELSE.'}]
[2026-04-22 22:48:12,701] [INFO] [ABSTENTION RESPONSE]: C


[2026-04-22 22:48:12,701] [INFO] [IMPLICIT ABSTAIN RETURN]: abstain: False, confidence: 1.0, letter_choice: C, usage: {'input_tokens': 269, 'output_tokens': 3}, atomic_question: None

[2026-04-22 22:48:12,701] [INFO] [Expert System]: {'type': 'choice', 'question': None, 'letter_choice': 'C', 'confidence': 1.0, 'usage': {'input_tokens': 269, 'output_tokens': 3}}
[2026-04-22 22:48:12,701] [INFO] |||||||||||||||||||| Interaction ended for patient #182 | Predicted: C | GT: C | Correct: True ||||||||||||||||||||



[2026-04-22 22:48:12,702] [INFO] |||||||||||||||||||| PATIENT #183 | GT: A (Abdominal aortic aneurysm repair complication) ||||||||||||||||||||
[2026-04-22 22:48:12,702] [INFO] ==================== Turn 1 ====================
[2026-04-22 22:48:12,702] [INFO] ++++++++++++++++++++ Start of Implicit Abstention [expert_basics.py:expert_response_choice_or_question()] ++++++++++++++++++++
[2026-04-22 22:48:12,702] [INFO] [<IMPLICIT ABSTAIN PROMPT>] [len(messages)=2] (messages[-1]):
A patient comes into the clinic presenting with a symptom as described in the conversation log below:
    
PATIENT INFORMATION: A 59-year-old man presents to the emergency department with abdominal pain.
CONVERSATION LOG:
None
QUESTION: Which of the following is the most likely explanation for this patient's presentation?
OPTIONS: A: Abdominal aortic aneurysm repair complication, B: Atrial fibrillation, C: Obstruction of the small bowel, D: Ruptured appendix
YOUR TASK: Given the information so far, if you are confident to pick an option correctly and factually, respond with the letter choice and NOTHING ELSE. Otherwise, if you are not confident to pick an option and need more information, ask ONE SPECIFIC ATOMIC QUESTION to the patient. The question should be bite-sized, NOT ask for too much at once, and NOT repeat what has already been asked. In this case, respond with the atomic question and NOTHING ELSE.
[2026-04-22 22:48:12,702] [INFO] -------------------- Self-Consistency Iteration 1 --------------------
[2026-04-22 22:48:14,710] [INFO] [<IMPLICIT ABSTAIN LM RES>]: Given the limited information, it's impossible to definitively determine the most likely explanation. However, abdominal pain in a 59-year-old man warrants investigation.

What is the character of the abdominal pain (e.g., sharp, dull, cramping)?

[2026-04-22 22:48:14,710] [INFO] [<IMPLICIT ABSTAIN PARSED>]: What is the character of the abdominal pain (e.g., sharp, dull, cramping)?
[2026-04-22 22:48:14,710] [INFO] [<IMPLICIT ABSTAIN RETURN>]: atomic_question: What is the character of the abdominal pain (e.g., sharp, dull, cramping)?, final_answer: None, conf_score: 0.0 ([0 : 1])
[2026-04-22 22:48:14,710] [INFO] [ABSTENTION PROMPT]: [{'role': 'system', 'content': 'You are a medical doctor trying to reason through a real-life clinical case. Based on your understanding of basic and clinical science, medical knowledge, and mechanisms underlying health, disease, patient care, and modes of therapy, respond according to the task specified by the user. Base your response on the current and standard practices referenced in medical guidelines.'}, {'role': 'user', 'content': "A patient comes into the clinic presenting with a symptom as described in the conversation log below:\n    \nPATIENT INFORMATION: A 59-year-old man presents to the emergency department with abdominal pain.\nCONVERSATION LOG:\nNone\nQUESTION: Which of the following is the most likely explanation for this patient's presentation?\nOPTIONS: A: Abdominal aortic aneurysm repair complication, B: Atrial fibrillation, C: Obstruction of the small bowel, D: Ruptured appendix\nYOUR TASK: Given the information so far, if you are confident to pick an option correctly and factually, respond with the letter choice and NOTHING ELSE. Otherwise, if you are not confident to pick an option and need more information, ask ONE SPECIFIC ATOMIC QUESTION to the patient. The question should be bite-sized, NOT ask for too much at once, and NOT repeat what has already been asked. In this case, respond with the atomic question and NOTHING ELSE."}]
[2026-04-22 22:48:14,710] [INFO] [ABSTENTION RESPONSE]: Given the limited information, it's impossible to definitively determine the most likely explanation. However, abdominal pain in a 59-year-old man warrants investigation.

What is the character of the abdominal pain (e.g., sharp, dull, cramping)?


[2026-04-22 22:48:14,710] [INFO] ++++++++++++++++++++ Start of Multiple Chocie Decision [expert_basics.py:expert_response_choice()] ++++++++++++++++++++
[2026-04-22 22:48:14,710] [INFO] [<CHOICE PROMPT>] [len(messages)=2] (messages[-1]):
A patient comes into the clinic presenting with a symptom as described in the conversation log below:
    
PATIENT INFORMATION: A 59-year-old man presents to the emergency department with abdominal pain.
CONVERSATION LOG:
None
QUESTION: Which of the following is the most likely explanation for this patient's presentation?
OPTIONS: A: Abdominal aortic aneurysm repair complication, B: Atrial fibrillation, C: Obstruction of the small bowel, D: Ruptured appendix
YOUR TASK: Assume that you already have enough information from the above question-answer pairs to answer the patient inquiry, use the above information to produce a factual conclusion. Respond with the correct letter choice (A, B, C, or D) and NOTHING ELSE.
LETTER CHOICE: 
[2026-04-22 22:48:18,500] [INFO] [<CHOICE LM RES>]: It's impossible to definitively determine the most likely explanation with only the provided information. However, given the limited data, I would choose **A: Abdominal aortic aneurysm repair complication** as the *most likely* based on the context. The patient is 59 years old, which is within the age range where abdominal aortic aneurysms (AAAs) are more common. The abdominal pain could be related to a repair complication. While the other options are possibilities, they are less likely without further information.
A

[2026-04-22 22:48:18,500] [INFO] ....Found Abdominal aortic aneurysm repair complication in response line: It's impossible to definitively determine the most likely explanation with only the provided information. However, given the limited data, I would choose **A: Abdominal aortic aneurysm repair complication** as the *most likely* based on the context. The patient is 59 years old, which is within the age range where abdominal aortic aneurysms (AAAs) are more common. The abdominal pain could be related to a repair complication. While the other options are possibilities, they are less likely without further information.
[2026-04-22 22:48:18,500] [INFO] [<CHOICE PARSED>]: A
[2026-04-22 22:48:18,500] [INFO] [IMPLICIT ABSTAIN RETURN]: abstain: True, confidence: 0.0, letter_choice: A, usage: {'input_tokens': 517, 'output_tokens': 163}, atomic_question: What is the character of the abdominal pain (e.g., sharp, dull, cramping)?

[2026-04-22 22:48:18,500] [INFO] [Expert System]: {'type': 'question', 'question': 'What is the character of the abdominal pain (e.g., sharp, dull, cramping)?', 'letter_choice': 'A', 'confidence': 0.0, 'usage': {'input_tokens': 517, 'output_tokens': 163}}
[2026-04-22 22:48:19,319] [INFO] [Patient System]: The patient reports diffuse tenderness described as 10/10 in severity by the patient.

[2026-04-22 22:48:19,319] [INFO] ==================== Turn 2 ====================
[2026-04-22 22:48:19,319] [INFO] ++++++++++++++++++++ Start of Implicit Abstention [expert_basics.py:expert_response_choice_or_question()] ++++++++++++++++++++
[2026-04-22 22:48:19,319] [INFO] [<IMPLICIT ABSTAIN PROMPT>] [len(messages)=2] (messages[-1]):
A patient comes into the clinic presenting with a symptom as described in the conversation log below:
    
PATIENT INFORMATION: A 59-year-old man presents to the emergency department with abdominal pain.
CONVERSATION LOG:
Doctor Question: What is the character of the abdominal pain (e.g., sharp, dull, cramping)?
Patient Response: The patient reports diffuse tenderness described as 10/10 in severity by the patient.

QUESTION: Which of the following is the most likely explanation for this patient's presentation?
OPTIONS: A: Abdominal aortic aneurysm repair complication, B: Atrial fibrillation, C: Obstruction of the small bowel, D: Ruptured appendix
YOUR TASK: Given the information so far, if you are confident to pick an option correctly and factually, respond with the letter choice and NOTHING ELSE. Otherwise, if you are not confident to pick an option and need more information, ask ONE SPECIFIC ATOMIC QUESTION to the patient. The question should be bite-sized, NOT ask for too much at once, and NOT repeat what has already been asked. In this case, respond with the atomic question and NOTHING ELSE.
[2026-04-22 22:48:19,319] [INFO] -------------------- Self-Consistency Iteration 1 --------------------
[2026-04-22 22:48:19,497] [INFO] [<IMPLICIT ABSTAIN LM RES>]: A

[2026-04-22 22:48:19,497] [INFO] [<IMPLICIT ABSTAIN PARSED>]: A
[2026-04-22 22:48:19,497] [INFO] [<IMPLICIT ABSTAIN RETURN>]: atomic_question: None, final_answer: A, conf_score: 1.0 ([1 : 0])
[2026-04-22 22:48:19,497] [INFO] [ABSTENTION PROMPT]: [{'role': 'system', 'content': 'You are a medical doctor trying to reason through a real-life clinical case. Based on your understanding of basic and clinical science, medical knowledge, and mechanisms underlying health, disease, patient care, and modes of therapy, respond according to the task specified by the user. Base your response on the current and standard practices referenced in medical guidelines.'}, {'role': 'user', 'content': "A patient comes into the clinic presenting with a symptom as described in the conversation log below:\n    \nPATIENT INFORMATION: A 59-year-old man presents to the emergency department with abdominal pain.\nCONVERSATION LOG:\nDoctor Question: What is the character of the abdominal pain (e.g., sharp, dull, cramping)?\nPatient Response: The patient reports diffuse tenderness described as 10/10 in severity by the patient.\n\nQUESTION: Which of the following is the most likely explanation for this patient's presentation?\nOPTIONS: A: Abdominal aortic aneurysm repair complication, B: Atrial fibrillation, C: Obstruction of the small bowel, D: Ruptured appendix\nYOUR TASK: Given the information so far, if you are confident to pick an option correctly and factually, respond with the letter choice and NOTHING ELSE. Otherwise, if you are not confident to pick an option and need more information, ask ONE SPECIFIC ATOMIC QUESTION to the patient. The question should be bite-sized, NOT ask for too much at once, and NOT repeat what has already been asked. In this case, respond with the atomic question and NOTHING ELSE."}]
[2026-04-22 22:48:19,497] [INFO] [ABSTENTION RESPONSE]: A


[2026-04-22 22:48:19,497] [INFO] [IMPLICIT ABSTAIN RETURN]: abstain: False, confidence: 1.0, letter_choice: A, usage: {'input_tokens': 322, 'output_tokens': 3}, atomic_question: None

[2026-04-22 22:48:19,497] [INFO] [Expert System]: {'type': 'choice', 'question': None, 'letter_choice': 'A', 'confidence': 1.0, 'usage': {'input_tokens': 322, 'output_tokens': 3}}
[2026-04-22 22:48:19,497] [INFO] |||||||||||||||||||| Interaction ended for patient #183 | Predicted: A | GT: A | Correct: True ||||||||||||||||||||



[2026-04-22 22:48:19,497] [INFO] |||||||||||||||||||| PATIENT #184 | GT: B (Viral polypeptide cleavage) ||||||||||||||||||||
[2026-04-22 22:48:19,497] [INFO] ==================== Turn 1 ====================
[2026-04-22 22:48:19,497] [INFO] ++++++++++++++++++++ Start of Implicit Abstention [expert_basics.py:expert_response_choice_or_question()] ++++++++++++++++++++
[2026-04-22 22:48:19,497] [INFO] [<IMPLICIT ABSTAIN PROMPT>] [len(messages)=2] (messages[-1]):
A patient comes into the clinic presenting with a symptom as described in the conversation log below:
    
PATIENT INFORMATION: An investigator is studying an experimental treatment for HIV infection that inhibits the maturation of new HIV virions.
CONVERSATION LOG:
None
QUESTION: Which of the following processes is most likely targeted by this drug?
OPTIONS: A: Viral entry into host cell, B: Viral polypeptide cleavage, C: Viral budding from host cells, D: Reverse transcription of viral RNA
YOUR TASK: Given the information so far, if you are confident to pick an option correctly and factually, respond with the letter choice and NOTHING ELSE. Otherwise, if you are not confident to pick an option and need more information, ask ONE SPECIFIC ATOMIC QUESTION to the patient. The question should be bite-sized, NOT ask for too much at once, and NOT repeat what has already been asked. In this case, respond with the atomic question and NOTHING ELSE.
[2026-04-22 22:48:19,497] [INFO] -------------------- Self-Consistency Iteration 1 --------------------
[2026-04-22 22:48:19,674] [INFO] [<IMPLICIT ABSTAIN LM RES>]: B

[2026-04-22 22:48:19,674] [INFO] [<IMPLICIT ABSTAIN PARSED>]: B
[2026-04-22 22:48:19,674] [INFO] [<IMPLICIT ABSTAIN RETURN>]: atomic_question: None, final_answer: B, conf_score: 1.0 ([1 : 0])
[2026-04-22 22:48:19,674] [INFO] [ABSTENTION PROMPT]: [{'role': 'system', 'content': 'You are a medical doctor trying to reason through a real-life clinical case. Based on your understanding of basic and clinical science, medical knowledge, and mechanisms underlying health, disease, patient care, and modes of therapy, respond according to the task specified by the user. Base your response on the current and standard practices referenced in medical guidelines.'}, {'role': 'user', 'content': 'A patient comes into the clinic presenting with a symptom as described in the conversation log below:\n    \nPATIENT INFORMATION: An investigator is studying an experimental treatment for HIV infection that inhibits the maturation of new HIV virions.\nCONVERSATION LOG:\nNone\nQUESTION: Which of the following processes is most likely targeted by this drug?\nOPTIONS: A: Viral entry into host cell, B: Viral polypeptide cleavage, C: Viral budding from host cells, D: Reverse transcription of viral RNA\nYOUR TASK: Given the information so far, if you are confident to pick an option correctly and factually, respond with the letter choice and NOTHING ELSE. Otherwise, if you are not confident to pick an option and need more information, ask ONE SPECIFIC ATOMIC QUESTION to the patient. The question should be bite-sized, NOT ask for too much at once, and NOT repeat what has already been asked. In this case, respond with the atomic question and NOTHING ELSE.'}]
[2026-04-22 22:48:19,674] [INFO] [ABSTENTION RESPONSE]: B


[2026-04-22 22:48:19,674] [INFO] [IMPLICIT ABSTAIN RETURN]: abstain: False, confidence: 1.0, letter_choice: B, usage: {'input_tokens': 276, 'output_tokens': 3}, atomic_question: None

[2026-04-22 22:48:19,674] [INFO] [Expert System]: {'type': 'choice', 'question': None, 'letter_choice': 'B', 'confidence': 1.0, 'usage': {'input_tokens': 276, 'output_tokens': 3}}
[2026-04-22 22:48:19,674] [INFO] |||||||||||||||||||| Interaction ended for patient #184 | Predicted: B | GT: B | Correct: True ||||||||||||||||||||



[2026-04-22 22:48:19,674] [INFO] |||||||||||||||||||| PATIENT #185 | GT: D (Testosterone-to-dihydrotestosterone ratio > 20) ||||||||||||||||||||
[2026-04-22 22:48:19,674] [INFO] ==================== Turn 1 ====================
[2026-04-22 22:48:19,674] [INFO] ++++++++++++++++++++ Start of Implicit Abstention [expert_basics.py:expert_response_choice_or_question()] ++++++++++++++++++++
[2026-04-22 22:48:19,674] [INFO] [<IMPLICIT ABSTAIN PROMPT>] [len(messages)=2] (messages[-1]):
A patient comes into the clinic presenting with a symptom as described in the conversation log below:
    
PATIENT INFORMATION: A 30-year-old G1P1 woman gives birth to a healthy infant at 39 weeks gestation.
CONVERSATION LOG:
None
QUESTION: Which of the following additional findings would most likely be seen in this patient?
OPTIONS: A: Decreased androgen receptor responsiveness, B: Impaired sense of smell, C: Long extremities, D: Testosterone-to-dihydrotestosterone ratio > 20
YOUR TASK: Given the information so far, if you are confident to pick an option correctly and factually, respond with the letter choice and NOTHING ELSE. Otherwise, if you are not confident to pick an option and need more information, ask ONE SPECIFIC ATOMIC QUESTION to the patient. The question should be bite-sized, NOT ask for too much at once, and NOT repeat what has already been asked. In this case, respond with the atomic question and NOTHING ELSE.
[2026-04-22 22:48:19,674] [INFO] -------------------- Self-Consistency Iteration 1 --------------------
[2026-04-22 22:48:19,851] [INFO] [<IMPLICIT ABSTAIN LM RES>]: C

[2026-04-22 22:48:19,851] [INFO] [<IMPLICIT ABSTAIN PARSED>]: C
[2026-04-22 22:48:19,851] [INFO] [<IMPLICIT ABSTAIN RETURN>]: atomic_question: None, final_answer: C, conf_score: 1.0 ([1 : 0])
[2026-04-22 22:48:19,851] [INFO] [ABSTENTION PROMPT]: [{'role': 'system', 'content': 'You are a medical doctor trying to reason through a real-life clinical case. Based on your understanding of basic and clinical science, medical knowledge, and mechanisms underlying health, disease, patient care, and modes of therapy, respond according to the task specified by the user. Base your response on the current and standard practices referenced in medical guidelines.'}, {'role': 'user', 'content': 'A patient comes into the clinic presenting with a symptom as described in the conversation log below:\n    \nPATIENT INFORMATION: A 30-year-old G1P1 woman gives birth to a healthy infant at 39 weeks gestation.\nCONVERSATION LOG:\nNone\nQUESTION: Which of the following additional findings would most likely be seen in this patient?\nOPTIONS: A: Decreased androgen receptor responsiveness, B: Impaired sense of smell, C: Long extremities, D: Testosterone-to-dihydrotestosterone ratio > 20\nYOUR TASK: Given the information so far, if you are confident to pick an option correctly and factually, respond with the letter choice and NOTHING ELSE. Otherwise, if you are not confident to pick an option and need more information, ask ONE SPECIFIC ATOMIC QUESTION to the patient. The question should be bite-sized, NOT ask for too much at once, and NOT repeat what has already been asked. In this case, respond with the atomic question and NOTHING ELSE.'}]
[2026-04-22 22:48:19,851] [INFO] [ABSTENTION RESPONSE]: C


[2026-04-22 22:48:19,851] [INFO] [IMPLICIT ABSTAIN RETURN]: abstain: False, confidence: 1.0, letter_choice: C, usage: {'input_tokens': 290, 'output_tokens': 3}, atomic_question: None

[2026-04-22 22:48:19,851] [INFO] [Expert System]: {'type': 'choice', 'question': None, 'letter_choice': 'C', 'confidence': 1.0, 'usage': {'input_tokens': 290, 'output_tokens': 3}}
[2026-04-22 22:48:19,851] [INFO] |||||||||||||||||||| Interaction ended for patient #185 | Predicted: C | GT: D | Correct: False ||||||||||||||||||||



[2026-04-22 22:48:19,851] [INFO] |||||||||||||||||||| PATIENT #186 | GT: C (More lipid-soluble and faster recovery from anesthesia) ||||||||||||||||||||
[2026-04-22 22:48:19,851] [INFO] ==================== Turn 1 ====================
[2026-04-22 22:48:19,851] [INFO] ++++++++++++++++++++ Start of Implicit Abstention [expert_basics.py:expert_response_choice_or_question()] ++++++++++++++++++++
[2026-04-22 22:48:19,851] [INFO] [<IMPLICIT ABSTAIN PROMPT>] [len(messages)=2] (messages[-1]):
A patient comes into the clinic presenting with a symptom as described in the conversation log below:
    
PATIENT INFORMATION: An investigator is studying the pharmacokinetic properties of two novel inhalational anesthetics and reports the following findings. | Blood-gas partition coefficient Minimum alveolar concentration | Drug A 0.42 3.20% | Drug B 2.31 7.45% | .
CONVERSATION LOG:
None
QUESTION: Which of the following statements best describes the properties of drug A when compared to drug B?"
OPTIONS: A: More blood soluble and faster induction of anesthesia, B: More potent and slower recovery from anesthesia, C: More lipid-soluble and faster recovery from anesthesia, D: Less potent and faster induction of anesthesia
YOUR TASK: Given the information so far, if you are confident to pick an option correctly and factually, respond with the letter choice and NOTHING ELSE. Otherwise, if you are not confident to pick an option and need more information, ask ONE SPECIFIC ATOMIC QUESTION to the patient. The question should be bite-sized, NOT ask for too much at once, and NOT repeat what has already been asked. In this case, respond with the atomic question and NOTHING ELSE.
[2026-04-22 22:48:19,851] [INFO] -------------------- Self-Consistency Iteration 1 --------------------
[2026-04-22 22:48:20,034] [INFO] [<IMPLICIT ABSTAIN LM RES>]: C

[2026-04-22 22:48:20,034] [INFO] [<IMPLICIT ABSTAIN PARSED>]: C
[2026-04-22 22:48:20,034] [INFO] [<IMPLICIT ABSTAIN RETURN>]: atomic_question: None, final_answer: C, conf_score: 1.0 ([1 : 0])
[2026-04-22 22:48:20,034] [INFO] [ABSTENTION PROMPT]: [{'role': 'system', 'content': 'You are a medical doctor trying to reason through a real-life clinical case. Based on your understanding of basic and clinical science, medical knowledge, and mechanisms underlying health, disease, patient care, and modes of therapy, respond according to the task specified by the user. Base your response on the current and standard practices referenced in medical guidelines.'}, {'role': 'user', 'content': 'A patient comes into the clinic presenting with a symptom as described in the conversation log below:\n    \nPATIENT INFORMATION: An investigator is studying the pharmacokinetic properties of two novel inhalational anesthetics and reports the following findings. | Blood-gas partition coefficient Minimum alveolar concentration | Drug A 0.42 3.20% | Drug B 2.31 7.45% | .\nCONVERSATION LOG:\nNone\nQUESTION: Which of the following statements best describes the properties of drug A when compared to drug B?"\nOPTIONS: A: More blood soluble and faster induction of anesthesia, B: More potent and slower recovery from anesthesia, C: More lipid-soluble and faster recovery from anesthesia, D: Less potent and faster induction of anesthesia\nYOUR TASK: Given the information so far, if you are confident to pick an option correctly and factually, respond with the letter choice and NOTHING ELSE. Otherwise, if you are not confident to pick an option and need more information, ask ONE SPECIFIC ATOMIC QUESTION to the patient. The question should be bite-sized, NOT ask for too much at once, and NOT repeat what has already been asked. In this case, respond with the atomic question and NOTHING ELSE.'}]
[2026-04-22 22:48:20,034] [INFO] [ABSTENTION RESPONSE]: C


[2026-04-22 22:48:20,034] [INFO] [IMPLICIT ABSTAIN RETURN]: abstain: False, confidence: 1.0, letter_choice: C, usage: {'input_tokens': 333, 'output_tokens': 3}, atomic_question: None

[2026-04-22 22:48:20,034] [INFO] [Expert System]: {'type': 'choice', 'question': None, 'letter_choice': 'C', 'confidence': 1.0, 'usage': {'input_tokens': 333, 'output_tokens': 3}}
[2026-04-22 22:48:20,034] [INFO] |||||||||||||||||||| Interaction ended for patient #186 | Predicted: C | GT: C | Correct: True ||||||||||||||||||||



[2026-04-22 22:48:20,035] [INFO] |||||||||||||||||||| PATIENT #187 | GT: B (Hormonal imbalance) ||||||||||||||||||||
[2026-04-22 22:48:20,035] [INFO] ==================== Turn 1 ====================
[2026-04-22 22:48:20,035] [INFO] ++++++++++++++++++++ Start of Implicit Abstention [expert_basics.py:expert_response_choice_or_question()] ++++++++++++++++++++
[2026-04-22 22:48:20,035] [INFO] [<IMPLICIT ABSTAIN PROMPT>] [len(messages)=2] (messages[-1]):
A patient comes into the clinic presenting with a symptom as described in the conversation log below:
    
PATIENT INFORMATION: A 56-year-old man presents to an initial visit to his primary care physician complaining of excessive fatigue, weight loss, and increased abdominal girth.
CONVERSATION LOG:
None
QUESTION: Which of the following best describes the mechanism of development of these skin lesions in this patient?
OPTIONS: A: Anastomoses between portal vein tributaries and the arterial system, B: Hormonal imbalance, C: Coagulation defects, D: Increase in serum ammonia
YOUR TASK: Given the information so far, if you are confident to pick an option correctly and factually, respond with the letter choice and NOTHING ELSE. Otherwise, if you are not confident to pick an option and need more information, ask ONE SPECIFIC ATOMIC QUESTION to the patient. The question should be bite-sized, NOT ask for too much at once, and NOT repeat what has already been asked. In this case, respond with the atomic question and NOTHING ELSE.
[2026-04-22 22:48:20,035] [INFO] -------------------- Self-Consistency Iteration 1 --------------------
[2026-04-22 22:48:20,212] [INFO] [<IMPLICIT ABSTAIN LM RES>]: A

[2026-04-22 22:48:20,212] [INFO] [<IMPLICIT ABSTAIN PARSED>]: A
[2026-04-22 22:48:20,212] [INFO] [<IMPLICIT ABSTAIN RETURN>]: atomic_question: None, final_answer: A, conf_score: 1.0 ([1 : 0])
[2026-04-22 22:48:20,212] [INFO] [ABSTENTION PROMPT]: [{'role': 'system', 'content': 'You are a medical doctor trying to reason through a real-life clinical case. Based on your understanding of basic and clinical science, medical knowledge, and mechanisms underlying health, disease, patient care, and modes of therapy, respond according to the task specified by the user. Base your response on the current and standard practices referenced in medical guidelines.'}, {'role': 'user', 'content': 'A patient comes into the clinic presenting with a symptom as described in the conversation log below:\n    \nPATIENT INFORMATION: A 56-year-old man presents to an initial visit to his primary care physician complaining of excessive fatigue, weight loss, and increased abdominal girth.\nCONVERSATION LOG:\nNone\nQUESTION: Which of the following best describes the mechanism of development of these skin lesions in this patient?\nOPTIONS: A: Anastomoses between portal vein tributaries and the arterial system, B: Hormonal imbalance, C: Coagulation defects, D: Increase in serum ammonia\nYOUR TASK: Given the information so far, if you are confident to pick an option correctly and factually, respond with the letter choice and NOTHING ELSE. Otherwise, if you are not confident to pick an option and need more information, ask ONE SPECIFIC ATOMIC QUESTION to the patient. The question should be bite-sized, NOT ask for too much at once, and NOT repeat what has already been asked. In this case, respond with the atomic question and NOTHING ELSE.'}]
[2026-04-22 22:48:20,212] [INFO] [ABSTENTION RESPONSE]: A


[2026-04-22 22:48:20,212] [INFO] [IMPLICIT ABSTAIN RETURN]: abstain: False, confidence: 1.0, letter_choice: A, usage: {'input_tokens': 297, 'output_tokens': 3}, atomic_question: None

[2026-04-22 22:48:20,212] [INFO] [Expert System]: {'type': 'choice', 'question': None, 'letter_choice': 'A', 'confidence': 1.0, 'usage': {'input_tokens': 297, 'output_tokens': 3}}
[2026-04-22 22:48:20,212] [INFO] |||||||||||||||||||| Interaction ended for patient #187 | Predicted: A | GT: B | Correct: False ||||||||||||||||||||



[2026-04-22 22:48:20,212] [INFO] |||||||||||||||||||| PATIENT #188 | GT: A (Acute pericarditis) ||||||||||||||||||||
[2026-04-22 22:48:20,212] [INFO] ==================== Turn 1 ====================
[2026-04-22 22:48:20,212] [INFO] ++++++++++++++++++++ Start of Implicit Abstention [expert_basics.py:expert_response_choice_or_question()] ++++++++++++++++++++
[2026-04-22 22:48:20,212] [INFO] [<IMPLICIT ABSTAIN PROMPT>] [len(messages)=2] (messages[-1]):
A patient comes into the clinic presenting with a symptom as described in the conversation log below:
    
PATIENT INFORMATION: A 44-year-old man presents to the emergency department due to sudden chest pain and difficulty breathing for the past 3 hours.
CONVERSATION LOG:
None
QUESTION: Which of the following is the most likely diagnosis?
OPTIONS: A: Acute pericarditis, B: Aortic stenosis, C: Infective endocarditis, D: Myocardial infarction
YOUR TASK: Given the information so far, if you are confident to pick an option correctly and factually, respond with the letter choice and NOTHING ELSE. Otherwise, if you are not confident to pick an option and need more information, ask ONE SPECIFIC ATOMIC QUESTION to the patient. The question should be bite-sized, NOT ask for too much at once, and NOT repeat what has already been asked. In this case, respond with the atomic question and NOTHING ELSE.
[2026-04-22 22:48:20,212] [INFO] -------------------- Self-Consistency Iteration 1 --------------------
[2026-04-22 22:48:20,389] [INFO] [<IMPLICIT ABSTAIN LM RES>]: D

[2026-04-22 22:48:20,389] [INFO] [<IMPLICIT ABSTAIN PARSED>]: D
[2026-04-22 22:48:20,389] [INFO] [<IMPLICIT ABSTAIN RETURN>]: atomic_question: None, final_answer: D, conf_score: 1.0 ([1 : 0])
[2026-04-22 22:48:20,389] [INFO] [ABSTENTION PROMPT]: [{'role': 'system', 'content': 'You are a medical doctor trying to reason through a real-life clinical case. Based on your understanding of basic and clinical science, medical knowledge, and mechanisms underlying health, disease, patient care, and modes of therapy, respond according to the task specified by the user. Base your response on the current and standard practices referenced in medical guidelines.'}, {'role': 'user', 'content': 'A patient comes into the clinic presenting with a symptom as described in the conversation log below:\n    \nPATIENT INFORMATION: A 44-year-old man presents to the emergency department due to sudden chest pain and difficulty breathing for the past 3 hours.\nCONVERSATION LOG:\nNone\nQUESTION: Which of the following is the most likely diagnosis?\nOPTIONS: A: Acute pericarditis, B: Aortic stenosis, C: Infective endocarditis, D: Myocardial infarction\nYOUR TASK: Given the information so far, if you are confident to pick an option correctly and factually, respond with the letter choice and NOTHING ELSE. Otherwise, if you are not confident to pick an option and need more information, ask ONE SPECIFIC ATOMIC QUESTION to the patient. The question should be bite-sized, NOT ask for too much at once, and NOT repeat what has already been asked. In this case, respond with the atomic question and NOTHING ELSE.'}]
[2026-04-22 22:48:20,389] [INFO] [ABSTENTION RESPONSE]: D


[2026-04-22 22:48:20,389] [INFO] [IMPLICIT ABSTAIN RETURN]: abstain: False, confidence: 1.0, letter_choice: D, usage: {'input_tokens': 278, 'output_tokens': 3}, atomic_question: None

[2026-04-22 22:48:20,389] [INFO] [Expert System]: {'type': 'choice', 'question': None, 'letter_choice': 'D', 'confidence': 1.0, 'usage': {'input_tokens': 278, 'output_tokens': 3}}
[2026-04-22 22:48:20,389] [INFO] |||||||||||||||||||| Interaction ended for patient #188 | Predicted: D | GT: A | Correct: False ||||||||||||||||||||



[2026-04-22 22:48:20,389] [INFO] |||||||||||||||||||| PATIENT #189 | GT: D (Inactivation of bacterial peptidyltransferase at the 50S ribosomal subunit) ||||||||||||||||||||
[2026-04-22 22:48:20,389] [INFO] ==================== Turn 1 ====================
[2026-04-22 22:48:20,389] [INFO] ++++++++++++++++++++ Start of Implicit Abstention [expert_basics.py:expert_response_choice_or_question()] ++++++++++++++++++++
[2026-04-22 22:48:20,389] [INFO] [<IMPLICIT ABSTAIN PROMPT>] [len(messages)=2] (messages[-1]):
A patient comes into the clinic presenting with a symptom as described in the conversation log below:
    
PATIENT INFORMATION: A 27-year-old woman comes to the physician because of a rash and headache.
CONVERSATION LOG:
None
QUESTION: The bacteriostatic effect of this drug is most likely due to which of the following mechanisms?
OPTIONS: A: Inhibition of initiation complex formation at the 30S ribosomal subunit, B: Inactivation of prokaryotic topoisomerase II and IV, C: Inhibition of tRNA binding site at the 30S ribosomal subunit, D: Inactivation of bacterial peptidyltransferase at the 50S ribosomal subunit
YOUR TASK: Given the information so far, if you are confident to pick an option correctly and factually, respond with the letter choice and NOTHING ELSE. Otherwise, if you are not confident to pick an option and need more information, ask ONE SPECIFIC ATOMIC QUESTION to the patient. The question should be bite-sized, NOT ask for too much at once, and NOT repeat what has already been asked. In this case, respond with the atomic question and NOTHING ELSE.
[2026-04-22 22:48:20,389] [INFO] -------------------- Self-Consistency Iteration 1 --------------------
[2026-04-22 22:48:21,997] [INFO] [<IMPLICIT ABSTAIN LM RES>]: I am unable to answer this question without knowing which drug the patient is taking. Therefore, I need more information to determine the mechanism of action.

What is the name of the drug the patient is taking?

[2026-04-22 22:48:21,997] [INFO] [<IMPLICIT ABSTAIN PARSED>]: What is the name of the drug the patient is taking?
[2026-04-22 22:48:21,997] [INFO] [<IMPLICIT ABSTAIN RETURN>]: atomic_question: What is the name of the drug the patient is taking?, final_answer: None, conf_score: 0.0 ([0 : 1])
[2026-04-22 22:48:21,997] [INFO] [ABSTENTION PROMPT]: [{'role': 'system', 'content': 'You are a medical doctor trying to reason through a real-life clinical case. Based on your understanding of basic and clinical science, medical knowledge, and mechanisms underlying health, disease, patient care, and modes of therapy, respond according to the task specified by the user. Base your response on the current and standard practices referenced in medical guidelines.'}, {'role': 'user', 'content': 'A patient comes into the clinic presenting with a symptom as described in the conversation log below:\n    \nPATIENT INFORMATION: A 27-year-old woman comes to the physician because of a rash and headache.\nCONVERSATION LOG:\nNone\nQUESTION: The bacteriostatic effect of this drug is most likely due to which of the following mechanisms?\nOPTIONS: A: Inhibition of initiation complex formation at the 30S ribosomal subunit, B: Inactivation of prokaryotic topoisomerase II and IV, C: Inhibition of tRNA binding site at the 30S ribosomal subunit, D: Inactivation of bacterial peptidyltransferase at the 50S ribosomal subunit\nYOUR TASK: Given the information so far, if you are confident to pick an option correctly and factually, respond with the letter choice and NOTHING ELSE. Otherwise, if you are not confident to pick an option and need more information, ask ONE SPECIFIC ATOMIC QUESTION to the patient. The question should be bite-sized, NOT ask for too much at once, and NOT repeat what has already been asked. In this case, respond with the atomic question and NOTHING ELSE.'}]
[2026-04-22 22:48:21,997] [INFO] [ABSTENTION RESPONSE]: I am unable to answer this question without knowing which drug the patient is taking. Therefore, I need more information to determine the mechanism of action.

What is the name of the drug the patient is taking?


[2026-04-22 22:48:21,997] [INFO] ++++++++++++++++++++ Start of Multiple Chocie Decision [expert_basics.py:expert_response_choice()] ++++++++++++++++++++
[2026-04-22 22:48:21,997] [INFO] [<CHOICE PROMPT>] [len(messages)=2] (messages[-1]):
A patient comes into the clinic presenting with a symptom as described in the conversation log below:
    
PATIENT INFORMATION: A 27-year-old woman comes to the physician because of a rash and headache.
CONVERSATION LOG:
None
QUESTION: The bacteriostatic effect of this drug is most likely due to which of the following mechanisms?
OPTIONS: A: Inhibition of initiation complex formation at the 30S ribosomal subunit, B: Inactivation of prokaryotic topoisomerase II and IV, C: Inhibition of tRNA binding site at the 30S ribosomal subunit, D: Inactivation of bacterial peptidyltransferase at the 50S ribosomal subunit
YOUR TASK: Assume that you already have enough information from the above question-answer pairs to answer the patient inquiry, use the above information to produce a factual conclusion. Respond with the correct letter choice (A, B, C, or D) and NOTHING ELSE.
LETTER CHOICE: 
[2026-04-22 22:48:22,174] [INFO] [<CHOICE LM RES>]: D

[2026-04-22 22:48:22,174] [INFO] [<CHOICE PARSED>]: D
[2026-04-22 22:48:22,174] [INFO] [IMPLICIT ABSTAIN RETURN]: abstain: True, confidence: 0.0, letter_choice: D, usage: {'input_tokens': 591, 'output_tokens': 47}, atomic_question: What is the name of the drug the patient is taking?

[2026-04-22 22:48:22,174] [INFO] [Expert System]: {'type': 'question', 'question': 'What is the name of the drug the patient is taking?', 'letter_choice': 'D', 'confidence': 0.0, 'usage': {'input_tokens': 591, 'output_tokens': 47}}
