[2026-04-10 16:29:30,564] [INFO] |||||||||||||||||||| PATIENT #0 ||||||||||||||||||||
[2026-04-10 16:29:30,564] [INFO] ==================== Max Interaction Length (0 turns) Reached --> Force Final Answer ====================
[2026-04-10 16:29:30,564] [INFO] ++++++++++++++++++++ Start of Fixed Abstention [expert_functions.py:fixed_abstention_decision()] ++++++++++++++++++++
[2026-04-10 16:29:30,564] [INFO] [ABSTENTION RESPONSE]: False

[2026-04-10 16:29:30,564] [INFO] ++++++++++++++++++++ Start of Multiple Chocie Decision [expert_basics.py:expert_response_choice()] ++++++++++++++++++++
[2026-04-10 16:29:30,564] [INFO] [<CHOICE PROMPT>] [len(messages)=2] (messages[-1]):
A patient comes into the clinic presenting with a symptom as described in the conversation log below:
    
PATIENT INFORMATION: A 21-year-old sexually active male complains of fever, pain during urination, and inflammation and pain in the right knee. A culture of the joint fluid shows a bacteria that does not ferment maltose and has no polysaccharide capsule. The physician orders antibiotic therapy for the patient.
CONVERSATION LOG:
None
QUESTION: The mechanism of action of the medication given blocks cell wall synthesis, which of the following was given?
OPTIONS: A: Gentamicin, B: Ciprofloxacin, C: Ceftriaxone, D: Trimethoprim
YOUR TASK: Assume that you already have enough information from the above question-answer pairs to answer the patient inquiry, use the above information to produce a factual conclusion. Respond with the correct letter choice (A, B, C, or D) and NOTHING ELSE.
LETTER CHOICE: 
[2026-04-10 16:29:47,361] [INFO] [<CHOICE LM RES>]: C
[2026-04-10 16:29:47,361] [INFO] [<CHOICE PARSED>]: C
[2026-04-10 16:29:47,361] [INFO] [FIXED ABSTAIN RETURN]: abstain: False, confidence: 0, letter_choice: C, usage: {'input_tokens': 302, 'output_tokens': 2}

[2026-04-10 16:29:47,361] [INFO] [Expert System]: {'type': 'choice', 'letter_choice': 'C', 'confidence': 0, 'usage': {'input_tokens': 302, 'output_tokens': 2}}
[2026-04-10 16:29:47,362] [INFO] |||||||||||||||||||| Interaction ended for patient #0 ||||||||||||||||||||



[2026-04-10 16:29:47,362] [INFO] |||||||||||||||||||| PATIENT #1 ||||||||||||||||||||
[2026-04-10 16:29:47,362] [INFO] ==================== Max Interaction Length (0 turns) Reached --> Force Final Answer ====================
[2026-04-10 16:29:47,362] [INFO] ++++++++++++++++++++ Start of Fixed Abstention [expert_functions.py:fixed_abstention_decision()] ++++++++++++++++++++
[2026-04-10 16:29:47,362] [INFO] [ABSTENTION RESPONSE]: False

[2026-04-10 16:29:47,362] [INFO] ++++++++++++++++++++ Start of Multiple Chocie Decision [expert_basics.py:expert_response_choice()] ++++++++++++++++++++
[2026-04-10 16:29:47,362] [INFO] [<CHOICE PROMPT>] [len(messages)=2] (messages[-1]):
A patient comes into the clinic presenting with a symptom as described in the conversation log below:
    
PATIENT INFORMATION: A 5-year-old girl is brought to the emergency department by her mother because of multiple episodes of nausea and vomiting that last about 2 hours. During this period, she has had 6–8 episodes of bilious vomiting and abdominal pain. The vomiting was preceded by fatigue. The girl feels well between these episodes. She has missed several days of school and has been hospitalized 2 times during the past 6 months for dehydration due to similar episodes of vomiting and nausea. The patient has lived with her mother since her parents divorced 8 months ago. Her immunizations are up-to-date. She is at the 60th percentile for height and 30th percentile for weight. She appears emaciated. Her temperature is 36.8°C (98.8°F), pulse is 99/min, and blood pressure is 82/52 mm Hg. Examination shows dry mucous membranes. The lungs are clear to auscultation. Abdominal examination shows a soft abdomen with mild diffuse tenderness with no guarding or rebound. The remainder of the physical examination shows no abnormalities.
CONVERSATION LOG:
None
QUESTION: Which of the following is the most likely diagnosis?
OPTIONS: A: Cyclic vomiting syndrome, B: Gastroenteritis, C: Hypertrophic pyloric stenosis, D: Gastroesophageal reflux disease
YOUR TASK: Assume that you already have enough information from the above question-answer pairs to answer the patient inquiry, use the above information to produce a factual conclusion. Respond with the correct letter choice (A, B, C, or D) and NOTHING ELSE.
LETTER CHOICE: 
[2026-04-10 16:29:51,743] [INFO] [<CHOICE LM RES>]: A
[2026-04-10 16:29:51,743] [INFO] [<CHOICE PARSED>]: A
[2026-04-10 16:29:51,743] [INFO] [FIXED ABSTAIN RETURN]: abstain: False, confidence: 0, letter_choice: A, usage: {'input_tokens': 459, 'output_tokens': 2}

[2026-04-10 16:29:51,743] [INFO] [Expert System]: {'type': 'choice', 'letter_choice': 'A', 'confidence': 0, 'usage': {'input_tokens': 459, 'output_tokens': 2}}
[2026-04-10 16:29:51,743] [INFO] |||||||||||||||||||| Interaction ended for patient #1 ||||||||||||||||||||



[2026-04-10 16:29:51,744] [INFO] |||||||||||||||||||| PATIENT #2 ||||||||||||||||||||
[2026-04-10 16:29:51,744] [INFO] ==================== Max Interaction Length (0 turns) Reached --> Force Final Answer ====================
[2026-04-10 16:29:51,744] [INFO] ++++++++++++++++++++ Start of Fixed Abstention [expert_functions.py:fixed_abstention_decision()] ++++++++++++++++++++
[2026-04-10 16:29:51,744] [INFO] [ABSTENTION RESPONSE]: False

[2026-04-10 16:29:51,744] [INFO] ++++++++++++++++++++ Start of Multiple Chocie Decision [expert_basics.py:expert_response_choice()] ++++++++++++++++++++
[2026-04-10 16:29:51,744] [INFO] [<CHOICE PROMPT>] [len(messages)=2] (messages[-1]):
A patient comes into the clinic presenting with a symptom as described in the conversation log below:
    
PATIENT INFORMATION: A 40-year-old woman presents with difficulty falling asleep, diminished appetite, and tiredness for the past 6 weeks. She says that, despite going to bed early at night, she is unable to fall asleep. She denies feeling anxious or having disturbing thoughts while in bed. Even when she manages to fall asleep, she wakes up early in the morning and is unable to fall back asleep. She says she has grown increasingly irritable and feels increasingly hopeless, and her concentration and interest at work have diminished. The patient denies thoughts of suicide or death. Because of her diminished appetite, she has lost 4 kg (8.8 lb) in the last few weeks and has started drinking a glass of wine every night instead of eating dinner. She has no significant past medical history and is not on any medications.
CONVERSATION LOG:
None
QUESTION: Which of the following is the best course of treatment in this patient?
OPTIONS: A: Diazepam, B: Paroxetine, C: Zolpidem, D: Trazodone
YOUR TASK: Assume that you already have enough information from the above question-answer pairs to answer the patient inquiry, use the above information to produce a factual conclusion. Respond with the correct letter choice (A, B, C, or D) and NOTHING ELSE.
LETTER CHOICE: 
[2026-04-10 16:29:55,677] [INFO] [<CHOICE LM RES>]: B
[2026-04-10 16:29:55,677] [INFO] [<CHOICE PARSED>]: B
[2026-04-10 16:29:55,677] [INFO] [FIXED ABSTAIN RETURN]: abstain: False, confidence: 0, letter_choice: B, usage: {'input_tokens': 394, 'output_tokens': 2}

[2026-04-10 16:29:55,677] [INFO] [Expert System]: {'type': 'choice', 'letter_choice': 'B', 'confidence': 0, 'usage': {'input_tokens': 394, 'output_tokens': 2}}
[2026-04-10 16:29:55,677] [INFO] |||||||||||||||||||| Interaction ended for patient #2 ||||||||||||||||||||



[2026-04-10 16:29:55,677] [INFO] |||||||||||||||||||| PATIENT #3 ||||||||||||||||||||
[2026-04-10 16:29:55,677] [INFO] ==================== Max Interaction Length (0 turns) Reached --> Force Final Answer ====================
[2026-04-10 16:29:55,677] [INFO] ++++++++++++++++++++ Start of Fixed Abstention [expert_functions.py:fixed_abstention_decision()] ++++++++++++++++++++
[2026-04-10 16:29:55,677] [INFO] [ABSTENTION RESPONSE]: False

[2026-04-10 16:29:55,678] [INFO] ++++++++++++++++++++ Start of Multiple Chocie Decision [expert_basics.py:expert_response_choice()] ++++++++++++++++++++
[2026-04-10 16:29:55,678] [INFO] [<CHOICE PROMPT>] [len(messages)=2] (messages[-1]):
A patient comes into the clinic presenting with a symptom as described in the conversation log below:
    
PATIENT INFORMATION: A 37-year-old female with a history of type II diabetes mellitus presents to the emergency department complaining of blood in her urine, left-sided flank pain, nausea, and fever. She also states that she has pain with urination. Vital signs include: temperature is 102 deg F (39.4 deg C), blood pressure is 114/82 mmHg, pulse is 96/min, respirations are 18, and oxygen saturation of 97% on room air. On physical examination, the patient appears uncomfortable and has tenderness on the left flank and left costovertebral angle.
CONVERSATION LOG:
None
QUESTION: Which of the following is the next best step in management?
OPTIONS: A: Obtain an abdominal CT scan, B: Obtain a urine analysis and urine culture, C: Begin intravenous treatment with ceftazidime, D: No treatment is necessary
YOUR TASK: Assume that you already have enough information from the above question-answer pairs to answer the patient inquiry, use the above information to produce a factual conclusion. Respond with the correct letter choice (A, B, C, or D) and NOTHING ELSE.
LETTER CHOICE: 
[2026-04-10 16:29:59,797] [INFO] [<CHOICE LM RES>]: B
[2026-04-10 16:29:59,798] [INFO] [<CHOICE PARSED>]: B
[2026-04-10 16:29:59,798] [INFO] [FIXED ABSTAIN RETURN]: abstain: False, confidence: 0, letter_choice: B, usage: {'input_tokens': 366, 'output_tokens': 2}

[2026-04-10 16:29:59,798] [INFO] [Expert System]: {'type': 'choice', 'letter_choice': 'B', 'confidence': 0, 'usage': {'input_tokens': 366, 'output_tokens': 2}}
[2026-04-10 16:29:59,798] [INFO] |||||||||||||||||||| Interaction ended for patient #3 ||||||||||||||||||||



[2026-04-10 16:29:59,799] [INFO] |||||||||||||||||||| PATIENT #4 ||||||||||||||||||||
[2026-04-10 16:29:59,799] [INFO] ==================== Max Interaction Length (0 turns) Reached --> Force Final Answer ====================
[2026-04-10 16:29:59,799] [INFO] ++++++++++++++++++++ Start of Fixed Abstention [expert_functions.py:fixed_abstention_decision()] ++++++++++++++++++++
[2026-04-10 16:29:59,799] [INFO] [ABSTENTION RESPONSE]: False

[2026-04-10 16:29:59,799] [INFO] ++++++++++++++++++++ Start of Multiple Chocie Decision [expert_basics.py:expert_response_choice()] ++++++++++++++++++++
[2026-04-10 16:29:59,799] [INFO] [<CHOICE PROMPT>] [len(messages)=2] (messages[-1]):
A patient comes into the clinic presenting with a symptom as described in the conversation log below:
    
PATIENT INFORMATION: A 19-year-old boy presents with confusion and the inability to speak properly. The patient's mother says that, a few hours ago, she noticed a change in the way he talked and that he appeared to be in a daze. He then lost consciousness, and she managed to get him to the hospital. She is also concerned about the weight he has lost over the past few months. His blood pressure is 80/55 mm Hg, pulse is 115/min, temperature is 37.2°C (98.9°F), and respiratory rate is 18/min. On physical examination, the patient is taking rapid, deep breaths, and his breath has a fruity odor. Dry mucous membranes and dry skin are noticeable. He is unable to cooperate for a mental status examination. Results of his arterial blood gas analysis are shown. | Pco2 16 mm Hg | HCO3–  10 mEq/L | Po2 91 mm Hg | pH 7.1 | His glucose level is 450 mg/dL, and his potassium level is 4.1 mEq/L.
CONVERSATION LOG:
None
QUESTION: Which of the following should be treated first in this patient?
OPTIONS: A: Hypoperfusion, B: Hyperglycemia, C: Metabolic acidosis, D: Hypokalemia
YOUR TASK: Assume that you already have enough information from the above question-answer pairs to answer the patient inquiry, use the above information to produce a factual conclusion. Respond with the correct letter choice (A, B, C, or D) and NOTHING ELSE.
LETTER CHOICE: 
[2026-04-10 16:30:04,470] [INFO] [<CHOICE LM RES>]: A
[2026-04-10 16:30:04,470] [INFO] [<CHOICE PARSED>]: A
[2026-04-10 16:30:04,470] [INFO] [FIXED ABSTAIN RETURN]: abstain: False, confidence: 0, letter_choice: A, usage: {'input_tokens': 461, 'output_tokens': 2}

[2026-04-10 16:30:04,470] [INFO] [Expert System]: {'type': 'choice', 'letter_choice': 'A', 'confidence': 0, 'usage': {'input_tokens': 461, 'output_tokens': 2}}
[2026-04-10 16:30:04,470] [INFO] |||||||||||||||||||| Interaction ended for patient #4 ||||||||||||||||||||



[2026-04-10 16:30:04,471] [INFO] |||||||||||||||||||| PATIENT #5 ||||||||||||||||||||
[2026-04-10 16:30:04,471] [INFO] ==================== Max Interaction Length (0 turns) Reached --> Force Final Answer ====================
[2026-04-10 16:30:04,471] [INFO] ++++++++++++++++++++ Start of Fixed Abstention [expert_functions.py:fixed_abstention_decision()] ++++++++++++++++++++
[2026-04-10 16:30:04,471] [INFO] [ABSTENTION RESPONSE]: False

[2026-04-10 16:30:04,471] [INFO] ++++++++++++++++++++ Start of Multiple Chocie Decision [expert_basics.py:expert_response_choice()] ++++++++++++++++++++
[2026-04-10 16:30:04,471] [INFO] [<CHOICE PROMPT>] [len(messages)=2] (messages[-1]):
A patient comes into the clinic presenting with a symptom as described in the conversation log below:
    
PATIENT INFORMATION: A 41-year-old woman presents to her primary care physician with complaints of fatigue and weakness. She denies any personal history of blood clots or bleeding problems in her past, but she says that her mother has had to be treated for breast cancer recently and is starting to wear her down. Her past medical history is significant for preeclampsia, hypertension, polycystic ovarian syndrome, and hypercholesterolemia. She currently smokes 1 pack of cigarettes per day, drinks a glass of wine per day, and currently denies any illicit drug use. Her vital signs include: temperature, 36.7°C (98.0°F); blood pressure, 126/74 mm Hg; heart rate, 111/min; and respiratory, rate 23/min. On physical examination, her pulses are bounding and irregular, complexion is pale, but breath sounds remain clear. On examination, the physician finds diffuse skin pallor and orders a complete blood count. Her laboratory data demonstrate a hematocrit of 27.1%, MCV of 79 fL, and a reticulocyte count of 2.0%. The patient is diagnosed with anemia.
CONVERSATION LOG:
None
QUESTION: Which of the following represents the most likely etiology of her anemia.
OPTIONS: A: Vitamin B12 deficiency, B: Folate deficiency, C: Iron deficiency, D: Intravascular hemolysis
YOUR TASK: Assume that you already have enough information from the above question-answer pairs to answer the patient inquiry, use the above information to produce a factual conclusion. Respond with the correct letter choice (A, B, C, or D) and NOTHING ELSE.
LETTER CHOICE: 
[2026-04-10 16:30:09,251] [INFO] [<CHOICE LM RES>]: C
[2026-04-10 16:30:09,251] [INFO] [<CHOICE PARSED>]: C
[2026-04-10 16:30:09,251] [INFO] [FIXED ABSTAIN RETURN]: abstain: False, confidence: 0, letter_choice: C, usage: {'input_tokens': 476, 'output_tokens': 2}

[2026-04-10 16:30:09,251] [INFO] [Expert System]: {'type': 'choice', 'letter_choice': 'C', 'confidence': 0, 'usage': {'input_tokens': 476, 'output_tokens': 2}}
[2026-04-10 16:30:09,251] [INFO] |||||||||||||||||||| Interaction ended for patient #5 ||||||||||||||||||||



[2026-04-10 16:30:09,252] [INFO] |||||||||||||||||||| PATIENT #6 ||||||||||||||||||||
[2026-04-10 16:30:09,252] [INFO] ==================== Max Interaction Length (0 turns) Reached --> Force Final Answer ====================
[2026-04-10 16:30:09,252] [INFO] ++++++++++++++++++++ Start of Fixed Abstention [expert_functions.py:fixed_abstention_decision()] ++++++++++++++++++++
[2026-04-10 16:30:09,252] [INFO] [ABSTENTION RESPONSE]: False

[2026-04-10 16:30:09,252] [INFO] ++++++++++++++++++++ Start of Multiple Chocie Decision [expert_basics.py:expert_response_choice()] ++++++++++++++++++++
[2026-04-10 16:30:09,252] [INFO] [<CHOICE PROMPT>] [len(messages)=2] (messages[-1]):
A patient comes into the clinic presenting with a symptom as described in the conversation log below:
    
PATIENT INFORMATION: A 59-year-old woman with stage IV lung cancer comes to the physician because of progressively worsening weakness in the past 3 months. She has had a 10.5-kg (23-lb) weight loss during this period. Her BMI is 16 kg/m2. She appears thin and has bilateral temporal wasting.
CONVERSATION LOG:
None
QUESTION: Which of the following is the most likely primary mechanism underlying this woman's temporal muscle atrophy?
OPTIONS: A: Cytochrome c-mediated activation of proteases, B: Lipase-mediated degradation of triglycerides, C: TNF-α-mediated activation of caspases, D: Proteasomal degradation of ubiquitinated proteins
YOUR TASK: Assume that you already have enough information from the above question-answer pairs to answer the patient inquiry, use the above information to produce a factual conclusion. Respond with the correct letter choice (A, B, C, or D) and NOTHING ELSE.
LETTER CHOICE: 
[2026-04-10 16:30:13,601] [INFO] [<CHOICE LM RES>]: D
[2026-04-10 16:30:13,601] [INFO] [<CHOICE PARSED>]: D
[2026-04-10 16:30:13,601] [INFO] [FIXED ABSTAIN RETURN]: abstain: False, confidence: 0, letter_choice: D, usage: {'input_tokens': 326, 'output_tokens': 2}

[2026-04-10 16:30:13,601] [INFO] [Expert System]: {'type': 'choice', 'letter_choice': 'D', 'confidence': 0, 'usage': {'input_tokens': 326, 'output_tokens': 2}}
[2026-04-10 16:30:13,601] [INFO] |||||||||||||||||||| Interaction ended for patient #6 ||||||||||||||||||||



[2026-04-10 16:30:13,601] [INFO] |||||||||||||||||||| PATIENT #7 ||||||||||||||||||||
[2026-04-10 16:30:13,601] [INFO] ==================== Max Interaction Length (0 turns) Reached --> Force Final Answer ====================
[2026-04-10 16:30:13,601] [INFO] ++++++++++++++++++++ Start of Fixed Abstention [expert_functions.py:fixed_abstention_decision()] ++++++++++++++++++++
[2026-04-10 16:30:13,601] [INFO] [ABSTENTION RESPONSE]: False

[2026-04-10 16:30:13,601] [INFO] ++++++++++++++++++++ Start of Multiple Chocie Decision [expert_basics.py:expert_response_choice()] ++++++++++++++++++++
[2026-04-10 16:30:13,601] [INFO] [<CHOICE PROMPT>] [len(messages)=2] (messages[-1]):
A patient comes into the clinic presenting with a symptom as described in the conversation log below:
    
PATIENT INFORMATION: A 67-year-old man presents to the emergency department with a fever and altered mental status. The patient has a history of Alzheimer dementia and is typically bed bound. His son found him confused with a warm and flushed complexion thus prompting his presentation. The patient has a past medical history of dementia, diabetes, and hypertension and typically has a visiting home nurse come to administer medications. Prior to examination, he is given haloperidol and diphenhydramine as he is combative and will not allow the nurses near him. His temperature is 102.9°F (39.4°C), blood pressure is 104/64 mmHg, pulse is 170/min, respirations are 22/min, and oxygen saturation is 100% on room air. Physical exam is notable for dry and flushed skin and a confused man. There is no skin breakdown, and flexion of the patient’s neck elicits no discomfort. Laboratory studies are drawn as seen below. |  | Hemoglobin: 15 g/dL | Hematocrit: 45% | Leukocyte count: 4,500/mm^3 with normal differential | Platelet count: 227,000/mm^3 |  | Serum: | Na+: 139 mEq/L | Cl-: 100 mEq/L | K+: 4.3 mEq/L | HCO3-: 24 mEq/L | BUN: 30 mg/dL | Glucose: 97 mg/dL | Creatinine: 1.5 mg/dL | Ca2+: 10.2 mg/dL | AST: 12 U/L | ALT: 10 U/L |  | Urine: | Color: Yellow | Bacteria: Absent | Nitrites: Negative | Red blood cells: Negative |  | An initial chest radiograph is unremarkable. The patient is given 3 liters of Ringer's lactate and an electric fan to cool off. Two hours later, his temperature is 99°F (37.2°C), blood pressure is 154/94 mmHg, pulse is 100/min, respirations are 17/min, and oxygen saturation is 100% on room air. The patient’s mental status is at the patient’s baseline according to the son.
CONVERSATION LOG:
None
QUESTION: Which of the following is the most likely diagnosis?
OPTIONS: A: Exertional heat stroke, B: Neuroleptic malignant syndrome, C: Non-exertional heat stroke, D: Septic shock
YOUR TASK: Assume that you already have enough information from the above question-answer pairs to answer the patient inquiry, use the above information to produce a factual conclusion. Respond with the correct letter choice (A, B, C, or D) and NOTHING ELSE.
LETTER CHOICE: 
[2026-04-10 16:30:18,864] [INFO] [<CHOICE LM RES>]: B
[2026-04-10 16:30:18,865] [INFO] [<CHOICE PARSED>]: B
[2026-04-10 16:30:18,865] [INFO] [FIXED ABSTAIN RETURN]: abstain: False, confidence: 0, letter_choice: B, usage: {'input_tokens': 704, 'output_tokens': 2}

[2026-04-10 16:30:18,865] [INFO] [Expert System]: {'type': 'choice', 'letter_choice': 'B', 'confidence': 0, 'usage': {'input_tokens': 704, 'output_tokens': 2}}
[2026-04-10 16:30:18,865] [INFO] |||||||||||||||||||| Interaction ended for patient #7 ||||||||||||||||||||



[2026-04-10 16:30:18,865] [INFO] |||||||||||||||||||| PATIENT #8 ||||||||||||||||||||
[2026-04-10 16:30:18,865] [INFO] ==================== Max Interaction Length (0 turns) Reached --> Force Final Answer ====================
[2026-04-10 16:30:18,865] [INFO] ++++++++++++++++++++ Start of Fixed Abstention [expert_functions.py:fixed_abstention_decision()] ++++++++++++++++++++
[2026-04-10 16:30:18,865] [INFO] [ABSTENTION RESPONSE]: False

[2026-04-10 16:30:18,865] [INFO] ++++++++++++++++++++ Start of Multiple Chocie Decision [expert_basics.py:expert_response_choice()] ++++++++++++++++++++
[2026-04-10 16:30:18,865] [INFO] [<CHOICE PROMPT>] [len(messages)=2] (messages[-1]):
A patient comes into the clinic presenting with a symptom as described in the conversation log below:
    
PATIENT INFORMATION: A 32-year-old man presents to a mission hospital in Cambodia because he has had difficulty walking from his village to the market. He says that he has always been healthy other than occasional infections; however, over the last year he has been having numbness in his hands and feet. Furthermore, he has noticed weakness, muscle wasting, and pain in his lower extremities. The only change he can remember is that after having a poor harvest last year, he and his family have been subsisting on white rice. Physical exam reveals normal skin color and decreased deep tendon reflexes.
CONVERSATION LOG:
None
QUESTION: The most likely cause of this patient's symptoms is associated with which of the following enzymatic reactions?
OPTIONS: A: Alpha-ketoglutarate dehydrogenase, B: Acyl transferases, C: Glycogen phosphorylase, D: Homocysteine methyltransferase
YOUR TASK: Assume that you already have enough information from the above question-answer pairs to answer the patient inquiry, use the above information to produce a factual conclusion. Respond with the correct letter choice (A, B, C, or D) and NOTHING ELSE.
LETTER CHOICE: 
[2026-04-10 16:30:22,797] [INFO] [<CHOICE LM RES>]: A
[2026-04-10 16:30:22,797] [INFO] [<CHOICE PARSED>]: A
[2026-04-10 16:30:22,797] [INFO] [FIXED ABSTAIN RETURN]: abstain: False, confidence: 0, letter_choice: A, usage: {'input_tokens': 369, 'output_tokens': 2}

[2026-04-10 16:30:22,797] [INFO] [Expert System]: {'type': 'choice', 'letter_choice': 'A', 'confidence': 0, 'usage': {'input_tokens': 369, 'output_tokens': 2}}
[2026-04-10 16:30:22,797] [INFO] |||||||||||||||||||| Interaction ended for patient #8 ||||||||||||||||||||



[2026-04-10 16:30:22,797] [INFO] |||||||||||||||||||| PATIENT #9 ||||||||||||||||||||
[2026-04-10 16:30:22,797] [INFO] ==================== Max Interaction Length (0 turns) Reached --> Force Final Answer ====================
[2026-04-10 16:30:22,797] [INFO] ++++++++++++++++++++ Start of Fixed Abstention [expert_functions.py:fixed_abstention_decision()] ++++++++++++++++++++
[2026-04-10 16:30:22,797] [INFO] [ABSTENTION RESPONSE]: False

[2026-04-10 16:30:22,797] [INFO] ++++++++++++++++++++ Start of Multiple Chocie Decision [expert_basics.py:expert_response_choice()] ++++++++++++++++++++
[2026-04-10 16:30:22,797] [INFO] [<CHOICE PROMPT>] [len(messages)=2] (messages[-1]):
A patient comes into the clinic presenting with a symptom as described in the conversation log below:
    
PATIENT INFORMATION: A 60-year-old woman presents to her primary care physician for a wellness checkup. She has a past medical history of hypertension and was discharged from the hospital yesterday after management of a myocardial infarction. She states that sometimes she experiences exertional angina. Her temperature is 99.5°F (37.5°C), blood pressure is 147/98 mmHg, pulse is 90/min, respirations are 17/min, and oxygen saturation is 98% on room air. Physical exam is within normal limits.
CONVERSATION LOG:
None
QUESTION: Which of the following is the best next step in management?
OPTIONS: A: Atenolol, B: Furosemide, C: Hydrochlorothiazide, D: Nitroglycerin
YOUR TASK: Assume that you already have enough information from the above question-answer pairs to answer the patient inquiry, use the above information to produce a factual conclusion. Respond with the correct letter choice (A, B, C, or D) and NOTHING ELSE.
LETTER CHOICE: 
[2026-04-10 16:30:26,612] [INFO] [<CHOICE LM RES>]: A
[2026-04-10 16:30:26,612] [INFO] [<CHOICE PARSED>]: A
[2026-04-10 16:30:26,612] [INFO] [FIXED ABSTAIN RETURN]: abstain: False, confidence: 0, letter_choice: A, usage: {'input_tokens': 344, 'output_tokens': 2}

[2026-04-10 16:30:26,612] [INFO] [Expert System]: {'type': 'choice', 'letter_choice': 'A', 'confidence': 0, 'usage': {'input_tokens': 344, 'output_tokens': 2}}
[2026-04-10 16:30:26,612] [INFO] |||||||||||||||||||| Interaction ended for patient #9 ||||||||||||||||||||



[2026-04-10 16:30:26,612] [INFO] |||||||||||||||||||| PATIENT #10 ||||||||||||||||||||
[2026-04-10 16:30:26,612] [INFO] ==================== Max Interaction Length (0 turns) Reached --> Force Final Answer ====================
[2026-04-10 16:30:26,612] [INFO] ++++++++++++++++++++ Start of Fixed Abstention [expert_functions.py:fixed_abstention_decision()] ++++++++++++++++++++
[2026-04-10 16:30:26,612] [INFO] [ABSTENTION RESPONSE]: False

[2026-04-10 16:30:26,613] [INFO] ++++++++++++++++++++ Start of Multiple Chocie Decision [expert_basics.py:expert_response_choice()] ++++++++++++++++++++
[2026-04-10 16:30:26,613] [INFO] [<CHOICE PROMPT>] [len(messages)=2] (messages[-1]):
A patient comes into the clinic presenting with a symptom as described in the conversation log below:
    
PATIENT INFORMATION: A 42-year-old male presents to his primary care physician complaining of abdominal pain. He reports a 5-month history of epigastric pain that improves with meals. He has lost 15 pounds since the pain started. His past medical history is significant for a prolactinoma for which he underwent transphenoidal resection. He drinks alcohol socially and has a 10 pack-year smoking history. His family history is notable for a maternal uncle with a parathyroid adenoma. His temperature is 98.8°F (37.1°C), blood pressure is 125/80 mmHg, pulse is 85/min, and respirations are 18/min. After further workup, the patient is started on octreotide, an analogue of an endogenously produced hormone.
CONVERSATION LOG:
None
QUESTION: When this hormone is produced by the hypothalamus, it has which of the following effects?
OPTIONS: A: Decrease production of growth hormone, B: Decrease production of prolactin, C: Decrease production of gastrin, D: Decrease production of thyrotropin-releasing hormone
YOUR TASK: Assume that you already have enough information from the above question-answer pairs to answer the patient inquiry, use the above information to produce a factual conclusion. Respond with the correct letter choice (A, B, C, or D) and NOTHING ELSE.
LETTER CHOICE: 
[2026-04-10 16:30:30,978] [INFO] [<CHOICE LM RES>]: B
[2026-04-10 16:30:30,978] [INFO] [<CHOICE PARSED>]: B
[2026-04-10 16:30:30,978] [INFO] [FIXED ABSTAIN RETURN]: abstain: False, confidence: 0, letter_choice: B, usage: {'input_tokens': 416, 'output_tokens': 2}

[2026-04-10 16:30:30,978] [INFO] [Expert System]: {'type': 'choice', 'letter_choice': 'B', 'confidence': 0, 'usage': {'input_tokens': 416, 'output_tokens': 2}}
[2026-04-10 16:30:30,979] [INFO] |||||||||||||||||||| Interaction ended for patient #10 ||||||||||||||||||||



[2026-04-10 16:30:30,979] [INFO] |||||||||||||||||||| PATIENT #11 ||||||||||||||||||||
[2026-04-10 16:30:30,979] [INFO] ==================== Max Interaction Length (0 turns) Reached --> Force Final Answer ====================
[2026-04-10 16:30:30,979] [INFO] ++++++++++++++++++++ Start of Fixed Abstention [expert_functions.py:fixed_abstention_decision()] ++++++++++++++++++++
[2026-04-10 16:30:30,979] [INFO] [ABSTENTION RESPONSE]: False

[2026-04-10 16:30:30,979] [INFO] ++++++++++++++++++++ Start of Multiple Chocie Decision [expert_basics.py:expert_response_choice()] ++++++++++++++++++++
[2026-04-10 16:30:30,979] [INFO] [<CHOICE PROMPT>] [len(messages)=2] (messages[-1]):
A patient comes into the clinic presenting with a symptom as described in the conversation log below:
    
PATIENT INFORMATION: A 28-year-old female reports that, for more days than not over the past 3 years, she has felt "down" and, at times, "mildly depressed." Over this period, she also endorses feeling fatigued, difficulty concentrating, and often sleeping more than in the past. The patient denies any manic or hypomanic periods and also reports that she did not have any periods of extreme worsening of her depressed mood beyond that described above. She also denies any suicidal ideation.
CONVERSATION LOG:
None
QUESTION: What is the minimum amount of time this patient must exhibit these symptoms in order to meet the diagnostic criteria for dysthymia?
OPTIONS: A: 2 months, B: 6 months, C: 2 years, D: 5 years
YOUR TASK: Assume that you already have enough information from the above question-answer pairs to answer the patient inquiry, use the above information to produce a factual conclusion. Respond with the correct letter choice (A, B, C, or D) and NOTHING ELSE.
LETTER CHOICE: 
[2026-04-10 16:30:35,103] [INFO] [<CHOICE LM RES>]: B
[2026-04-10 16:30:35,103] [INFO] [<CHOICE PARSED>]: B
[2026-04-10 16:30:35,103] [INFO] [FIXED ABSTAIN RETURN]: abstain: False, confidence: 0, letter_choice: B, usage: {'input_tokens': 346, 'output_tokens': 2}

[2026-04-10 16:30:35,103] [INFO] [Expert System]: {'type': 'choice', 'letter_choice': 'B', 'confidence': 0, 'usage': {'input_tokens': 346, 'output_tokens': 2}}
[2026-04-10 16:30:35,103] [INFO] |||||||||||||||||||| Interaction ended for patient #11 ||||||||||||||||||||



[2026-04-10 16:30:35,104] [INFO] |||||||||||||||||||| PATIENT #12 ||||||||||||||||||||
[2026-04-10 16:30:35,104] [INFO] ==================== Max Interaction Length (0 turns) Reached --> Force Final Answer ====================
[2026-04-10 16:30:35,104] [INFO] ++++++++++++++++++++ Start of Fixed Abstention [expert_functions.py:fixed_abstention_decision()] ++++++++++++++++++++
[2026-04-10 16:30:35,104] [INFO] [ABSTENTION RESPONSE]: False

[2026-04-10 16:30:35,104] [INFO] ++++++++++++++++++++ Start of Multiple Chocie Decision [expert_basics.py:expert_response_choice()] ++++++++++++++++++++
[2026-04-10 16:30:35,104] [INFO] [<CHOICE PROMPT>] [len(messages)=2] (messages[-1]):
A patient comes into the clinic presenting with a symptom as described in the conversation log below:
    
PATIENT INFORMATION: A 42-year-old man is being treated by his female family medicine physician for chronic depression. Recently, he has been scheduling more frequent office visits. He does not report any symptoms or problems with his SSRI medication during these visits. Upon further questioning, the patient confesses that he is attracted to her and says "You are the only one in the world who understands me". The physician also manages his hypertension.
CONVERSATION LOG:
None
QUESTION: Which of the following is the most appropriate next step in management?
OPTIONS: A: Re-evaluate this patient for borderline personality disorder, B: Ask closed-ended questions and use a chaperone for future visits, C: Immediately tell this patient that you can not continue to treat him and avoid any further communication, D: Increase the dosage of this patient’s SSRI
YOUR TASK: Assume that you already have enough information from the above question-answer pairs to answer the patient inquiry, use the above information to produce a factual conclusion. Respond with the correct letter choice (A, B, C, or D) and NOTHING ELSE.
LETTER CHOICE: 
[2026-04-10 16:30:39,831] [INFO] [<CHOICE LM RES>]: B
[2026-04-10 16:30:39,832] [INFO] [<CHOICE PARSED>]: B
[2026-04-10 16:30:39,832] [INFO] [FIXED ABSTAIN RETURN]: abstain: False, confidence: 0, letter_choice: B, usage: {'input_tokens': 349, 'output_tokens': 2}

[2026-04-10 16:30:39,832] [INFO] [Expert System]: {'type': 'choice', 'letter_choice': 'B', 'confidence': 0, 'usage': {'input_tokens': 349, 'output_tokens': 2}}
[2026-04-10 16:30:39,832] [INFO] |||||||||||||||||||| Interaction ended for patient #12 ||||||||||||||||||||



[2026-04-10 16:30:39,832] [INFO] |||||||||||||||||||| PATIENT #13 ||||||||||||||||||||
[2026-04-10 16:30:39,832] [INFO] ==================== Max Interaction Length (0 turns) Reached --> Force Final Answer ====================
[2026-04-10 16:30:39,832] [INFO] ++++++++++++++++++++ Start of Fixed Abstention [expert_functions.py:fixed_abstention_decision()] ++++++++++++++++++++
[2026-04-10 16:30:39,832] [INFO] [ABSTENTION RESPONSE]: False

[2026-04-10 16:30:39,832] [INFO] ++++++++++++++++++++ Start of Multiple Chocie Decision [expert_basics.py:expert_response_choice()] ++++++++++++++++++++
[2026-04-10 16:30:39,832] [INFO] [<CHOICE PROMPT>] [len(messages)=2] (messages[-1]):
A patient comes into the clinic presenting with a symptom as described in the conversation log below:
    
PATIENT INFORMATION: A 51-year-old female presents with intermittent right upper quadrant discomfort. The physician suspects she is suffering from biliary colic and recommends surgery. Following surgery, brown stones are removed from the gallbladder specimen.
CONVERSATION LOG:
None
QUESTION: What is the most likely cause of the gallstone coloring?
OPTIONS: A: E. coli infection; beta-glucoronidase release, B: Shigella infection; HMG-CoA reductase release, C: Shigella infection; beta-glucoronidase release, D: Bile supersaturated with cholesterol; beta-glucoronidase release
YOUR TASK: Assume that you already have enough information from the above question-answer pairs to answer the patient inquiry, use the above information to produce a factual conclusion. Respond with the correct letter choice (A, B, C, or D) and NOTHING ELSE.
LETTER CHOICE: 
[2026-04-10 16:30:43,788] [INFO] [<CHOICE LM RES>]: C
[2026-04-10 16:30:43,788] [INFO] [<CHOICE PARSED>]: C
[2026-04-10 16:30:43,788] [INFO] [FIXED ABSTAIN RETURN]: abstain: False, confidence: 0, letter_choice: C, usage: {'input_tokens': 311, 'output_tokens': 2}

[2026-04-10 16:30:43,788] [INFO] [Expert System]: {'type': 'choice', 'letter_choice': 'C', 'confidence': 0, 'usage': {'input_tokens': 311, 'output_tokens': 2}}
[2026-04-10 16:30:43,788] [INFO] |||||||||||||||||||| Interaction ended for patient #13 ||||||||||||||||||||



[2026-04-10 16:30:43,788] [INFO] |||||||||||||||||||| PATIENT #14 ||||||||||||||||||||
[2026-04-10 16:30:43,788] [INFO] ==================== Max Interaction Length (0 turns) Reached --> Force Final Answer ====================
[2026-04-10 16:30:43,789] [INFO] ++++++++++++++++++++ Start of Fixed Abstention [expert_functions.py:fixed_abstention_decision()] ++++++++++++++++++++
[2026-04-10 16:30:43,789] [INFO] [ABSTENTION RESPONSE]: False

[2026-04-10 16:30:43,789] [INFO] ++++++++++++++++++++ Start of Multiple Chocie Decision [expert_basics.py:expert_response_choice()] ++++++++++++++++++++
[2026-04-10 16:30:43,789] [INFO] [<CHOICE PROMPT>] [len(messages)=2] (messages[-1]):
A patient comes into the clinic presenting with a symptom as described in the conversation log below:
    
PATIENT INFORMATION: A 56-year-old man with known coronary artery disease presents to the emergency department complaining of chest discomfort and palpitations for 2 hours. On arrival, the vital signs include blood pressure 122/76 mm Hg, heart rate 180/min, respiratory rate 22/min, temperature 37.0℃ (98.6℉), and blood oxygen saturation (SpO2) 98% on room air. A 12-lead electrocardiogram demonstrated ST-segment elevation in the anterolateral leads. The troponin level was 0.8 ng/mL (normal 0–0.4 ng/mL). The patient declined primary percutaneous intervention and was treated with antifibrinolytics in the coronary care unit. After 1 hour of treatment, the patient loses consciousness and the blood pressure falls to 60/40 mm Hg. Cardiac monitoring shows the electrocardiogram (ECG) pattern in lead 2 shown below.
CONVERSATION LOG:
None
QUESTION: What is the most likely cause of his condition?
OPTIONS: A: Monomorphic ventricular tachycardia, B: Mitral regurgitation, C: Third-degree heart block, D: Acute pericarditis
YOUR TASK: Assume that you already have enough information from the above question-answer pairs to answer the patient inquiry, use the above information to produce a factual conclusion. Respond with the correct letter choice (A, B, C, or D) and NOTHING ELSE.
LETTER CHOICE: 
[2026-04-10 16:30:48,273] [INFO] [<CHOICE LM RES>]: A
[2026-04-10 16:30:48,273] [INFO] [<CHOICE PARSED>]: A
[2026-04-10 16:30:48,273] [INFO] [FIXED ABSTAIN RETURN]: abstain: False, confidence: 0, letter_choice: A, usage: {'input_tokens': 440, 'output_tokens': 2}

[2026-04-10 16:30:48,273] [INFO] [Expert System]: {'type': 'choice', 'letter_choice': 'A', 'confidence': 0, 'usage': {'input_tokens': 440, 'output_tokens': 2}}
[2026-04-10 16:30:48,273] [INFO] |||||||||||||||||||| Interaction ended for patient #14 ||||||||||||||||||||



[2026-04-10 16:30:48,273] [INFO] |||||||||||||||||||| PATIENT #15 ||||||||||||||||||||
[2026-04-10 16:30:48,273] [INFO] ==================== Max Interaction Length (0 turns) Reached --> Force Final Answer ====================
[2026-04-10 16:30:48,273] [INFO] ++++++++++++++++++++ Start of Fixed Abstention [expert_functions.py:fixed_abstention_decision()] ++++++++++++++++++++
[2026-04-10 16:30:48,273] [INFO] [ABSTENTION RESPONSE]: False

[2026-04-10 16:30:48,274] [INFO] ++++++++++++++++++++ Start of Multiple Chocie Decision [expert_basics.py:expert_response_choice()] ++++++++++++++++++++
[2026-04-10 16:30:48,274] [INFO] [<CHOICE PROMPT>] [len(messages)=2] (messages[-1]):
A patient comes into the clinic presenting with a symptom as described in the conversation log below:
    
PATIENT INFORMATION: A 16-year-old female high school student is brought to the physician by her parents for her repeated behavioral problems at home and school during the past 10 months. Her teachers describe her behavior as uncooperative and disruptive as she persistently refuses to answer questions, insults her teachers, and annoys her classmates on a daily basis. At home, her parents try to address her frequent violations of curfew, but attempts at discussing the issue often result in their daughter losing her temper and screaming at her parents. Her grades have deteriorated over the past year. She has no history of psychiatric illness. On questioning, the patient refuses to answer and frequently disrupts the physician’s conversation with the parents.
CONVERSATION LOG:
None
QUESTION: Which of the following is the most likely diagnosis in this patient?
OPTIONS: A: Reactive attachment disorder, B: Conduct disorder, C: Antisocial personality disorder, D: Oppositional defiant disorder
YOUR TASK: Assume that you already have enough information from the above question-answer pairs to answer the patient inquiry, use the above information to produce a factual conclusion. Respond with the correct letter choice (A, B, C, or D) and NOTHING ELSE.
LETTER CHOICE: 
[2026-04-10 16:30:52,984] [INFO] [<CHOICE LM RES>]: D
[2026-04-10 16:30:52,984] [INFO] [<CHOICE PARSED>]: D
[2026-04-10 16:30:52,984] [INFO] [FIXED ABSTAIN RETURN]: abstain: False, confidence: 0, letter_choice: D, usage: {'input_tokens': 372, 'output_tokens': 2}

[2026-04-10 16:30:52,984] [INFO] [Expert System]: {'type': 'choice', 'letter_choice': 'D', 'confidence': 0, 'usage': {'input_tokens': 372, 'output_tokens': 2}}
[2026-04-10 16:30:52,984] [INFO] |||||||||||||||||||| Interaction ended for patient #15 ||||||||||||||||||||



[2026-04-10 16:30:52,984] [INFO] |||||||||||||||||||| PATIENT #16 ||||||||||||||||||||
[2026-04-10 16:30:52,984] [INFO] ==================== Max Interaction Length (0 turns) Reached --> Force Final Answer ====================
[2026-04-10 16:30:52,984] [INFO] ++++++++++++++++++++ Start of Fixed Abstention [expert_functions.py:fixed_abstention_decision()] ++++++++++++++++++++
[2026-04-10 16:30:52,984] [INFO] [ABSTENTION RESPONSE]: False

[2026-04-10 16:30:52,984] [INFO] ++++++++++++++++++++ Start of Multiple Chocie Decision [expert_basics.py:expert_response_choice()] ++++++++++++++++++++
[2026-04-10 16:30:52,984] [INFO] [<CHOICE PROMPT>] [len(messages)=2] (messages[-1]):
A patient comes into the clinic presenting with a symptom as described in the conversation log below:
    
PATIENT INFORMATION: A 22-year-old man is brought to the emergency room with a penetrating stab injury to his left chest. He appears pale, drowsy, and diaphoretic. His pulse is feeble, systolic blood pressure is 86 mm Hg, the respirations are 22/min with an oxygen saturation of 88% at room air, and the temperature is 36.6°C (98.0°F). His jugular vein is distended. Chest auscultation reveals equal breath sounds bilaterally, with muffled heart sounds. Immediate IV fluid resuscitation is initiated.
CONVERSATION LOG:
None
QUESTION: Which of the following findings indicates that the cause of shock is cardiogenic?
OPTIONS: A: Elevated serum creatinine, B: High central venous pressure (CPV), C: Arterial blood gas (ABG) showing base deficit and metabolic acidosis, D: White blood cell (WBC) count < 4000/mm3
YOUR TASK: Assume that you already have enough information from the above question-answer pairs to answer the patient inquiry, use the above information to produce a factual conclusion. Respond with the correct letter choice (A, B, C, or D) and NOTHING ELSE.
LETTER CHOICE: 
[2026-04-10 16:30:57,482] [INFO] [<CHOICE LM RES>]: B
[2026-04-10 16:30:57,482] [INFO] [<CHOICE PARSED>]: B
[2026-04-10 16:30:57,482] [INFO] [FIXED ABSTAIN RETURN]: abstain: False, confidence: 0, letter_choice: B, usage: {'input_tokens': 384, 'output_tokens': 2}

[2026-04-10 16:30:57,483] [INFO] [Expert System]: {'type': 'choice', 'letter_choice': 'B', 'confidence': 0, 'usage': {'input_tokens': 384, 'output_tokens': 2}}
[2026-04-10 16:30:57,483] [INFO] |||||||||||||||||||| Interaction ended for patient #16 ||||||||||||||||||||



[2026-04-10 16:30:57,483] [INFO] |||||||||||||||||||| PATIENT #17 ||||||||||||||||||||
[2026-04-10 16:30:57,483] [INFO] ==================== Max Interaction Length (0 turns) Reached --> Force Final Answer ====================
[2026-04-10 16:30:57,483] [INFO] ++++++++++++++++++++ Start of Fixed Abstention [expert_functions.py:fixed_abstention_decision()] ++++++++++++++++++++
[2026-04-10 16:30:57,483] [INFO] [ABSTENTION RESPONSE]: False

[2026-04-10 16:30:57,483] [INFO] ++++++++++++++++++++ Start of Multiple Chocie Decision [expert_basics.py:expert_response_choice()] ++++++++++++++++++++
[2026-04-10 16:30:57,483] [INFO] [<CHOICE PROMPT>] [len(messages)=2] (messages[-1]):
A patient comes into the clinic presenting with a symptom as described in the conversation log below:
    
PATIENT INFORMATION: A 56-year-old woman is brought to the physician by her husband because of a two-day history of fever, malaise, headaches, and confusion. She recently immigrated from rural China and her immunization status is unknown. Her temperature is 39.1°C (102.4°F). Physical examination shows nuchal rigidity and photophobia. Cerebrospinal fluid analysis shows a neutrophil count of 1,500/mm3. Cerebrospinal fluid cultured on Thayer-Martin agar and normal sheep blood agar shows no growth. However, when the sheep blood agar sample is heated, numerous non-hemolytic, opaque, cream-colored colonies grow.
CONVERSATION LOG:
None
QUESTION: Which of the following characteristics best describes the most likely causal pathogen?
OPTIONS: A: Gram-negative coccobacillus, B: Gram-positive, lancet-shaped diplococcus, C: Gram-negative diplococcus, D: Gram-positive, facultative intracellular bacillus
YOUR TASK: Assume that you already have enough information from the above question-answer pairs to answer the patient inquiry, use the above information to produce a factual conclusion. Respond with the correct letter choice (A, B, C, or D) and NOTHING ELSE.
LETTER CHOICE: 
[2026-04-10 16:31:01,844] [INFO] [<CHOICE LM RES>]: A
[2026-04-10 16:31:01,844] [INFO] [<CHOICE PARSED>]: A
[2026-04-10 16:31:01,844] [INFO] [FIXED ABSTAIN RETURN]: abstain: False, confidence: 0, letter_choice: A, usage: {'input_tokens': 389, 'output_tokens': 2}

[2026-04-10 16:31:01,844] [INFO] [Expert System]: {'type': 'choice', 'letter_choice': 'A', 'confidence': 0, 'usage': {'input_tokens': 389, 'output_tokens': 2}}
[2026-04-10 16:31:01,844] [INFO] |||||||||||||||||||| Interaction ended for patient #17 ||||||||||||||||||||



[2026-04-10 16:31:01,844] [INFO] |||||||||||||||||||| PATIENT #18 ||||||||||||||||||||
[2026-04-10 16:31:01,845] [INFO] ==================== Max Interaction Length (0 turns) Reached --> Force Final Answer ====================
[2026-04-10 16:31:01,845] [INFO] ++++++++++++++++++++ Start of Fixed Abstention [expert_functions.py:fixed_abstention_decision()] ++++++++++++++++++++
[2026-04-10 16:31:01,845] [INFO] [ABSTENTION RESPONSE]: False

[2026-04-10 16:31:01,845] [INFO] ++++++++++++++++++++ Start of Multiple Chocie Decision [expert_basics.py:expert_response_choice()] ++++++++++++++++++++
[2026-04-10 16:31:01,845] [INFO] [<CHOICE PROMPT>] [len(messages)=2] (messages[-1]):
A patient comes into the clinic presenting with a symptom as described in the conversation log below:
    
PATIENT INFORMATION: A 35-year-old male presents to his primary care physician complaining of a one-month history of progressively worsening fatigue. He sought medical attention because this has affected his ability to complete his work as a graduate student. As a child, he was hospitalized for hemolytic uremic syndrome. His past medical history is also notable for diabetes mellitus and obesity. He takes metformin and glyburide. He does not smoke and drinks alcohol occasionally. His family history is notable for chronic lymphocytic leukemia in his paternal uncle and stroke in his father. His temperature is 99.9°F (37.7°C), blood pressure is 100/70 mmHg, pulse is 110/min, and respirations are 18/min. Physical examination reveals diffuse pallor. Hematologic labs are shown below: |  | Hemoglobin: 8.9 g/dL | Hematocrit: 24% | Leukocyte count: 7,500 cells/mm^3 with normal differential | Platelet count: 180,000/mm^3 | Mean corpuscular volume: 85 µm^3 | Reticulocyte count: 0.4% |  | Head and neck imaging is negative for neck masses.
CONVERSATION LOG:
None
QUESTION: The pathogen associated with this patient’s condition is also known to cause which of the following?
OPTIONS: A: Kaposi’s sarcoma, B: Erythema infectiosum, C: Mononucleosis, D: Croup
YOUR TASK: Assume that you already have enough information from the above question-answer pairs to answer the patient inquiry, use the above information to produce a factual conclusion. Respond with the correct letter choice (A, B, C, or D) and NOTHING ELSE.
LETTER CHOICE: 
[2026-04-10 16:31:06,206] [INFO] [<CHOICE LM RES>]: C
[2026-04-10 16:31:06,206] [INFO] [<CHOICE PARSED>]: C
[2026-04-10 16:31:06,206] [INFO] [FIXED ABSTAIN RETURN]: abstain: False, confidence: 0, letter_choice: C, usage: {'input_tokens': 496, 'output_tokens': 2}

[2026-04-10 16:31:06,206] [INFO] [Expert System]: {'type': 'choice', 'letter_choice': 'C', 'confidence': 0, 'usage': {'input_tokens': 496, 'output_tokens': 2}}
[2026-04-10 16:31:06,206] [INFO] |||||||||||||||||||| Interaction ended for patient #18 ||||||||||||||||||||



[2026-04-10 16:31:06,207] [INFO] |||||||||||||||||||| PATIENT #19 ||||||||||||||||||||
[2026-04-10 16:31:06,207] [INFO] ==================== Max Interaction Length (0 turns) Reached --> Force Final Answer ====================
[2026-04-10 16:31:06,207] [INFO] ++++++++++++++++++++ Start of Fixed Abstention [expert_functions.py:fixed_abstention_decision()] ++++++++++++++++++++
[2026-04-10 16:31:06,207] [INFO] [ABSTENTION RESPONSE]: False

[2026-04-10 16:31:06,207] [INFO] ++++++++++++++++++++ Start of Multiple Chocie Decision [expert_basics.py:expert_response_choice()] ++++++++++++++++++++
[2026-04-10 16:31:06,207] [INFO] [<CHOICE PROMPT>] [len(messages)=2] (messages[-1]):
A patient comes into the clinic presenting with a symptom as described in the conversation log below:
    
PATIENT INFORMATION: A 30-year-old man is brought to the doctor's office by his wife. She complains that over the past week there have been 3 episodes where he has fallen asleep while speaking with her. She mentioned that these events began a few months ago and have been increasing in frequency. She also says that his snoring has gotten to the point where she has a hard time sleeping next to him. When asked, the patient says that he frequently falls asleep while reading or watching television in the afternoons and feels refreshed after a short nap. The patient is worried because he sometimes hears people who aren’t in the room as he falls asleep. He is worried he might be “going crazy.” He has noticed that when his friends tell him a joke or he laughs at something on the TV, he drops whatever he’s holding and feels like his legs become weak. These episodes self-resolve in a few seconds. Examination shows a morbidly obese man in no acute distress.
CONVERSATION LOG:
None
QUESTION: Which of the following is the best treatment for the most likely cause for this patient’s illness?
OPTIONS: A: Modafinil, B: Taking longer naps, C: Continuous positive airway pressure, D: Changing bedtime to earlier in the evening
YOUR TASK: Assume that you already have enough information from the above question-answer pairs to answer the patient inquiry, use the above information to produce a factual conclusion. Respond with the correct letter choice (A, B, C, or D) and NOTHING ELSE.
LETTER CHOICE: 
[2026-04-10 16:31:10,152] [INFO] [<CHOICE LM RES>]: A
[2026-04-10 16:31:10,153] [INFO] [<CHOICE PARSED>]: A
[2026-04-10 16:31:10,153] [INFO] [FIXED ABSTAIN RETURN]: abstain: False, confidence: 0, letter_choice: A, usage: {'input_tokens': 440, 'output_tokens': 2}

[2026-04-10 16:31:10,153] [INFO] [Expert System]: {'type': 'choice', 'letter_choice': 'A', 'confidence': 0, 'usage': {'input_tokens': 440, 'output_tokens': 2}}
[2026-04-10 16:31:10,153] [INFO] |||||||||||||||||||| Interaction ended for patient #19 ||||||||||||||||||||



[2026-04-10 16:31:10,153] [INFO] |||||||||||||||||||| PATIENT #20 ||||||||||||||||||||
[2026-04-10 16:31:10,153] [INFO] ==================== Max Interaction Length (0 turns) Reached --> Force Final Answer ====================
[2026-04-10 16:31:10,153] [INFO] ++++++++++++++++++++ Start of Fixed Abstention [expert_functions.py:fixed_abstention_decision()] ++++++++++++++++++++
[2026-04-10 16:31:10,153] [INFO] [ABSTENTION RESPONSE]: False

[2026-04-10 16:31:10,153] [INFO] ++++++++++++++++++++ Start of Multiple Chocie Decision [expert_basics.py:expert_response_choice()] ++++++++++++++++++++
[2026-04-10 16:31:10,153] [INFO] [<CHOICE PROMPT>] [len(messages)=2] (messages[-1]):
A patient comes into the clinic presenting with a symptom as described in the conversation log below:
    
PATIENT INFORMATION: A 55-year-old homeless man presents to the emergency department acutely confused. The patient was found wandering the streets with an abnormal gait. The patient has a past medical history of alcohol and IV drug abuse. His temperature is 98.5°F (36.9°C), blood pressure is 103/61 mmHg, pulse is 120/min, respirations are 16/min, and oxygen saturation is 97% on room air. Physical exam is notable for a poorly kempt man with ataxic gait. Ophthalmoplegia is noted on cranial nerve testing, and he has decreased vibration sensation in the bilateral lower extremity. Dermatologic exam reveals perifollicular hemorrhages, bleeding gums, and many bruises along the patient’s upper and lower extremities. An initial ECG is notable for sinus tachycardia and the patient is given 2L of Ringer lactate. Laboratory values are ordered as seen below. |  | Hemoglobin: 8.0 g/dL | Hematocrit: 30% | Leukocyte count: 3,500/mm^3 with normal differential | Platelet count: 192,000/mm^3 | MCV: 119 fL |  | Serum: | Na+: 139 mEq/L | Cl-: 100 mEq/L | K+: 4.3 mEq/L | HCO3-: 25 mEq/L | BUN: 20 mg/dL | Glucose: 47 mg/dL | Creatinine: 1 mg/dL | Ca2+: 9.2 mg/dL | Mg2+: 1.2 mEq/L | AST: 82 U/L | ALT: 70 U/L |  | .
CONVERSATION LOG:
None
QUESTION: Which of the following is the best next treatment for this patient?
OPTIONS: A: Folate, B: Magnesium, C: Thiamine, D: Vitamin C
YOUR TASK: Assume that you already have enough information from the above question-answer pairs to answer the patient inquiry, use the above information to produce a factual conclusion. Respond with the correct letter choice (A, B, C, or D) and NOTHING ELSE.
LETTER CHOICE: 
[2026-04-10 16:31:14,729] [INFO] [<CHOICE LM RES>]: C
[2026-04-10 16:31:14,729] [INFO] [<CHOICE PARSED>]: C
[2026-04-10 16:31:14,729] [INFO] [FIXED ABSTAIN RETURN]: abstain: False, confidence: 0, letter_choice: C, usage: {'input_tokens': 593, 'output_tokens': 2}

[2026-04-10 16:31:14,729] [INFO] [Expert System]: {'type': 'choice', 'letter_choice': 'C', 'confidence': 0, 'usage': {'input_tokens': 593, 'output_tokens': 2}}
[2026-04-10 16:31:14,729] [INFO] |||||||||||||||||||| Interaction ended for patient #20 ||||||||||||||||||||



[2026-04-10 16:31:14,729] [INFO] |||||||||||||||||||| PATIENT #21 ||||||||||||||||||||
[2026-04-10 16:31:14,729] [INFO] ==================== Max Interaction Length (0 turns) Reached --> Force Final Answer ====================
[2026-04-10 16:31:14,729] [INFO] ++++++++++++++++++++ Start of Fixed Abstention [expert_functions.py:fixed_abstention_decision()] ++++++++++++++++++++
[2026-04-10 16:31:14,729] [INFO] [ABSTENTION RESPONSE]: False

[2026-04-10 16:31:14,729] [INFO] ++++++++++++++++++++ Start of Multiple Chocie Decision [expert_basics.py:expert_response_choice()] ++++++++++++++++++++
[2026-04-10 16:31:14,729] [INFO] [<CHOICE PROMPT>] [len(messages)=2] (messages[-1]):
A patient comes into the clinic presenting with a symptom as described in the conversation log below:
    
PATIENT INFORMATION: A 61-year-old woman is brought to the emergency department because of crushing substernal chest pain at rest for the past 2 hours. She is diaphoretic. Her temperature is 37.5°C (99.5°F), pulse is 110/min, respirations are 21/min, and blood pressure is 115/65 mm Hg. An ECG shows ST elevation in I, aVL, and V2–V4. Coronary angiography shows an 80% stenosis in the left anterior descending artery.
CONVERSATION LOG:
None
QUESTION: Which of the following is the most likely initial step in the pathogenesis of this patient's coronary condition?
OPTIONS: A: Intimal monocyte infiltration, B: Platelet activation, C: Endothelial cell dysfunction, D: Fibrous plaque formation
YOUR TASK: Assume that you already have enough information from the above question-answer pairs to answer the patient inquiry, use the above information to produce a factual conclusion. Respond with the correct letter choice (A, B, C, or D) and NOTHING ELSE.
LETTER CHOICE: 
[2026-04-10 16:31:18,854] [INFO] [<CHOICE LM RES>]: B
[2026-04-10 16:31:18,854] [INFO] [<CHOICE PARSED>]: B
[2026-04-10 16:31:18,854] [INFO] [FIXED ABSTAIN RETURN]: abstain: False, confidence: 0, letter_choice: B, usage: {'input_tokens': 355, 'output_tokens': 2}

[2026-04-10 16:31:18,854] [INFO] [Expert System]: {'type': 'choice', 'letter_choice': 'B', 'confidence': 0, 'usage': {'input_tokens': 355, 'output_tokens': 2}}
[2026-04-10 16:31:18,854] [INFO] |||||||||||||||||||| Interaction ended for patient #21 ||||||||||||||||||||



[2026-04-10 16:31:18,854] [INFO] |||||||||||||||||||| PATIENT #22 ||||||||||||||||||||
[2026-04-10 16:31:18,855] [INFO] ==================== Max Interaction Length (0 turns) Reached --> Force Final Answer ====================
[2026-04-10 16:31:18,855] [INFO] ++++++++++++++++++++ Start of Fixed Abstention [expert_functions.py:fixed_abstention_decision()] ++++++++++++++++++++
[2026-04-10 16:31:18,855] [INFO] [ABSTENTION RESPONSE]: False

[2026-04-10 16:31:18,855] [INFO] ++++++++++++++++++++ Start of Multiple Chocie Decision [expert_basics.py:expert_response_choice()] ++++++++++++++++++++
[2026-04-10 16:31:18,855] [INFO] [<CHOICE PROMPT>] [len(messages)=2] (messages[-1]):
A patient comes into the clinic presenting with a symptom as described in the conversation log below:
    
PATIENT INFORMATION: A 4-year-old boy presents to the office with his mother. She states that the patient has been complaining of pain in his scrotum with swelling, abdominal pain, and nausea for the last 2 or 3 days. On exam, the abdomen is soft and nontender to palpation. The right scrotal sac is mildly enlarged without erythema. A tender mass is palpated in the right scrotal area. The mass does not transilluminate when a penlight is applied. The patient is afebrile and all vital signs are stable.
CONVERSATION LOG:
None
QUESTION: What is the most likely etiology of this patient’s presentation?
OPTIONS: A: Patent processus vaginalis, B: Collection of fluid in the tunica vaginalis, C: Infection of the epididymis, D: Neoplasm of the testicle
YOUR TASK: Assume that you already have enough information from the above question-answer pairs to answer the patient inquiry, use the above information to produce a factual conclusion. Respond with the correct letter choice (A, B, C, or D) and NOTHING ELSE.
LETTER CHOICE: 
[2026-04-10 16:31:23,000] [INFO] [<CHOICE LM RES>]: A
[2026-04-10 16:31:23,001] [INFO] [<CHOICE PARSED>]: A
[2026-04-10 16:31:23,001] [INFO] [FIXED ABSTAIN RETURN]: abstain: False, confidence: 0, letter_choice: A, usage: {'input_tokens': 365, 'output_tokens': 2}

[2026-04-10 16:31:23,001] [INFO] [Expert System]: {'type': 'choice', 'letter_choice': 'A', 'confidence': 0, 'usage': {'input_tokens': 365, 'output_tokens': 2}}
[2026-04-10 16:31:23,001] [INFO] |||||||||||||||||||| Interaction ended for patient #22 ||||||||||||||||||||



[2026-04-10 16:31:23,001] [INFO] |||||||||||||||||||| PATIENT #23 ||||||||||||||||||||
[2026-04-10 16:31:23,001] [INFO] ==================== Max Interaction Length (0 turns) Reached --> Force Final Answer ====================
[2026-04-10 16:31:23,001] [INFO] ++++++++++++++++++++ Start of Fixed Abstention [expert_functions.py:fixed_abstention_decision()] ++++++++++++++++++++
[2026-04-10 16:31:23,001] [INFO] [ABSTENTION RESPONSE]: False

[2026-04-10 16:31:23,001] [INFO] ++++++++++++++++++++ Start of Multiple Chocie Decision [expert_basics.py:expert_response_choice()] ++++++++++++++++++++
[2026-04-10 16:31:23,001] [INFO] [<CHOICE PROMPT>] [len(messages)=2] (messages[-1]):
A patient comes into the clinic presenting with a symptom as described in the conversation log below:
    
PATIENT INFORMATION: A 59-year-old man presents to his primary care physician, accompanied by his wife, who requests treatment for his “chronic pessimism.” The patient admits to feeling tired and “down” most of the time for the past several years but insists that it is “just part of getting old.” His wife believes that he has become more self-critical and less confident than he used to be. Neither the patient nor his wife can identify any stressors or triggering events. He has continued to work as a librarian at a nearby college during this time and spends time with friends on the weekends. He sleeps 7 hours per night and eats 3 meals per day. He denies suicidal ideation or periods of elevated mood, excessive irritability, or increased energy. Physical exam reveals a well-dressed, well-groomed man without apparent abnormality. Basic neurocognitive testing and labs (CBC, BMP, TSH, cortisol, testosterone, and urine toxicology) are within normal limits.
CONVERSATION LOG:
None
QUESTION: What is the most likely diagnosis?
OPTIONS: A: Adjustment disorder with depressive features, B: Bipolar disorder, C: Cyclothymia, D: Dysthymia
YOUR TASK: Assume that you already have enough information from the above question-answer pairs to answer the patient inquiry, use the above information to produce a factual conclusion. Respond with the correct letter choice (A, B, C, or D) and NOTHING ELSE.
LETTER CHOICE: 
[2026-04-10 16:31:27,427] [INFO] [<CHOICE LM RES>]: D
[2026-04-10 16:31:27,427] [INFO] [<CHOICE PARSED>]: D
[2026-04-10 16:31:27,427] [INFO] [FIXED ABSTAIN RETURN]: abstain: False, confidence: 0, letter_choice: D, usage: {'input_tokens': 429, 'output_tokens': 2}

[2026-04-10 16:31:27,427] [INFO] [Expert System]: {'type': 'choice', 'letter_choice': 'D', 'confidence': 0, 'usage': {'input_tokens': 429, 'output_tokens': 2}}
[2026-04-10 16:31:27,427] [INFO] |||||||||||||||||||| Interaction ended for patient #23 ||||||||||||||||||||



[2026-04-10 16:31:27,428] [INFO] |||||||||||||||||||| PATIENT #24 ||||||||||||||||||||
[2026-04-10 16:31:27,428] [INFO] ==================== Max Interaction Length (0 turns) Reached --> Force Final Answer ====================
[2026-04-10 16:31:27,428] [INFO] ++++++++++++++++++++ Start of Fixed Abstention [expert_functions.py:fixed_abstention_decision()] ++++++++++++++++++++
[2026-04-10 16:31:27,428] [INFO] [ABSTENTION RESPONSE]: False

[2026-04-10 16:31:27,428] [INFO] ++++++++++++++++++++ Start of Multiple Chocie Decision [expert_basics.py:expert_response_choice()] ++++++++++++++++++++
[2026-04-10 16:31:27,428] [INFO] [<CHOICE PROMPT>] [len(messages)=2] (messages[-1]):
A patient comes into the clinic presenting with a symptom as described in the conversation log below:
    
PATIENT INFORMATION: A 17-month-old girl was brought to the emergency department by her mom following a fall. The mom reports that the patient was playing in the playground when she tripped and fell onto the mulch. She had an uncomplicated birth history and has been meeting developmental goals except for language delay, for which she is to receive a hearing test for further evaluation next week. Physical exam reveals bruising along the left lateral thigh, knee, and elbow; all lab tests are within normal limits. Radiograph shows a fracture of the olecranon. Serum chemistry and liver panels were within normal limits.
CONVERSATION LOG:
None
QUESTION: What is the most likely explanation for the patient’s presentation?
OPTIONS: A: Child abuse, B: Defective type 1 collagen gene, C: Low levels of phosphate, D: Low levels of vitamin D
YOUR TASK: Assume that you already have enough information from the above question-answer pairs to answer the patient inquiry, use the above information to produce a factual conclusion. Respond with the correct letter choice (A, B, C, or D) and NOTHING ELSE.
LETTER CHOICE: 
[2026-04-10 16:31:32,847] [INFO] [<CHOICE LM RES>]: A
[2026-04-10 16:31:32,847] [INFO] [<CHOICE PARSED>]: A
[2026-04-10 16:31:32,847] [INFO] [FIXED ABSTAIN RETURN]: abstain: False, confidence: 0, letter_choice: A, usage: {'input_tokens': 354, 'output_tokens': 2}

[2026-04-10 16:31:32,847] [INFO] [Expert System]: {'type': 'choice', 'letter_choice': 'A', 'confidence': 0, 'usage': {'input_tokens': 354, 'output_tokens': 2}}
[2026-04-10 16:31:32,847] [INFO] |||||||||||||||||||| Interaction ended for patient #24 ||||||||||||||||||||



[2026-04-10 16:31:32,847] [INFO] |||||||||||||||||||| PATIENT #25 ||||||||||||||||||||
[2026-04-10 16:31:32,847] [INFO] ==================== Max Interaction Length (0 turns) Reached --> Force Final Answer ====================
[2026-04-10 16:31:32,847] [INFO] ++++++++++++++++++++ Start of Fixed Abstention [expert_functions.py:fixed_abstention_decision()] ++++++++++++++++++++
[2026-04-10 16:31:32,847] [INFO] [ABSTENTION RESPONSE]: False

[2026-04-10 16:31:32,847] [INFO] ++++++++++++++++++++ Start of Multiple Chocie Decision [expert_basics.py:expert_response_choice()] ++++++++++++++++++++
[2026-04-10 16:31:32,847] [INFO] [<CHOICE PROMPT>] [len(messages)=2] (messages[-1]):
A patient comes into the clinic presenting with a symptom as described in the conversation log below:
    
PATIENT INFORMATION: ِA 62-year-old man comes to the emergency department because of colicky pain in the lower abdomen and abdominal distension for the past 12 hours. He has chronic constipation for which he takes lactulose and senna laxatives. His temperature is 37.1°C (98.7°F), blood pressure is 110/60 mm Hg and pulse is 85/min. On physical examination, there is diffuse abdominal distension and tenderness, and bowel sounds are faint. His plain abdominal radiograph is shown.
CONVERSATION LOG:
None
QUESTION: Which of the following is the most likely diagnosis?
OPTIONS: A: Infectious colitis, B: Bowel adhesions, C: Volvulus, D: Acute diverticulitis
YOUR TASK: Assume that you already have enough information from the above question-answer pairs to answer the patient inquiry, use the above information to produce a factual conclusion. Respond with the correct letter choice (A, B, C, or D) and NOTHING ELSE.
LETTER CHOICE: 
[2026-04-10 16:31:38,322] [INFO] [<CHOICE LM RES>]: C
[2026-04-10 16:31:38,322] [INFO] [<CHOICE PARSED>]: C
[2026-04-10 16:31:38,322] [INFO] [FIXED ABSTAIN RETURN]: abstain: False, confidence: 0, letter_choice: C, usage: {'input_tokens': 343, 'output_tokens': 2}

[2026-04-10 16:31:38,322] [INFO] [Expert System]: {'type': 'choice', 'letter_choice': 'C', 'confidence': 0, 'usage': {'input_tokens': 343, 'output_tokens': 2}}
[2026-04-10 16:31:38,322] [INFO] |||||||||||||||||||| Interaction ended for patient #25 ||||||||||||||||||||



[2026-04-10 16:31:38,323] [INFO] |||||||||||||||||||| PATIENT #26 ||||||||||||||||||||
[2026-04-10 16:31:38,323] [INFO] ==================== Max Interaction Length (0 turns) Reached --> Force Final Answer ====================
[2026-04-10 16:31:38,323] [INFO] ++++++++++++++++++++ Start of Fixed Abstention [expert_functions.py:fixed_abstention_decision()] ++++++++++++++++++++
[2026-04-10 16:31:38,323] [INFO] [ABSTENTION RESPONSE]: False

[2026-04-10 16:31:38,323] [INFO] ++++++++++++++++++++ Start of Multiple Chocie Decision [expert_basics.py:expert_response_choice()] ++++++++++++++++++++
[2026-04-10 16:31:38,323] [INFO] [<CHOICE PROMPT>] [len(messages)=2] (messages[-1]):
A patient comes into the clinic presenting with a symptom as described in the conversation log below:
    
PATIENT INFORMATION: A 73-year-old African American man comes to the physician for a routine health maintenance examination. He has type 2 diabetes mellitus, hypertension, hypercholesterolemia, and coronary artery disease. His current medications include metformin, hydrochlorothiazide, amlodipine, rosuvastatin, isosorbide mononitrate, aspirin, and dipyridamole. He is 180 cm (5 ft 11 in) tall and weighs 110 kg (242 lb); BMI is 34 kg/m2. His vital signs are within normal limits. His hemoglobin A1c concentration is 6.7%. Serum lipid studies show: | Cholesterol, total 302 mg/L | HDL-cholesterol 39 mg/dL | LDL-cholesterol 197 mg/dL | Triglycerides 292 mg/dL | The physician prescribes a drug that inhibits intestinal cholesterol absorption.
CONVERSATION LOG:
None
QUESTION: The addition of this drug is most likely to increase the risk of which of the following adverse effects?"
OPTIONS: A: Hepatotoxicity, B: Hyperkalemia, C: Cutaneous flushing, D: Hyperuricemia
YOUR TASK: Assume that you already have enough information from the above question-answer pairs to answer the patient inquiry, use the above information to produce a factual conclusion. Respond with the correct letter choice (A, B, C, or D) and NOTHING ELSE.
LETTER CHOICE: 
[2026-04-10 16:31:45,030] [INFO] [<CHOICE LM RES>]: A
[2026-04-10 16:31:45,030] [INFO] [<CHOICE PARSED>]: A
[2026-04-10 16:31:45,030] [INFO] [FIXED ABSTAIN RETURN]: abstain: False, confidence: 0, letter_choice: A, usage: {'input_tokens': 438, 'output_tokens': 2}

[2026-04-10 16:31:45,030] [INFO] [Expert System]: {'type': 'choice', 'letter_choice': 'A', 'confidence': 0, 'usage': {'input_tokens': 438, 'output_tokens': 2}}
[2026-04-10 16:31:45,030] [INFO] |||||||||||||||||||| Interaction ended for patient #26 ||||||||||||||||||||



[2026-04-10 16:31:45,031] [INFO] |||||||||||||||||||| PATIENT #27 ||||||||||||||||||||
[2026-04-10 16:31:45,031] [INFO] ==================== Max Interaction Length (0 turns) Reached --> Force Final Answer ====================
[2026-04-10 16:31:45,031] [INFO] ++++++++++++++++++++ Start of Fixed Abstention [expert_functions.py:fixed_abstention_decision()] ++++++++++++++++++++
[2026-04-10 16:31:45,031] [INFO] [ABSTENTION RESPONSE]: False

[2026-04-10 16:31:45,031] [INFO] ++++++++++++++++++++ Start of Multiple Chocie Decision [expert_basics.py:expert_response_choice()] ++++++++++++++++++++
[2026-04-10 16:31:45,031] [INFO] [<CHOICE PROMPT>] [len(messages)=2] (messages[-1]):
A patient comes into the clinic presenting with a symptom as described in the conversation log below:
    
PATIENT INFORMATION: A 15-year-old girl is brought to the clinic by her mother because she is worried the patient has not yet had her period. The patient’s older sister had her first period at age 14. The mother had her first period at age 13. The patient reports she is doing well in school and is on the varsity basketball team. Her medical history is significant for asthma and atopic dermatitis. Her medications include albuterol and topical triamcinolone. The patient’s temperature is 98°F (36.7°C), blood pressure is 111/72 mmHg, pulse is 65/min, and respirations are 14/min with an oxygen saturation of 99% on room air. Her body mass index (BMI) is 19 kg/m^2. Physical exam shows absent breast development and external genitalia at Tanner stage 1. Serum follicle stimulating hormone (FSH) level is measured to be 38 mIU/mL.
CONVERSATION LOG:
None
QUESTION: Which of the following is the next best diagnostic step?
OPTIONS: A: CYP17 gene work-up, B: Estrogen levels, C: Gonadotrophin-releasing hormone stimulation test, D: Karotype
YOUR TASK: Assume that you already have enough information from the above question-answer pairs to answer the patient inquiry, use the above information to produce a factual conclusion. Respond with the correct letter choice (A, B, C, or D) and NOTHING ELSE.
LETTER CHOICE: 
[2026-04-10 16:31:50,666] [INFO] [<CHOICE LM RES>]: B
[2026-04-10 16:31:50,666] [INFO] [<CHOICE PARSED>]: B
[2026-04-10 16:31:50,666] [INFO] [FIXED ABSTAIN RETURN]: abstain: False, confidence: 0, letter_choice: B, usage: {'input_tokens': 436, 'output_tokens': 2}

[2026-04-10 16:31:50,666] [INFO] [Expert System]: {'type': 'choice', 'letter_choice': 'B', 'confidence': 0, 'usage': {'input_tokens': 436, 'output_tokens': 2}}
[2026-04-10 16:31:50,666] [INFO] |||||||||||||||||||| Interaction ended for patient #27 ||||||||||||||||||||



[2026-04-10 16:31:50,667] [INFO] |||||||||||||||||||| PATIENT #28 ||||||||||||||||||||
[2026-04-10 16:31:50,667] [INFO] ==================== Max Interaction Length (0 turns) Reached --> Force Final Answer ====================
[2026-04-10 16:31:50,667] [INFO] ++++++++++++++++++++ Start of Fixed Abstention [expert_functions.py:fixed_abstention_decision()] ++++++++++++++++++++
[2026-04-10 16:31:50,667] [INFO] [ABSTENTION RESPONSE]: False

[2026-04-10 16:31:50,667] [INFO] ++++++++++++++++++++ Start of Multiple Chocie Decision [expert_basics.py:expert_response_choice()] ++++++++++++++++++++
[2026-04-10 16:31:50,667] [INFO] [<CHOICE PROMPT>] [len(messages)=2] (messages[-1]):
A patient comes into the clinic presenting with a symptom as described in the conversation log below:
    
PATIENT INFORMATION: A 15-month-old girl is brought to the physician by her mother for grossly bloody diarrhea for 2 days. The girl has had a few episodes of blood-tinged stools over the past 3 weeks. She has not had pain, nausea, or vomiting. She is at the 55th percentile for height and 55th percentile for weight. Examination shows conjunctival pallor. The abdomen is soft and nontender. There is a small amount of dark red blood in the diaper. Her hemoglobin concentration is 9.5 g/dL, mean corpuscular volume is 68 μm3, and platelet count is 300,000/mm3.
CONVERSATION LOG:
None
QUESTION: Further evaluation is most likely to show which of the following findings?
OPTIONS: A: Neutrophil infiltrated crypts on colonic biopsy, B: Absent ganglionic cells on rectal suction biopsy, C: Target sign on abdominal ultrasound, D: Ectopic gastric mucosa on Technetium-99m pertechnetate scan
YOUR TASK: Assume that you already have enough information from the above question-answer pairs to answer the patient inquiry, use the above information to produce a factual conclusion. Respond with the correct letter choice (A, B, C, or D) and NOTHING ELSE.
LETTER CHOICE: 
[2026-04-10 16:31:56,452] [INFO] [<CHOICE LM RES>]: B
[2026-04-10 16:31:56,452] [INFO] [<CHOICE PARSED>]: B
[2026-04-10 16:31:56,452] [INFO] [FIXED ABSTAIN RETURN]: abstain: False, confidence: 0, letter_choice: B, usage: {'input_tokens': 404, 'output_tokens': 2}

[2026-04-10 16:31:56,452] [INFO] [Expert System]: {'type': 'choice', 'letter_choice': 'B', 'confidence': 0, 'usage': {'input_tokens': 404, 'output_tokens': 2}}
[2026-04-10 16:31:56,452] [INFO] |||||||||||||||||||| Interaction ended for patient #28 ||||||||||||||||||||



[2026-04-10 16:31:56,453] [INFO] |||||||||||||||||||| PATIENT #29 ||||||||||||||||||||
[2026-04-10 16:31:56,453] [INFO] ==================== Max Interaction Length (0 turns) Reached --> Force Final Answer ====================
[2026-04-10 16:31:56,453] [INFO] ++++++++++++++++++++ Start of Fixed Abstention [expert_functions.py:fixed_abstention_decision()] ++++++++++++++++++++
[2026-04-10 16:31:56,453] [INFO] [ABSTENTION RESPONSE]: False

[2026-04-10 16:31:56,453] [INFO] ++++++++++++++++++++ Start of Multiple Chocie Decision [expert_basics.py:expert_response_choice()] ++++++++++++++++++++
[2026-04-10 16:31:56,453] [INFO] [<CHOICE PROMPT>] [len(messages)=2] (messages[-1]):
A patient comes into the clinic presenting with a symptom as described in the conversation log below:
    
PATIENT INFORMATION: A 3855-g (8-lb 8-oz) newborn is examined shortly after birth. She was delivered at 40 weeks' gestation by cesarean delivery because of breech presentation. Pregnancy was otherwise uncomplicated. Physical examination shows asymmetric thigh creases. The left leg is shorter than the right leg and positioned in external rotation.
CONVERSATION LOG:
None
QUESTION: Which of the following is the most likely underlying cause of this patient's findings?
OPTIONS: A: Fracture of the femoral neck, B: Inflammation of the hip synovium, C: Abnormal development of the acetabulum, D: Displacement of the femoral epiphysis
YOUR TASK: Assume that you already have enough information from the above question-answer pairs to answer the patient inquiry, use the above information to produce a factual conclusion. Respond with the correct letter choice (A, B, C, or D) and NOTHING ELSE.
LETTER CHOICE: 
[2026-04-10 16:32:00,296] [INFO] [<CHOICE LM RES>]: B
[2026-04-10 16:32:00,296] [INFO] [<CHOICE PARSED>]: B
[2026-04-10 16:32:00,296] [INFO] [FIXED ABSTAIN RETURN]: abstain: False, confidence: 0, letter_choice: B, usage: {'input_tokens': 326, 'output_tokens': 2}

[2026-04-10 16:32:00,296] [INFO] [Expert System]: {'type': 'choice', 'letter_choice': 'B', 'confidence': 0, 'usage': {'input_tokens': 326, 'output_tokens': 2}}
[2026-04-10 16:32:00,296] [INFO] |||||||||||||||||||| Interaction ended for patient #29 ||||||||||||||||||||



[2026-04-10 16:32:00,296] [INFO] |||||||||||||||||||| PATIENT #30 ||||||||||||||||||||
[2026-04-10 16:32:00,296] [INFO] ==================== Max Interaction Length (0 turns) Reached --> Force Final Answer ====================
[2026-04-10 16:32:00,296] [INFO] ++++++++++++++++++++ Start of Fixed Abstention [expert_functions.py:fixed_abstention_decision()] ++++++++++++++++++++
[2026-04-10 16:32:00,296] [INFO] [ABSTENTION RESPONSE]: False

[2026-04-10 16:32:00,296] [INFO] ++++++++++++++++++++ Start of Multiple Chocie Decision [expert_basics.py:expert_response_choice()] ++++++++++++++++++++
[2026-04-10 16:32:00,296] [INFO] [<CHOICE PROMPT>] [len(messages)=2] (messages[-1]):
A patient comes into the clinic presenting with a symptom as described in the conversation log below:
    
PATIENT INFORMATION: A 27-year-old G1P0 woman at 9 weeks estimated gestational age presents for a prenatal visit. She has no current complaints and takes no medications. She is vegetarian and emigrated from Nepal 7 years ago. She does not use tobacco, alcohol or recreational drugs. The patient’s vital signs include: blood pressure 111/95 mm Hg, temperature 36.7°C (98.6°F), pulse 88/min. Laboratory results are significant for the following: | Hemoglobin 10.2 g/dL | Erythrocyte count 5.5 million/mm3 | Mean corpuscular volume 65 μm3 | Mean corpuscular hemoglobin 21 pg/cell | Red cell distribution width 13.5% (ref: 11.5–14.5%) | Serum ferritin 170 ng/mL | .
CONVERSATION LOG:
None
QUESTION: Which of the following is the most likely cause of this patient's anemia?
OPTIONS: A: Vitamin B12 deficiency, B: Zinc deficiency, C: Gestational anemia, D: Thalassemia trait
YOUR TASK: Assume that you already have enough information from the above question-answer pairs to answer the patient inquiry, use the above information to produce a factual conclusion. Respond with the correct letter choice (A, B, C, or D) and NOTHING ELSE.
LETTER CHOICE: 
[2026-04-10 16:32:04,305] [INFO] [<CHOICE LM RES>]: D
[2026-04-10 16:32:04,305] [INFO] [<CHOICE PARSED>]: D
[2026-04-10 16:32:04,305] [INFO] [FIXED ABSTAIN RETURN]: abstain: False, confidence: 0, letter_choice: D, usage: {'input_tokens': 414, 'output_tokens': 2}

[2026-04-10 16:32:04,305] [INFO] [Expert System]: {'type': 'choice', 'letter_choice': 'D', 'confidence': 0, 'usage': {'input_tokens': 414, 'output_tokens': 2}}
[2026-04-10 16:32:04,305] [INFO] |||||||||||||||||||| Interaction ended for patient #30 ||||||||||||||||||||



[2026-04-10 16:32:04,305] [INFO] |||||||||||||||||||| PATIENT #31 ||||||||||||||||||||
[2026-04-10 16:32:04,305] [INFO] ==================== Max Interaction Length (0 turns) Reached --> Force Final Answer ====================
[2026-04-10 16:32:04,305] [INFO] ++++++++++++++++++++ Start of Fixed Abstention [expert_functions.py:fixed_abstention_decision()] ++++++++++++++++++++
[2026-04-10 16:32:04,305] [INFO] [ABSTENTION RESPONSE]: False

[2026-04-10 16:32:04,305] [INFO] ++++++++++++++++++++ Start of Multiple Chocie Decision [expert_basics.py:expert_response_choice()] ++++++++++++++++++++
[2026-04-10 16:32:04,305] [INFO] [<CHOICE PROMPT>] [len(messages)=2] (messages[-1]):
A patient comes into the clinic presenting with a symptom as described in the conversation log below:
    
PATIENT INFORMATION: A 31-year-old woman presents to your clinic with a persistent headache. She reports she has suffered from headaches since the age of 27 when she gained 12 kg (26.4 lb) after the birth of her second child. The headache is generalized and throbbing in nature. It worsens in the morning and is aggravated with coughing, laughing, and sneezing. The patient’s blood pressure is 130/85 mm Hg, heart rate is 90/min, respiratory rate is 14/min, and the temperature is 36.6℃ (97.9℉). The patient’s weight is 101 kg (222.7 lb), height is 165 cm (5.4 ft), and BMI is 36.7 kg/m2. Examination reveals papilledema. Head CT scan does not reveal any abnormalities. Lumbar puncture shows an opening pressure of 32 cm H2O. The patient is prescribed a carbonic anhydrase inhibitor, acetazolamide, for idiopathic intracranial hypertension.
CONVERSATION LOG:
None
QUESTION: What will be the change in the kinetics of the reaction catalyzed by carbonic anhydrase under the influence of acetazolamide?
OPTIONS: A: Activation energy (Ea) will increase, B: Activation energy (Ea) will decrease, C: Free energy (G) of the reactants will increase, D: Increase reaction free energy change (∆G) by increasing free energy (G) of reactants and decreasing G of products
YOUR TASK: Assume that you already have enough information from the above question-answer pairs to answer the patient inquiry, use the above information to produce a factual conclusion. Respond with the correct letter choice (A, B, C, or D) and NOTHING ELSE.
LETTER CHOICE: 
[2026-04-10 16:32:08,806] [INFO] [<CHOICE LM RES>]: B
[2026-04-10 16:32:08,806] [INFO] [<CHOICE PARSED>]: B
[2026-04-10 16:32:08,806] [INFO] [FIXED ABSTAIN RETURN]: abstain: False, confidence: 0, letter_choice: B, usage: {'input_tokens': 500, 'output_tokens': 2}

[2026-04-10 16:32:08,806] [INFO] [Expert System]: {'type': 'choice', 'letter_choice': 'B', 'confidence': 0, 'usage': {'input_tokens': 500, 'output_tokens': 2}}
[2026-04-10 16:32:08,806] [INFO] |||||||||||||||||||| Interaction ended for patient #31 ||||||||||||||||||||



[2026-04-10 16:32:08,806] [INFO] |||||||||||||||||||| PATIENT #32 ||||||||||||||||||||
[2026-04-10 16:32:08,806] [INFO] ==================== Max Interaction Length (0 turns) Reached --> Force Final Answer ====================
[2026-04-10 16:32:08,806] [INFO] ++++++++++++++++++++ Start of Fixed Abstention [expert_functions.py:fixed_abstention_decision()] ++++++++++++++++++++
[2026-04-10 16:32:08,806] [INFO] [ABSTENTION RESPONSE]: False

[2026-04-10 16:32:08,806] [INFO] ++++++++++++++++++++ Start of Multiple Chocie Decision [expert_basics.py:expert_response_choice()] ++++++++++++++++++++
[2026-04-10 16:32:08,806] [INFO] [<CHOICE PROMPT>] [len(messages)=2] (messages[-1]):
A patient comes into the clinic presenting with a symptom as described in the conversation log below:
    
PATIENT INFORMATION: A 55-year-old man comes to the emergency department because of a dry cough and severe chest pain beginning that morning. Two months ago, he was diagnosed with inferior wall myocardial infarction and was treated with stent implantation of the right coronary artery. He has a history of hypertension and hypercholesterolemia. His medications include aspirin, clopidogrel, atorvastatin, and enalapril. His temperature is 38.5°C (101.3°F), pulse is 92/min, respirations are 22/min, and blood pressure is 130/80 mm Hg. Cardiac examination shows a high-pitched scratching sound best heard while sitting upright and during expiration. The remainder of the examination shows no abnormalities. An ECG shows diffuse ST elevations. Serum studies show a troponin I of 0.2 ng/mL (N < 0.01).
CONVERSATION LOG:
None
QUESTION: Which of the following is the most likely cause of this patient's symptoms?
OPTIONS: A: Cardiac tamponade, B: Constrictive pericarditis, C: Reinfarction, D: Dressler syndrome
YOUR TASK: Assume that you already have enough information from the above question-answer pairs to answer the patient inquiry, use the above information to produce a factual conclusion. Respond with the correct letter choice (A, B, C, or D) and NOTHING ELSE.
LETTER CHOICE: 
[2026-04-10 16:32:12,903] [INFO] [<CHOICE LM RES>]: D
[2026-04-10 16:32:12,903] [INFO] [<CHOICE PARSED>]: D
[2026-04-10 16:32:12,903] [INFO] [FIXED ABSTAIN RETURN]: abstain: False, confidence: 0, letter_choice: D, usage: {'input_tokens': 428, 'output_tokens': 2}

[2026-04-10 16:32:12,904] [INFO] [Expert System]: {'type': 'choice', 'letter_choice': 'D', 'confidence': 0, 'usage': {'input_tokens': 428, 'output_tokens': 2}}
[2026-04-10 16:32:12,904] [INFO] |||||||||||||||||||| Interaction ended for patient #32 ||||||||||||||||||||



[2026-04-10 16:32:12,904] [INFO] |||||||||||||||||||| PATIENT #33 ||||||||||||||||||||
[2026-04-10 16:32:12,904] [INFO] ==================== Max Interaction Length (0 turns) Reached --> Force Final Answer ====================
[2026-04-10 16:32:12,904] [INFO] ++++++++++++++++++++ Start of Fixed Abstention [expert_functions.py:fixed_abstention_decision()] ++++++++++++++++++++
[2026-04-10 16:32:12,904] [INFO] [ABSTENTION RESPONSE]: False

[2026-04-10 16:32:12,904] [INFO] ++++++++++++++++++++ Start of Multiple Chocie Decision [expert_basics.py:expert_response_choice()] ++++++++++++++++++++
[2026-04-10 16:32:12,904] [INFO] [<CHOICE PROMPT>] [len(messages)=2] (messages[-1]):
A patient comes into the clinic presenting with a symptom as described in the conversation log below:
    
PATIENT INFORMATION: A 27-year-old man presents to the physician with concern for pain in both of his knees that he is unable to attribute to any activities that he has recently performed. He had an acute episode of diarrhea 2 weeks ago, prior to the onset of symptoms. He has also been experiencing a burning sensation during urination for the past week. When questioned about any other symptoms, he notes that he has also noticed that his eyes occasionally feel irritated and painful, leading to bouts of blurry vision. On physical examination, the patient is afebrile and has conjunctival injection surrounding the iris. A synovial fluid aspiration of the knee is performed and reveals a white blood cell count of 51,000/µL.
CONVERSATION LOG:
None
QUESTION: Which of the following is the most appropriate treatment for this patient’s condition?
OPTIONS: A: Acetaminophen, B: Allopurinol, C: Indomethacin, D: Leflunomide
YOUR TASK: Assume that you already have enough information from the above question-answer pairs to answer the patient inquiry, use the above information to produce a factual conclusion. Respond with the correct letter choice (A, B, C, or D) and NOTHING ELSE.
LETTER CHOICE: 
[2026-04-10 16:32:16,813] [INFO] [<CHOICE LM RES>]: C
[2026-04-10 16:32:16,813] [INFO] [<CHOICE PARSED>]: C
[2026-04-10 16:32:16,813] [INFO] [FIXED ABSTAIN RETURN]: abstain: False, confidence: 0, letter_choice: C, usage: {'input_tokens': 386, 'output_tokens': 2}

[2026-04-10 16:32:16,813] [INFO] [Expert System]: {'type': 'choice', 'letter_choice': 'C', 'confidence': 0, 'usage': {'input_tokens': 386, 'output_tokens': 2}}
[2026-04-10 16:32:16,813] [INFO] |||||||||||||||||||| Interaction ended for patient #33 ||||||||||||||||||||



[2026-04-10 16:32:16,814] [INFO] |||||||||||||||||||| PATIENT #34 ||||||||||||||||||||
[2026-04-10 16:32:16,814] [INFO] ==================== Max Interaction Length (0 turns) Reached --> Force Final Answer ====================
[2026-04-10 16:32:16,814] [INFO] ++++++++++++++++++++ Start of Fixed Abstention [expert_functions.py:fixed_abstention_decision()] ++++++++++++++++++++
[2026-04-10 16:32:16,814] [INFO] [ABSTENTION RESPONSE]: False

[2026-04-10 16:32:16,814] [INFO] ++++++++++++++++++++ Start of Multiple Chocie Decision [expert_basics.py:expert_response_choice()] ++++++++++++++++++++
[2026-04-10 16:32:16,814] [INFO] [<CHOICE PROMPT>] [len(messages)=2] (messages[-1]):
A patient comes into the clinic presenting with a symptom as described in the conversation log below:
    
PATIENT INFORMATION: A 22-year old active duty soldier presents to your clinic with complaints of intense fatigue, fevers, abdominal pain, and a nonproductive cough. Her symptoms began a few days ago, but she returned from a tour of duty in Malawi and Mozambique four weeks ago. She endorses sleeping outside, using minimal bug spray, and swimming in rivers during her tour. On physical exam, her temperature is 101.5, and she appears exhausted. She has a hive-like rash scattered over her body. Her abdominal exam is notable for hepatosplenomegaly, and her lung exam is notable for scattered crackles. Her CBC with diff is remarkable for marked eosinophilia, and she has an elevated IgE.
CONVERSATION LOG:
None
QUESTION: Of the following organisms, infection with which one is most consistent with her symptoms?
OPTIONS: A: Plasmodium falciparum, B: Schistosoma mansoni, C: Mycobacterium tuberculosis, D: Trypanosoma brucei rhodesiense
YOUR TASK: Assume that you already have enough information from the above question-answer pairs to answer the patient inquiry, use the above information to produce a factual conclusion. Respond with the correct letter choice (A, B, C, or D) and NOTHING ELSE.
LETTER CHOICE: 
[2026-04-10 16:32:20,948] [INFO] [<CHOICE LM RES>]: B
[2026-04-10 16:32:20,949] [INFO] [<CHOICE PARSED>]: B
[2026-04-10 16:32:20,949] [INFO] [FIXED ABSTAIN RETURN]: abstain: False, confidence: 0, letter_choice: B, usage: {'input_tokens': 398, 'output_tokens': 2}

[2026-04-10 16:32:20,949] [INFO] [Expert System]: {'type': 'choice', 'letter_choice': 'B', 'confidence': 0, 'usage': {'input_tokens': 398, 'output_tokens': 2}}
[2026-04-10 16:32:20,949] [INFO] |||||||||||||||||||| Interaction ended for patient #34 ||||||||||||||||||||



[2026-04-10 16:32:20,949] [INFO] |||||||||||||||||||| PATIENT #35 ||||||||||||||||||||
[2026-04-10 16:32:20,949] [INFO] ==================== Max Interaction Length (0 turns) Reached --> Force Final Answer ====================
[2026-04-10 16:32:20,949] [INFO] ++++++++++++++++++++ Start of Fixed Abstention [expert_functions.py:fixed_abstention_decision()] ++++++++++++++++++++
[2026-04-10 16:32:20,949] [INFO] [ABSTENTION RESPONSE]: False

[2026-04-10 16:32:20,949] [INFO] ++++++++++++++++++++ Start of Multiple Chocie Decision [expert_basics.py:expert_response_choice()] ++++++++++++++++++++
[2026-04-10 16:32:20,949] [INFO] [<CHOICE PROMPT>] [len(messages)=2] (messages[-1]):
A patient comes into the clinic presenting with a symptom as described in the conversation log below:
    
PATIENT INFORMATION: A 72-year-old man comes to the emergency room because of a 4-day history of progressively worsening pain and swelling on the right side of his face. The patient was diagnosed with multiple myeloma 8 months ago and is currently undergoing treatment. His vital signs are within normal limits. Physical exam shows erythema and swelling over the right cheek and mandible. An orofacial fistula is present.
CONVERSATION LOG:
None
QUESTION: Which of the following best describes the mechanism of action of the drug that is most likely responsible for this patient's symptoms?
OPTIONS: A: Cross-linking DNA at guanine, B: Inhibition of proteosome activity, C: Stimulation of PTH receptor, D: Binding to hydroxyapatite
YOUR TASK: Assume that you already have enough information from the above question-answer pairs to answer the patient inquiry, use the above information to produce a factual conclusion. Respond with the correct letter choice (A, B, C, or D) and NOTHING ELSE.
LETTER CHOICE: 
[2026-04-10 16:32:24,994] [INFO] [<CHOICE LM RES>]: B
[2026-04-10 16:32:24,994] [INFO] [<CHOICE PARSED>]: B
[2026-04-10 16:32:24,994] [INFO] [FIXED ABSTAIN RETURN]: abstain: False, confidence: 0, letter_choice: B, usage: {'input_tokens': 338, 'output_tokens': 2}

[2026-04-10 16:32:24,994] [INFO] [Expert System]: {'type': 'choice', 'letter_choice': 'B', 'confidence': 0, 'usage': {'input_tokens': 338, 'output_tokens': 2}}
[2026-04-10 16:32:24,994] [INFO] |||||||||||||||||||| Interaction ended for patient #35 ||||||||||||||||||||



[2026-04-10 16:32:24,994] [INFO] |||||||||||||||||||| PATIENT #36 ||||||||||||||||||||
[2026-04-10 16:32:24,994] [INFO] ==================== Max Interaction Length (0 turns) Reached --> Force Final Answer ====================
[2026-04-10 16:32:24,994] [INFO] ++++++++++++++++++++ Start of Fixed Abstention [expert_functions.py:fixed_abstention_decision()] ++++++++++++++++++++
[2026-04-10 16:32:24,994] [INFO] [ABSTENTION RESPONSE]: False

[2026-04-10 16:32:24,994] [INFO] ++++++++++++++++++++ Start of Multiple Chocie Decision [expert_basics.py:expert_response_choice()] ++++++++++++++++++++
[2026-04-10 16:32:24,994] [INFO] [<CHOICE PROMPT>] [len(messages)=2] (messages[-1]):
A patient comes into the clinic presenting with a symptom as described in the conversation log below:
    
PATIENT INFORMATION: A 12-month-old girl is brought to the physician because she is unable to sit and has not learned how to crawl. She keeps her hips and elbows flexed and her parents have to use considerable force to passively extend her joints. She attained neck control at 4 months and could roll from front to back at 5 months of age. She does not engage in play, reach for toys, or maintain eye contact. She babbles and does not mimic sounds. She does not follow simple instructions. She has difficulty swallowing solid foods and often coughs at meal times. Her maternal cousin has Down syndrome. Her vital signs are within normal limits. She is at the 25th percentile for length and 10th percentile for weight. Neurological examination shows increased muscle tone in all extremities. The ankle clonus and extensor plantar responses are present bilaterally. The Moro reflex is present. An MRI of the head shows periventricular leukomalacia.
CONVERSATION LOG:
None
QUESTION: Which of the following is the most important risk factor for the development of this condition?
OPTIONS: A: Premature birth, B: Congenital rubella infection, C: Congenital CMV infection, D: Advanced maternal age
YOUR TASK: Assume that you already have enough information from the above question-answer pairs to answer the patient inquiry, use the above information to produce a factual conclusion. Respond with the correct letter choice (A, B, C, or D) and NOTHING ELSE.
LETTER CHOICE: 
[2026-04-10 16:32:29,128] [INFO] [<CHOICE LM RES>]: A
[2026-04-10 16:32:29,128] [INFO] [<CHOICE PARSED>]: A
[2026-04-10 16:32:29,128] [INFO] [FIXED ABSTAIN RETURN]: abstain: False, confidence: 0, letter_choice: A, usage: {'input_tokens': 439, 'output_tokens': 2}

[2026-04-10 16:32:29,128] [INFO] [Expert System]: {'type': 'choice', 'letter_choice': 'A', 'confidence': 0, 'usage': {'input_tokens': 439, 'output_tokens': 2}}
[2026-04-10 16:32:29,129] [INFO] |||||||||||||||||||| Interaction ended for patient #36 ||||||||||||||||||||



[2026-04-10 16:32:29,129] [INFO] |||||||||||||||||||| PATIENT #37 ||||||||||||||||||||
[2026-04-10 16:32:29,129] [INFO] ==================== Max Interaction Length (0 turns) Reached --> Force Final Answer ====================
[2026-04-10 16:32:29,129] [INFO] ++++++++++++++++++++ Start of Fixed Abstention [expert_functions.py:fixed_abstention_decision()] ++++++++++++++++++++
[2026-04-10 16:32:29,129] [INFO] [ABSTENTION RESPONSE]: False

[2026-04-10 16:32:29,129] [INFO] ++++++++++++++++++++ Start of Multiple Chocie Decision [expert_basics.py:expert_response_choice()] ++++++++++++++++++++
[2026-04-10 16:32:29,129] [INFO] [<CHOICE PROMPT>] [len(messages)=2] (messages[-1]):
A patient comes into the clinic presenting with a symptom as described in the conversation log below:
    
PATIENT INFORMATION: A 31-year-old male presents with a 2-day history of watery diarrhea that began 8 days after his arrival from Africa. None of the other members of his family became ill. He reports symptoms of malaise, anorexia, and abdominal cramps followed by watery diarrhea. He denies tenesmus, urgency, and bloody diarrhea. His temperature is 98.6°F (37°C), respiratory rate is 15/min, pulse is 107/min, and blood pressure is 90/68 mm Hg. A physical examination is performed and is within normal limits. Intravenous fluids are started, and a stool sample is sent to the lab, which comes out to be negative for any ova/parasites, blood cells, or pus cells.
CONVERSATION LOG:
None
QUESTION: What is the most likely diagnosis?
OPTIONS: A: Giardiasis, B: Irritable bowel syndrome (IBS), C: Traveler’s diarrhea due to Norovirus, D: Traveler’s diarrhea due to ETEC
YOUR TASK: Assume that you already have enough information from the above question-answer pairs to answer the patient inquiry, use the above information to produce a factual conclusion. Respond with the correct letter choice (A, B, C, or D) and NOTHING ELSE.
LETTER CHOICE: 
[2026-04-10 16:32:33,368] [INFO] [<CHOICE LM RES>]: D
[2026-04-10 16:32:33,368] [INFO] [<CHOICE PARSED>]: D
[2026-04-10 16:32:33,368] [INFO] [FIXED ABSTAIN RETURN]: abstain: False, confidence: 0, letter_choice: D, usage: {'input_tokens': 399, 'output_tokens': 2}

[2026-04-10 16:32:33,368] [INFO] [Expert System]: {'type': 'choice', 'letter_choice': 'D', 'confidence': 0, 'usage': {'input_tokens': 399, 'output_tokens': 2}}
[2026-04-10 16:32:33,368] [INFO] |||||||||||||||||||| Interaction ended for patient #37 ||||||||||||||||||||



[2026-04-10 16:32:33,368] [INFO] |||||||||||||||||||| PATIENT #38 ||||||||||||||||||||
[2026-04-10 16:32:33,368] [INFO] ==================== Max Interaction Length (0 turns) Reached --> Force Final Answer ====================
[2026-04-10 16:32:33,369] [INFO] ++++++++++++++++++++ Start of Fixed Abstention [expert_functions.py:fixed_abstention_decision()] ++++++++++++++++++++
[2026-04-10 16:32:33,369] [INFO] [ABSTENTION RESPONSE]: False

[2026-04-10 16:32:33,369] [INFO] ++++++++++++++++++++ Start of Multiple Chocie Decision [expert_basics.py:expert_response_choice()] ++++++++++++++++++++
[2026-04-10 16:32:33,369] [INFO] [<CHOICE PROMPT>] [len(messages)=2] (messages[-1]):
A patient comes into the clinic presenting with a symptom as described in the conversation log below:
    
PATIENT INFORMATION: A 46-year-old woman presents to the emergency department with progressive dyspnea and chest pain. She reports that her symptoms started 1 week ago and have gotten progressively worse. The chest pain is left-sided and is exacerbated by coughing or deep breaths. She also endorses a 6-month history of joint pains involving her knees, elbows, and digits. She does not have a significant medical or surgical history. She takes ibuprofen as needed. She works as a pre-school teacher. The patient’s temperature is 99°F (37.2°C), blood pressure is 120/78 mmHg, pulse is 89/min, and respirations are 17/min with an oxygen saturation of 93% on room air. On physical examination, a friction rub upon inspiration/expiration and crackles are appreciated at the base of the left lung. She has an erythematous rash that spans the bilateral cheeks and nose. There are also scattered ecchymoses on her arms and legs. A chest radiograph shows a small left-sided pleural effusion. A complete blood count is obtained, as shown below: |  | Hemoglobin: 9 g/dL | Hematocrit: 28% | Leukocyte count: 1,500/mm^3 with normal differential | Platelet count: 80,000/mm^3 |  | A urinalysis shows elevated protein levels. Serologic antibodies are pending.
CONVERSATION LOG:
None
QUESTION: Which of the following is the primary cause of the patient’s lab results?
OPTIONS: A: Hematologic malignancy, B: Immune-mediated destruction, C: Mechanical shearing, D: Viral infection
YOUR TASK: Assume that you already have enough information from the above question-answer pairs to answer the patient inquiry, use the above information to produce a factual conclusion. Respond with the correct letter choice (A, B, C, or D) and NOTHING ELSE.
LETTER CHOICE: 
[2026-04-10 16:32:38,351] [INFO] [<CHOICE LM RES>]: B
[2026-04-10 16:32:38,351] [INFO] [<CHOICE PARSED>]: B
[2026-04-10 16:32:38,351] [INFO] [FIXED ABSTAIN RETURN]: abstain: False, confidence: 0, letter_choice: B, usage: {'input_tokens': 531, 'output_tokens': 2}

[2026-04-10 16:32:38,351] [INFO] [Expert System]: {'type': 'choice', 'letter_choice': 'B', 'confidence': 0, 'usage': {'input_tokens': 531, 'output_tokens': 2}}
[2026-04-10 16:32:38,351] [INFO] |||||||||||||||||||| Interaction ended for patient #38 ||||||||||||||||||||



[2026-04-10 16:32:38,351] [INFO] |||||||||||||||||||| PATIENT #39 ||||||||||||||||||||
[2026-04-10 16:32:38,352] [INFO] ==================== Max Interaction Length (0 turns) Reached --> Force Final Answer ====================
[2026-04-10 16:32:38,352] [INFO] ++++++++++++++++++++ Start of Fixed Abstention [expert_functions.py:fixed_abstention_decision()] ++++++++++++++++++++
[2026-04-10 16:32:38,352] [INFO] [ABSTENTION RESPONSE]: False

[2026-04-10 16:32:38,352] [INFO] ++++++++++++++++++++ Start of Multiple Chocie Decision [expert_basics.py:expert_response_choice()] ++++++++++++++++++++
[2026-04-10 16:32:38,352] [INFO] [<CHOICE PROMPT>] [len(messages)=2] (messages[-1]):
A patient comes into the clinic presenting with a symptom as described in the conversation log below:
    
PATIENT INFORMATION: A 48-year-old patient is recovering from acute lung injury following a diffuse pulmonary viral infection.
CONVERSATION LOG:
None
QUESTION: The cell type responsible for the regeneration of the patient's alveolar epithelium is also functions in:
OPTIONS: A: Protease release, B: Phagocytosis, C: Surfactant secretion, D: Recruitment of neutrophils
YOUR TASK: Assume that you already have enough information from the above question-answer pairs to answer the patient inquiry, use the above information to produce a factual conclusion. Respond with the correct letter choice (A, B, C, or D) and NOTHING ELSE.
LETTER CHOICE: 
[2026-04-10 16:32:42,147] [INFO] [<CHOICE LM RES>]: C
[2026-04-10 16:32:42,147] [INFO] [<CHOICE PARSED>]: C
[2026-04-10 16:32:42,147] [INFO] [FIXED ABSTAIN RETURN]: abstain: False, confidence: 0, letter_choice: C, usage: {'input_tokens': 263, 'output_tokens': 2}

[2026-04-10 16:32:42,147] [INFO] [Expert System]: {'type': 'choice', 'letter_choice': 'C', 'confidence': 0, 'usage': {'input_tokens': 263, 'output_tokens': 2}}
[2026-04-10 16:32:42,147] [INFO] |||||||||||||||||||| Interaction ended for patient #39 ||||||||||||||||||||



[2026-04-10 16:32:42,148] [INFO] |||||||||||||||||||| PATIENT #40 ||||||||||||||||||||
[2026-04-10 16:32:42,148] [INFO] ==================== Max Interaction Length (0 turns) Reached --> Force Final Answer ====================
[2026-04-10 16:32:42,148] [INFO] ++++++++++++++++++++ Start of Fixed Abstention [expert_functions.py:fixed_abstention_decision()] ++++++++++++++++++++
[2026-04-10 16:32:42,148] [INFO] [ABSTENTION RESPONSE]: False

[2026-04-10 16:32:42,148] [INFO] ++++++++++++++++++++ Start of Multiple Chocie Decision [expert_basics.py:expert_response_choice()] ++++++++++++++++++++
[2026-04-10 16:32:42,148] [INFO] [<CHOICE PROMPT>] [len(messages)=2] (messages[-1]):
A patient comes into the clinic presenting with a symptom as described in the conversation log below:
    
PATIENT INFORMATION: A 36-year-old woman comes to the physician because of fatigue for 4 months. She is unable to do her chores and complains of excessive sleepiness during the day. She has generalized itching. She has not had abdominal pain, fever, or weight loss. She has had chronic low back pain for 6 years. Her current medications include acetaminophen and vitamin supplements. Examination shows scratch marks over the trunk. The remainder of the examination shows no abnormalities. Laboratory studies show: | Hemoglobin 13.2 g/dL | Leukocyte count 8,300/mm3 | Platelet count 280,000/mm3 | ESR 32 mm/h | Serum | Glucose 89 mg/dL | Creatinine 0.7 mg/dL | TSH 4.8 μU/ml | Bilirubin | Total 1.4 mg/dL | Direct 0.9 mg/dL | Alkaline phosphatase 480 U/L | Aspartate aminotransferase 62 U/L | Alanine aminotransferase 32 U/L | Total cholesterol 288 mg/dL | HDL-cholesterol 57 mg/dL | LDL-cholesterol 189 mg/dL | Triglycerides 212 mg/dL | γ-Glutamyl transferase 92 U/L (N = 5–50) | Antimitochondrial antibody (AMA) positive | Antinuclear antibody (ANA) positive | Urinalysis shows no abnormalities. Ultrasound of the abdomen shows gallbladder sludge.
CONVERSATION LOG:
None
QUESTION: Which of the following is the most appropriate next step in management?"
OPTIONS: A: Liver biopsy, B: Atorvastatin, C: Cholestyramine, D: Ursodeoxycholic acid
YOUR TASK: Assume that you already have enough information from the above question-answer pairs to answer the patient inquiry, use the above information to produce a factual conclusion. Respond with the correct letter choice (A, B, C, or D) and NOTHING ELSE.
LETTER CHOICE: 
[2026-04-10 16:32:47,078] [INFO] [<CHOICE LM RES>]: D
[2026-04-10 16:32:47,078] [INFO] [<CHOICE PARSED>]: D
[2026-04-10 16:32:47,078] [INFO] [FIXED ABSTAIN RETURN]: abstain: False, confidence: 0, letter_choice: D, usage: {'input_tokens': 563, 'output_tokens': 2}

[2026-04-10 16:32:47,078] [INFO] [Expert System]: {'type': 'choice', 'letter_choice': 'D', 'confidence': 0, 'usage': {'input_tokens': 563, 'output_tokens': 2}}
[2026-04-10 16:32:47,078] [INFO] |||||||||||||||||||| Interaction ended for patient #40 ||||||||||||||||||||



[2026-04-10 16:32:47,078] [INFO] |||||||||||||||||||| PATIENT #41 ||||||||||||||||||||
[2026-04-10 16:32:47,078] [INFO] ==================== Max Interaction Length (0 turns) Reached --> Force Final Answer ====================
[2026-04-10 16:32:47,079] [INFO] ++++++++++++++++++++ Start of Fixed Abstention [expert_functions.py:fixed_abstention_decision()] ++++++++++++++++++++
[2026-04-10 16:32:47,079] [INFO] [ABSTENTION RESPONSE]: False

[2026-04-10 16:32:47,079] [INFO] ++++++++++++++++++++ Start of Multiple Chocie Decision [expert_basics.py:expert_response_choice()] ++++++++++++++++++++
[2026-04-10 16:32:47,079] [INFO] [<CHOICE PROMPT>] [len(messages)=2] (messages[-1]):
A patient comes into the clinic presenting with a symptom as described in the conversation log below:
    
PATIENT INFORMATION: A 40-year-old woman presents to the physician with complaints of frequent headaches and fatigue for a month. Her headaches are mild and occur at random times. They are relieved by over the counter analgesics. Furthermore, she feels tired most of the time and sometimes gets short of breath with exertion. She denies low mood, loss of interest, inability to concentrate, sleep disturbance, or suicidal ideation. She was diagnosed with Crohn’s disease 20 years ago for which she currently takes methotrexate. Additionally, she takes a folic acid-containing multivitamin daily. Her medical history is otherwise insignificant and she does not smoke, drink, or use recreational drugs. She has a pulse rate of 110/min, respiratory rate of 20/min, and temperature of 37.0°C (98.6°F). Physical examination reveals pallor in her palms and lower palpebral conjunctiva.
CONVERSATION LOG:
None
QUESTION: Which of the following arterial blood findings for the partial pressure of oxygen (PaO2), oxygen saturation (SaO2), and oxygen concentration (CaO2) are expected in this patient?
OPTIONS: A: Normal PaO2, normal SaO2, normal CaO2, B: Low PaO2, low SaO2, low CaO2, C: Low PaO2, normal SaO2, normal CaO2, D: Normal PaO2, normal SaO2, low CaO2
YOUR TASK: Assume that you already have enough information from the above question-answer pairs to answer the patient inquiry, use the above information to produce a factual conclusion. Respond with the correct letter choice (A, B, C, or D) and NOTHING ELSE.
LETTER CHOICE: 
[2026-04-10 16:32:51,778] [INFO] [<CHOICE LM RES>]: D
[2026-04-10 16:32:51,778] [INFO] [<CHOICE PARSED>]: D
[2026-04-10 16:32:51,778] [INFO] [FIXED ABSTAIN RETURN]: abstain: False, confidence: 0, letter_choice: D, usage: {'input_tokens': 485, 'output_tokens': 2}

[2026-04-10 16:32:51,778] [INFO] [Expert System]: {'type': 'choice', 'letter_choice': 'D', 'confidence': 0, 'usage': {'input_tokens': 485, 'output_tokens': 2}}
[2026-04-10 16:32:51,778] [INFO] |||||||||||||||||||| Interaction ended for patient #41 ||||||||||||||||||||



[2026-04-10 16:32:51,778] [INFO] |||||||||||||||||||| PATIENT #42 ||||||||||||||||||||
[2026-04-10 16:32:51,778] [INFO] ==================== Max Interaction Length (0 turns) Reached --> Force Final Answer ====================
[2026-04-10 16:32:51,778] [INFO] ++++++++++++++++++++ Start of Fixed Abstention [expert_functions.py:fixed_abstention_decision()] ++++++++++++++++++++
[2026-04-10 16:32:51,778] [INFO] [ABSTENTION RESPONSE]: False

[2026-04-10 16:32:51,778] [INFO] ++++++++++++++++++++ Start of Multiple Chocie Decision [expert_basics.py:expert_response_choice()] ++++++++++++++++++++
[2026-04-10 16:32:51,778] [INFO] [<CHOICE PROMPT>] [len(messages)=2] (messages[-1]):
A patient comes into the clinic presenting with a symptom as described in the conversation log below:
    
PATIENT INFORMATION: A 25-year-old woman complains of dyspnea and mild chest pain on exertion, which increases gradually with continued exertion. She had similar symptoms last year and her medical record included the following arterial blood gas findings: | pH 7.51 | pO2 77 mm Hg | pCO2  32 mm Hg | An ECG last year demonstrated a right axis deviation. The current chest X-ray showed enlarged pulmonary arteries but no parenchymal inﬁltrates. A lung perfusion scan revealed a low probability for pulmonary thromboembolism. The current ECG showed right heart strain but no evidence of primary cardiac disease.
CONVERSATION LOG:
None
QUESTION: What is the most logical diagnostic test for this patient?
OPTIONS: A: Echocardiography, B: Holter monitoring, C: Lung biopsy, D: Transbronchial biopsy
YOUR TASK: Assume that you already have enough information from the above question-answer pairs to answer the patient inquiry, use the above information to produce a factual conclusion. Respond with the correct letter choice (A, B, C, or D) and NOTHING ELSE.
LETTER CHOICE: 
[2026-04-10 16:32:56,181] [INFO] [<CHOICE LM RES>]: A
[2026-04-10 16:32:56,181] [INFO] [<CHOICE PARSED>]: A
[2026-04-10 16:32:56,181] [INFO] [FIXED ABSTAIN RETURN]: abstain: False, confidence: 0, letter_choice: A, usage: {'input_tokens': 367, 'output_tokens': 2}

[2026-04-10 16:32:56,181] [INFO] [Expert System]: {'type': 'choice', 'letter_choice': 'A', 'confidence': 0, 'usage': {'input_tokens': 367, 'output_tokens': 2}}
[2026-04-10 16:32:56,181] [INFO] |||||||||||||||||||| Interaction ended for patient #42 ||||||||||||||||||||



[2026-04-10 16:32:56,181] [INFO] |||||||||||||||||||| PATIENT #43 ||||||||||||||||||||
[2026-04-10 16:32:56,181] [INFO] ==================== Max Interaction Length (0 turns) Reached --> Force Final Answer ====================
[2026-04-10 16:32:56,181] [INFO] ++++++++++++++++++++ Start of Fixed Abstention [expert_functions.py:fixed_abstention_decision()] ++++++++++++++++++++
[2026-04-10 16:32:56,181] [INFO] [ABSTENTION RESPONSE]: False

[2026-04-10 16:32:56,181] [INFO] ++++++++++++++++++++ Start of Multiple Chocie Decision [expert_basics.py:expert_response_choice()] ++++++++++++++++++++
[2026-04-10 16:32:56,181] [INFO] [<CHOICE PROMPT>] [len(messages)=2] (messages[-1]):
A patient comes into the clinic presenting with a symptom as described in the conversation log below:
    
PATIENT INFORMATION: A 4-year-old boy is brought to the physician because of a progressive rash for 2 days. The rash started behind the ears and now involves the trunk and extremities. Over the past 4 days, he has had mild sore throat, red, itchy eyes, and headache. He was born at term and has been healthy except for recurrent episodes of tonsillitis and occasional asthma attacks. Two weeks ago, he was treated for tonsillitis that resolved with penicillin therapy. He immigrated with his family from Brazil 3 weeks ago. His immunization status is unknown. The patient appears weak and lethargic. His temperature is 38°C (100.4°F), pulse is 100/min, and blood pressure is 100/60 mm Hg. Examination shows postauricular and suboccipital lymphadenopathy. There is a non-confluent, pink maculopapular rash over the torso and extremities. His palms and soles show no abnormalities.
CONVERSATION LOG:
None
QUESTION: Which of the following is the most likely diagnosis?
OPTIONS: A: Rubella, B: Allergic drug reaction, C: Scarlet fever, D: Erythema infectiosum
YOUR TASK: Assume that you already have enough information from the above question-answer pairs to answer the patient inquiry, use the above information to produce a factual conclusion. Respond with the correct letter choice (A, B, C, or D) and NOTHING ELSE.
LETTER CHOICE: 
[2026-04-10 16:33:00,311] [INFO] [<CHOICE LM RES>]: D
[2026-04-10 16:33:00,311] [INFO] [<CHOICE PARSED>]: D
[2026-04-10 16:33:00,311] [INFO] [FIXED ABSTAIN RETURN]: abstain: False, confidence: 0, letter_choice: D, usage: {'input_tokens': 434, 'output_tokens': 2}

[2026-04-10 16:33:00,311] [INFO] [Expert System]: {'type': 'choice', 'letter_choice': 'D', 'confidence': 0, 'usage': {'input_tokens': 434, 'output_tokens': 2}}
[2026-04-10 16:33:00,311] [INFO] |||||||||||||||||||| Interaction ended for patient #43 ||||||||||||||||||||



[2026-04-10 16:33:00,311] [INFO] |||||||||||||||||||| PATIENT #44 ||||||||||||||||||||
[2026-04-10 16:33:00,311] [INFO] ==================== Max Interaction Length (0 turns) Reached --> Force Final Answer ====================
[2026-04-10 16:33:00,311] [INFO] ++++++++++++++++++++ Start of Fixed Abstention [expert_functions.py:fixed_abstention_decision()] ++++++++++++++++++++
[2026-04-10 16:33:00,311] [INFO] [ABSTENTION RESPONSE]: False

[2026-04-10 16:33:00,311] [INFO] ++++++++++++++++++++ Start of Multiple Chocie Decision [expert_basics.py:expert_response_choice()] ++++++++++++++++++++
[2026-04-10 16:33:00,311] [INFO] [<CHOICE PROMPT>] [len(messages)=2] (messages[-1]):
A patient comes into the clinic presenting with a symptom as described in the conversation log below:
    
PATIENT INFORMATION: A 66-year-old man presents to the office complaining of fatigue. He reports that for the past year he has been experiencing a progressive decrease in energy. This week he began having some difficulty breathing while climbing the stairs. He denies chest pain or palpitations. He has no other chronic medical conditions and has had no prior surgeries. The patient is found to be anemic. A fecal occult blood test is positive, and a colonoscopy is obtained. The patient is subsequently diagnosed with colorectal cancer. He undergoes a partial colectomy and is started on 5-fluorouracil as adjuvant chemotherapy.
CONVERSATION LOG:
None
QUESTION: Which of the following should be monitored as the patient continues treatment?
OPTIONS: A: Creatinine, B: Fecal leukocytes, C: Neutrophil count, D: Peak flow
YOUR TASK: Assume that you already have enough information from the above question-answer pairs to answer the patient inquiry, use the above information to produce a factual conclusion. Respond with the correct letter choice (A, B, C, or D) and NOTHING ELSE.
LETTER CHOICE: 
[2026-04-10 16:33:04,977] [INFO] [<CHOICE LM RES>]: C
[2026-04-10 16:33:04,977] [INFO] [<CHOICE PARSED>]: C
[2026-04-10 16:33:04,977] [INFO] [FIXED ABSTAIN RETURN]: abstain: False, confidence: 0, letter_choice: C, usage: {'input_tokens': 359, 'output_tokens': 2}

[2026-04-10 16:33:04,977] [INFO] [Expert System]: {'type': 'choice', 'letter_choice': 'C', 'confidence': 0, 'usage': {'input_tokens': 359, 'output_tokens': 2}}
[2026-04-10 16:33:04,977] [INFO] |||||||||||||||||||| Interaction ended for patient #44 ||||||||||||||||||||



[2026-04-10 16:33:04,977] [INFO] |||||||||||||||||||| PATIENT #45 ||||||||||||||||||||
[2026-04-10 16:33:04,977] [INFO] ==================== Max Interaction Length (0 turns) Reached --> Force Final Answer ====================
[2026-04-10 16:33:04,977] [INFO] ++++++++++++++++++++ Start of Fixed Abstention [expert_functions.py:fixed_abstention_decision()] ++++++++++++++++++++
[2026-04-10 16:33:04,977] [INFO] [ABSTENTION RESPONSE]: False

[2026-04-10 16:33:04,978] [INFO] ++++++++++++++++++++ Start of Multiple Chocie Decision [expert_basics.py:expert_response_choice()] ++++++++++++++++++++
[2026-04-10 16:33:04,978] [INFO] [<CHOICE PROMPT>] [len(messages)=2] (messages[-1]):
A patient comes into the clinic presenting with a symptom as described in the conversation log below:
    
PATIENT INFORMATION: A 15-year-old girl comes to the physician for a follow-up evaluation. She has multiple erythematous pustules and nodules over her face, for which she has received erythromycin and topical benzoyl peroxide. She is concerned that the therapy is ineffective. The physician recommends a drug on the condition that the patient agrees to use oral contraceptives.
CONVERSATION LOG:
None
QUESTION: The molecular structure of the drug most likely recommended by the physician closely resembles a drug used to treat which of the following conditions?
OPTIONS: A: EGFR-positive non-small cell lung cancer, B: Acute promyelocytic leukemia, C: BRAF-positive metastatic melanoma, D: Choriocarcinoma
YOUR TASK: Assume that you already have enough information from the above question-answer pairs to answer the patient inquiry, use the above information to produce a factual conclusion. Respond with the correct letter choice (A, B, C, or D) and NOTHING ELSE.
LETTER CHOICE: 
[2026-04-10 16:33:09,555] [INFO] [<CHOICE LM RES>]: C
[2026-04-10 16:33:09,555] [INFO] [<CHOICE PARSED>]: C
[2026-04-10 16:33:09,555] [INFO] [FIXED ABSTAIN RETURN]: abstain: False, confidence: 0, letter_choice: C, usage: {'input_tokens': 337, 'output_tokens': 2}

[2026-04-10 16:33:09,555] [INFO] [Expert System]: {'type': 'choice', 'letter_choice': 'C', 'confidence': 0, 'usage': {'input_tokens': 337, 'output_tokens': 2}}
[2026-04-10 16:33:09,555] [INFO] |||||||||||||||||||| Interaction ended for patient #45 ||||||||||||||||||||



[2026-04-10 16:33:09,555] [INFO] |||||||||||||||||||| PATIENT #46 ||||||||||||||||||||
[2026-04-10 16:33:09,555] [INFO] ==================== Max Interaction Length (0 turns) Reached --> Force Final Answer ====================
[2026-04-10 16:33:09,555] [INFO] ++++++++++++++++++++ Start of Fixed Abstention [expert_functions.py:fixed_abstention_decision()] ++++++++++++++++++++
[2026-04-10 16:33:09,555] [INFO] [ABSTENTION RESPONSE]: False

[2026-04-10 16:33:09,555] [INFO] ++++++++++++++++++++ Start of Multiple Chocie Decision [expert_basics.py:expert_response_choice()] ++++++++++++++++++++
[2026-04-10 16:33:09,555] [INFO] [<CHOICE PROMPT>] [len(messages)=2] (messages[-1]):
A patient comes into the clinic presenting with a symptom as described in the conversation log below:
    
PATIENT INFORMATION: A 62-year-old female presents to her primary care provider complaining of a mass near her right jaw. She reports that the mass is painless and has grown very slowly over the past six months. She initially did not see a physician due to being very busy at her work as a lawyer. However, she reports that she noticed some right-sided facial weakness in the past week which prompted her to visit the physician. Her past medical history is notable for Hodgkins lymphoma as a child which required radiation therapy to the neck. She has a 20 pack-year smoking history and drinks alcohol socially. Her temperature is 98.6°F (37°C), blood pressure is 120/85 mmHg, pulse is 85/min, and respirations are 18/min. Physical examination reveals a painless firm mass at the angle of the right jaw. There is also a small palpable firm mass beneath the floor of the mouth. A right facial droop along with an inability to elevate her right eyebrow is noted.
CONVERSATION LOG:
None
QUESTION: A biopsy of one of this lesion would most likely reveal which of the following?
OPTIONS: A: Cystic configurations of anaplastic squamous and mucoid cells, B: Non-infiltrative clusters of epithelial and mesenchymal cells, C: Epithelial cells with dense lymphoid stroma and germinal centers, D: Uniform spindle cells with scant cytoplasm and cigar-shaped nuclei
YOUR TASK: Assume that you already have enough information from the above question-answer pairs to answer the patient inquiry, use the above information to produce a factual conclusion. Respond with the correct letter choice (A, B, C, or D) and NOTHING ELSE.
LETTER CHOICE: 
[2026-04-10 16:33:14,531] [INFO] [<CHOICE LM RES>]: D
[2026-04-10 16:33:14,531] [INFO] [<CHOICE PARSED>]: D
[2026-04-10 16:33:14,531] [INFO] [FIXED ABSTAIN RETURN]: abstain: False, confidence: 0, letter_choice: D, usage: {'input_tokens': 480, 'output_tokens': 2}

[2026-04-10 16:33:14,531] [INFO] [Expert System]: {'type': 'choice', 'letter_choice': 'D', 'confidence': 0, 'usage': {'input_tokens': 480, 'output_tokens': 2}}
[2026-04-10 16:33:14,531] [INFO] |||||||||||||||||||| Interaction ended for patient #46 ||||||||||||||||||||



[2026-04-10 16:33:14,531] [INFO] |||||||||||||||||||| PATIENT #47 ||||||||||||||||||||
[2026-04-10 16:33:14,531] [INFO] ==================== Max Interaction Length (0 turns) Reached --> Force Final Answer ====================
[2026-04-10 16:33:14,531] [INFO] ++++++++++++++++++++ Start of Fixed Abstention [expert_functions.py:fixed_abstention_decision()] ++++++++++++++++++++
[2026-04-10 16:33:14,531] [INFO] [ABSTENTION RESPONSE]: False

[2026-04-10 16:33:14,531] [INFO] ++++++++++++++++++++ Start of Multiple Chocie Decision [expert_basics.py:expert_response_choice()] ++++++++++++++++++++
[2026-04-10 16:33:14,531] [INFO] [<CHOICE PROMPT>] [len(messages)=2] (messages[-1]):
A patient comes into the clinic presenting with a symptom as described in the conversation log below:
    
PATIENT INFORMATION: A 29-year-old woman presents with low-grade fever, rash, and joint pain. She says her symptoms started gradually about 3 months ago and have progressively worsened. The patient describes her rash as pruritic, flat, and localized to her face. She reports a different type of rash on her shoulders and arms that are aggravated by exposure to sunlight. She describes her joint pain as moderate, dull and aching in character, and present mainly in the small bones of her wrists and hands, worse on the right than the left. She has no other relevant medical history and takes no current medications. Her family history is notable for her maternal grandmother, who had an unknown autoimmune condition. The patient denies any smoking history, alcohol use, or recreational drug use. Her temperature is 38.0℃ (100.3℉), pulse is 59/min, respiratory rate is 19/min, and blood pressure is 129/84 mm Hg. On physical examination, there is a macular, erythematous rash that involves both cheeks and the bridge of her nose, sparing the nasolabial folds. There is also a mild macular rash on the sun-exposed areas of her upper extremities and shoulders. She has moderate to severe point tenderness in the small joints of her wrists and hands, worse on the right, with minimal erythema and swelling. Multiple painless ulcers are present on the soft and hard palate.
CONVERSATION LOG:
None
QUESTION: Which of the following additional findings would most likely be present in this patient?
OPTIONS: A: Swelling and proliferation of endothelial and mesangial cells in portions of each glomerulus with neutrophil infiltration, B: Immunologically mediated destruction of the salivary glands, C: Abnormal accumulation of fibrous tissue in the skin and multiple organs, D: Amyloid deposits within the myocardium between the muscle fibers
YOUR TASK: Assume that you already have enough information from the above question-answer pairs to answer the patient inquiry, use the above information to produce a factual conclusion. Respond with the correct letter choice (A, B, C, or D) and NOTHING ELSE.
LETTER CHOICE: 
[2026-04-10 16:33:20,171] [INFO] [<CHOICE LM RES>]: B
[2026-04-10 16:33:20,171] [INFO] [<CHOICE PARSED>]: B
[2026-04-10 16:33:20,171] [INFO] [FIXED ABSTAIN RETURN]: abstain: False, confidence: 0, letter_choice: B, usage: {'input_tokens': 573, 'output_tokens': 2}

[2026-04-10 16:33:20,171] [INFO] [Expert System]: {'type': 'choice', 'letter_choice': 'B', 'confidence': 0, 'usage': {'input_tokens': 573, 'output_tokens': 2}}
[2026-04-10 16:33:20,171] [INFO] |||||||||||||||||||| Interaction ended for patient #47 ||||||||||||||||||||



[2026-04-10 16:33:20,171] [INFO] |||||||||||||||||||| PATIENT #48 ||||||||||||||||||||
[2026-04-10 16:33:20,171] [INFO] ==================== Max Interaction Length (0 turns) Reached --> Force Final Answer ====================
[2026-04-10 16:33:20,171] [INFO] ++++++++++++++++++++ Start of Fixed Abstention [expert_functions.py:fixed_abstention_decision()] ++++++++++++++++++++
[2026-04-10 16:33:20,171] [INFO] [ABSTENTION RESPONSE]: False

[2026-04-10 16:33:20,171] [INFO] ++++++++++++++++++++ Start of Multiple Chocie Decision [expert_basics.py:expert_response_choice()] ++++++++++++++++++++
[2026-04-10 16:33:20,171] [INFO] [<CHOICE PROMPT>] [len(messages)=2] (messages[-1]):
A patient comes into the clinic presenting with a symptom as described in the conversation log below:
    
PATIENT INFORMATION: A 3-year-old Cuban-American male has a history of recurrent Pseudomonas and Candida infections. Laboratory analysis reveals no electrolyte abnormalities. Examination of his serum shows decreased levels of IgG and CT scan reveals the absence of a thymus.
CONVERSATION LOG:
None
QUESTION: The child likely has:
OPTIONS: A: Severe combined immunodeficiency syndrome, B: DiGeorge syndrome, C: Isolated IgA deficiency, D: Common variable immunodeficiency
YOUR TASK: Assume that you already have enough information from the above question-answer pairs to answer the patient inquiry, use the above information to produce a factual conclusion. Respond with the correct letter choice (A, B, C, or D) and NOTHING ELSE.
LETTER CHOICE: 
[2026-04-10 16:33:24,729] [INFO] [<CHOICE LM RES>]: A
[2026-04-10 16:33:24,729] [INFO] [<CHOICE PARSED>]: A
[2026-04-10 16:33:24,729] [INFO] [FIXED ABSTAIN RETURN]: abstain: False, confidence: 0, letter_choice: A, usage: {'input_tokens': 282, 'output_tokens': 2}

[2026-04-10 16:33:24,729] [INFO] [Expert System]: {'type': 'choice', 'letter_choice': 'A', 'confidence': 0, 'usage': {'input_tokens': 282, 'output_tokens': 2}}
[2026-04-10 16:33:24,729] [INFO] |||||||||||||||||||| Interaction ended for patient #48 ||||||||||||||||||||



[2026-04-10 16:33:24,729] [INFO] |||||||||||||||||||| PATIENT #49 ||||||||||||||||||||
[2026-04-10 16:33:24,729] [INFO] ==================== Max Interaction Length (0 turns) Reached --> Force Final Answer ====================
[2026-04-10 16:33:24,730] [INFO] ++++++++++++++++++++ Start of Fixed Abstention [expert_functions.py:fixed_abstention_decision()] ++++++++++++++++++++
[2026-04-10 16:33:24,730] [INFO] [ABSTENTION RESPONSE]: False

[2026-04-10 16:33:24,730] [INFO] ++++++++++++++++++++ Start of Multiple Chocie Decision [expert_basics.py:expert_response_choice()] ++++++++++++++++++++
[2026-04-10 16:33:24,730] [INFO] [<CHOICE PROMPT>] [len(messages)=2] (messages[-1]):
A patient comes into the clinic presenting with a symptom as described in the conversation log below:
    
PATIENT INFORMATION: A 7-year-old girl is brought to the physician for evaluation of recurrent epistaxis. Her mother reports that she bruises easily while playing. Her pulse is 89/min and blood pressure is 117/92 mm Hg. Examination shows multiple bruises in the upper and lower extremities. Laboratory studies show: | Platelet count 100,000/mm3 | Prothrombin time 12 seconds | Partial thromboplastin time 33 seconds | Bleeding time 13 minutes | A peripheral blood smear shows enlarged platelets. Ristocetin assay shows no platelet aggregation.
CONVERSATION LOG:
None
QUESTION: Which of the following is the most likely underlying cause of the patient's condition?"
OPTIONS: A: Glycoprotein Ib deficiency, B: Vitamin K deficiency, C: Von Willebrand factor deficiency, D: ADAMTS13 deficiency
YOUR TASK: Assume that you already have enough information from the above question-answer pairs to answer the patient inquiry, use the above information to produce a factual conclusion. Respond with the correct letter choice (A, B, C, or D) and NOTHING ELSE.
LETTER CHOICE: 
[2026-04-10 16:33:29,604] [INFO] [<CHOICE LM RES>]: C
[2026-04-10 16:33:29,605] [INFO] [<CHOICE PARSED>]: C
[2026-04-10 16:33:29,605] [INFO] [FIXED ABSTAIN RETURN]: abstain: False, confidence: 0, letter_choice: C, usage: {'input_tokens': 360, 'output_tokens': 2}

[2026-04-10 16:33:29,605] [INFO] [Expert System]: {'type': 'choice', 'letter_choice': 'C', 'confidence': 0, 'usage': {'input_tokens': 360, 'output_tokens': 2}}
[2026-04-10 16:33:29,605] [INFO] |||||||||||||||||||| Interaction ended for patient #49 ||||||||||||||||||||



[2026-04-10 16:33:29,605] [INFO] |||||||||||||||||||| PATIENT #50 ||||||||||||||||||||
[2026-04-10 16:33:29,605] [INFO] ==================== Max Interaction Length (0 turns) Reached --> Force Final Answer ====================
[2026-04-10 16:33:29,605] [INFO] ++++++++++++++++++++ Start of Fixed Abstention [expert_functions.py:fixed_abstention_decision()] ++++++++++++++++++++
[2026-04-10 16:33:29,605] [INFO] [ABSTENTION RESPONSE]: False

[2026-04-10 16:33:29,605] [INFO] ++++++++++++++++++++ Start of Multiple Chocie Decision [expert_basics.py:expert_response_choice()] ++++++++++++++++++++
[2026-04-10 16:33:29,605] [INFO] [<CHOICE PROMPT>] [len(messages)=2] (messages[-1]):
A patient comes into the clinic presenting with a symptom as described in the conversation log below:
    
PATIENT INFORMATION: A 38-year-old woman comes to the emergency department because of progressive headache, blurry vision, and nausea for 1 day. Four days ago, she was diagnosed with a right middle ear infection. She appears lethargic. Her temperature is 39.1°C (102.3°F), and blood pressure is 148/95 mm Hg. Ophthalmologic examination shows bilateral swelling of the optic disc. The corneal reflex in the right eye is absent. Sensation to touch is reduced on the upper right side of the face. Serum studies show increased concentrations of fibrin degradation products.
CONVERSATION LOG:
None
QUESTION: Which of the following is the most likely diagnosis?
OPTIONS: A: Cerebral venous thrombosis, B: Hypertensive emergency, C: Subarachnoid hemorrhage, D: Viral meningitis
YOUR TASK: Assume that you already have enough information from the above question-answer pairs to answer the patient inquiry, use the above information to produce a factual conclusion. Respond with the correct letter choice (A, B, C, or D) and NOTHING ELSE.
LETTER CHOICE: 
[2026-04-10 16:33:34,087] [INFO] [<CHOICE LM RES>]: A
[2026-04-10 16:33:34,087] [INFO] [<CHOICE PARSED>]: A
[2026-04-10 16:33:34,087] [INFO] [FIXED ABSTAIN RETURN]: abstain: False, confidence: 0, letter_choice: A, usage: {'input_tokens': 360, 'output_tokens': 2}

[2026-04-10 16:33:34,087] [INFO] [Expert System]: {'type': 'choice', 'letter_choice': 'A', 'confidence': 0, 'usage': {'input_tokens': 360, 'output_tokens': 2}}
[2026-04-10 16:33:34,087] [INFO] |||||||||||||||||||| Interaction ended for patient #50 ||||||||||||||||||||



[2026-04-10 16:33:34,088] [INFO] |||||||||||||||||||| PATIENT #51 ||||||||||||||||||||
[2026-04-10 16:33:34,088] [INFO] ==================== Max Interaction Length (0 turns) Reached --> Force Final Answer ====================
[2026-04-10 16:33:34,088] [INFO] ++++++++++++++++++++ Start of Fixed Abstention [expert_functions.py:fixed_abstention_decision()] ++++++++++++++++++++
[2026-04-10 16:33:34,088] [INFO] [ABSTENTION RESPONSE]: False

[2026-04-10 16:33:34,088] [INFO] ++++++++++++++++++++ Start of Multiple Chocie Decision [expert_basics.py:expert_response_choice()] ++++++++++++++++++++
[2026-04-10 16:33:34,088] [INFO] [<CHOICE PROMPT>] [len(messages)=2] (messages[-1]):
A patient comes into the clinic presenting with a symptom as described in the conversation log below:
    
PATIENT INFORMATION: A 35-year-old female presents to your office for a routine physical. She informs you that she is pregnant, and that the father of her child has Waardenburg’s syndrome. She asks you about common findings in Waardenburg’s syndrome.
CONVERSATION LOG:
None
QUESTION: Which of the following features are not associated of Waardenburg’s syndrome?
OPTIONS: A: Heterochromia, B: Conductive hearing loss, C: Lateral displacement of inner canthi, D: Broad nasal root
YOUR TASK: Assume that you already have enough information from the above question-answer pairs to answer the patient inquiry, use the above information to produce a factual conclusion. Respond with the correct letter choice (A, B, C, or D) and NOTHING ELSE.
LETTER CHOICE: 
[2026-04-10 16:33:38,282] [INFO] [<CHOICE LM RES>]: A
[2026-04-10 16:33:38,282] [INFO] [<CHOICE PARSED>]: A
[2026-04-10 16:33:38,282] [INFO] [FIXED ABSTAIN RETURN]: abstain: False, confidence: 0, letter_choice: A, usage: {'input_tokens': 290, 'output_tokens': 2}

[2026-04-10 16:33:38,282] [INFO] [Expert System]: {'type': 'choice', 'letter_choice': 'A', 'confidence': 0, 'usage': {'input_tokens': 290, 'output_tokens': 2}}
[2026-04-10 16:33:38,282] [INFO] |||||||||||||||||||| Interaction ended for patient #51 ||||||||||||||||||||



[2026-04-10 16:33:38,282] [INFO] |||||||||||||||||||| PATIENT #52 ||||||||||||||||||||
[2026-04-10 16:33:38,282] [INFO] ==================== Max Interaction Length (0 turns) Reached --> Force Final Answer ====================
[2026-04-10 16:33:38,282] [INFO] ++++++++++++++++++++ Start of Fixed Abstention [expert_functions.py:fixed_abstention_decision()] ++++++++++++++++++++
[2026-04-10 16:33:38,282] [INFO] [ABSTENTION RESPONSE]: False

[2026-04-10 16:33:38,282] [INFO] ++++++++++++++++++++ Start of Multiple Chocie Decision [expert_basics.py:expert_response_choice()] ++++++++++++++++++++
[2026-04-10 16:33:38,282] [INFO] [<CHOICE PROMPT>] [len(messages)=2] (messages[-1]):
A patient comes into the clinic presenting with a symptom as described in the conversation log below:
    
PATIENT INFORMATION: A 4-year-old boy is brought to the emergency department for evaluation after falling. He has fallen multiple times in the last year. His parents report that he did not walk until he was 18 months old. Examination shows a mildly swollen right ankle with no tenderness over the medial or lateral malleolus; range of motion is full with mild pain. He has marked enlargement of both calves. When standing up, the patient uses his hands against his knees and thighs to slowly push himself up into a standing position.
CONVERSATION LOG:
None
QUESTION: Which of the following is the most likely underlying mechanism of this patient's fall?
OPTIONS: A: Loss of the ATM protein, B: Absence of dystrophin protein, C: Arylsulfatase A deficiency, D: SMN1 gene defect
YOUR TASK: Assume that you already have enough information from the above question-answer pairs to answer the patient inquiry, use the above information to produce a factual conclusion. Respond with the correct letter choice (A, B, C, or D) and NOTHING ELSE.
LETTER CHOICE: 
[2026-04-10 16:33:42,428] [INFO] [<CHOICE LM RES>]: B
[2026-04-10 16:33:42,429] [INFO] [<CHOICE PARSED>]: B
[2026-04-10 16:33:42,429] [INFO] [FIXED ABSTAIN RETURN]: abstain: False, confidence: 0, letter_choice: B, usage: {'input_tokens': 350, 'output_tokens': 2}

[2026-04-10 16:33:42,429] [INFO] [Expert System]: {'type': 'choice', 'letter_choice': 'B', 'confidence': 0, 'usage': {'input_tokens': 350, 'output_tokens': 2}}
[2026-04-10 16:33:42,429] [INFO] |||||||||||||||||||| Interaction ended for patient #52 ||||||||||||||||||||



[2026-04-10 16:33:42,429] [INFO] |||||||||||||||||||| PATIENT #53 ||||||||||||||||||||
[2026-04-10 16:33:42,429] [INFO] ==================== Max Interaction Length (0 turns) Reached --> Force Final Answer ====================
[2026-04-10 16:33:42,429] [INFO] ++++++++++++++++++++ Start of Fixed Abstention [expert_functions.py:fixed_abstention_decision()] ++++++++++++++++++++
[2026-04-10 16:33:42,429] [INFO] [ABSTENTION RESPONSE]: False

[2026-04-10 16:33:42,429] [INFO] ++++++++++++++++++++ Start of Multiple Chocie Decision [expert_basics.py:expert_response_choice()] ++++++++++++++++++++
[2026-04-10 16:33:42,429] [INFO] [<CHOICE PROMPT>] [len(messages)=2] (messages[-1]):
A patient comes into the clinic presenting with a symptom as described in the conversation log below:
    
PATIENT INFORMATION: A 25-year-old man is brought to the emergency department with second- and third-degree burns covering 30% of the surface area of his body. He is alert and active. He has no personal or family history of serious illness. His temperature is 36.5°C (97.7°F), pulse is 62/min, respirations are 18/min, and blood pressure is 105/70 mm Hg. Pulse oximetry on 2 liters by nasal cannula shows an oxygen saturation of 98%. Intravenous fluids, intravenous and topical antibiotics, and intravenous pain medications are administered in the intensive care unit. Twenty-four hours later, the patient develops respiratory distress. Respirations are 30/min. There is an inspiratory stridor. The patient requires rapid sequence intubation.
CONVERSATION LOG:
None
QUESTION: Administering succinylcholine during this procedure would most likely result in which of the following complications?
OPTIONS: A: Prolonged muscle weakness, B: Malignant hyperthermia, C: Cardiac arrhythmia, D: Respiratory depression
YOUR TASK: Assume that you already have enough information from the above question-answer pairs to answer the patient inquiry, use the above information to produce a factual conclusion. Respond with the correct letter choice (A, B, C, or D) and NOTHING ELSE.
LETTER CHOICE: 
[2026-04-10 16:33:46,477] [INFO] [<CHOICE LM RES>]: A
[2026-04-10 16:33:46,477] [INFO] [<CHOICE PARSED>]: A
[2026-04-10 16:33:46,477] [INFO] [FIXED ABSTAIN RETURN]: abstain: False, confidence: 0, letter_choice: A, usage: {'input_tokens': 412, 'output_tokens': 2}

[2026-04-10 16:33:46,477] [INFO] [Expert System]: {'type': 'choice', 'letter_choice': 'A', 'confidence': 0, 'usage': {'input_tokens': 412, 'output_tokens': 2}}
[2026-04-10 16:33:46,477] [INFO] |||||||||||||||||||| Interaction ended for patient #53 ||||||||||||||||||||



[2026-04-10 16:33:46,477] [INFO] |||||||||||||||||||| PATIENT #54 ||||||||||||||||||||
[2026-04-10 16:33:46,477] [INFO] ==================== Max Interaction Length (0 turns) Reached --> Force Final Answer ====================
[2026-04-10 16:33:46,477] [INFO] ++++++++++++++++++++ Start of Fixed Abstention [expert_functions.py:fixed_abstention_decision()] ++++++++++++++++++++
[2026-04-10 16:33:46,477] [INFO] [ABSTENTION RESPONSE]: False

[2026-04-10 16:33:46,477] [INFO] ++++++++++++++++++++ Start of Multiple Chocie Decision [expert_basics.py:expert_response_choice()] ++++++++++++++++++++
[2026-04-10 16:33:46,477] [INFO] [<CHOICE PROMPT>] [len(messages)=2] (messages[-1]):
A patient comes into the clinic presenting with a symptom as described in the conversation log below:
    
PATIENT INFORMATION: A 32-year-old woman presents to the emergency department with 2 hours of left-sided weakness. Her husband reports that she had been complaining of pain and swelling in her right calf for several weeks prior to this event. The couple had recently returned from a vacation in Europe.
CONVERSATION LOG:
None
QUESTION: What ausculatory finding would explain the mechanism by which her more recent complaint occurred?
OPTIONS: A: Holosystolic murmur radiating to the axilla, B: Wide, fixed splitting of S2, C: Crescendo-decrescendo murmur heard loudest at the right second intercostal space, D: An S2 that splits during expiration
YOUR TASK: Assume that you already have enough information from the above question-answer pairs to answer the patient inquiry, use the above information to produce a factual conclusion. Respond with the correct letter choice (A, B, C, or D) and NOTHING ELSE.
LETTER CHOICE: 
[2026-04-10 16:33:50,482] [INFO] [<CHOICE LM RES>]: C
[2026-04-10 16:33:50,482] [INFO] [<CHOICE PARSED>]: C
[2026-04-10 16:33:50,482] [INFO] [FIXED ABSTAIN RETURN]: abstain: False, confidence: 0, letter_choice: C, usage: {'input_tokens': 324, 'output_tokens': 2}

[2026-04-10 16:33:50,482] [INFO] [Expert System]: {'type': 'choice', 'letter_choice': 'C', 'confidence': 0, 'usage': {'input_tokens': 324, 'output_tokens': 2}}
[2026-04-10 16:33:50,482] [INFO] |||||||||||||||||||| Interaction ended for patient #54 ||||||||||||||||||||



[2026-04-10 16:33:50,483] [INFO] |||||||||||||||||||| PATIENT #55 ||||||||||||||||||||
[2026-04-10 16:33:50,483] [INFO] ==================== Max Interaction Length (0 turns) Reached --> Force Final Answer ====================
[2026-04-10 16:33:50,483] [INFO] ++++++++++++++++++++ Start of Fixed Abstention [expert_functions.py:fixed_abstention_decision()] ++++++++++++++++++++
[2026-04-10 16:33:50,483] [INFO] [ABSTENTION RESPONSE]: False

[2026-04-10 16:33:50,483] [INFO] ++++++++++++++++++++ Start of Multiple Chocie Decision [expert_basics.py:expert_response_choice()] ++++++++++++++++++++
[2026-04-10 16:33:50,483] [INFO] [<CHOICE PROMPT>] [len(messages)=2] (messages[-1]):
A patient comes into the clinic presenting with a symptom as described in the conversation log below:
    
PATIENT INFORMATION: A 41-year-old woman presents with pain in her abdomen for the last couple of hours. She says pain is intermittent and localized to the right hypochondriac region. She admits to eating fatty foods this morning before the pain started. She also complains of nausea but has not vomited yet. She describes episodes with similar symptoms in the past after a fatty meal but were less severe. Past medical history is irrelevant. The vital signs include: heart rate 85/min, respiratory rate 16/min, temperature 37.6°C (99.6°F), and blood pressure 120/80 mm Hg. Physical examination is within normal limits. An abdominal ultrasound is pending.
CONVERSATION LOG:
None
QUESTION: Which of the following hormones most likely is the cause of the postprandial aggravation of this patient's symptoms?
OPTIONS: A: Somatostatin, B: Cholecystokinin, C: Gastrin, D: Secretin
YOUR TASK: Assume that you already have enough information from the above question-answer pairs to answer the patient inquiry, use the above information to produce a factual conclusion. Respond with the correct letter choice (A, B, C, or D) and NOTHING ELSE.
LETTER CHOICE: 
[2026-04-10 16:33:54,796] [INFO] [<CHOICE LM RES>]: B
[2026-04-10 16:33:54,797] [INFO] [<CHOICE PARSED>]: B
[2026-04-10 16:33:54,797] [INFO] [FIXED ABSTAIN RETURN]: abstain: False, confidence: 0, letter_choice: B, usage: {'input_tokens': 380, 'output_tokens': 2}

[2026-04-10 16:33:54,797] [INFO] [Expert System]: {'type': 'choice', 'letter_choice': 'B', 'confidence': 0, 'usage': {'input_tokens': 380, 'output_tokens': 2}}
[2026-04-10 16:33:54,797] [INFO] |||||||||||||||||||| Interaction ended for patient #55 ||||||||||||||||||||



[2026-04-10 16:33:54,797] [INFO] |||||||||||||||||||| PATIENT #56 ||||||||||||||||||||
[2026-04-10 16:33:54,797] [INFO] ==================== Max Interaction Length (0 turns) Reached --> Force Final Answer ====================
[2026-04-10 16:33:54,797] [INFO] ++++++++++++++++++++ Start of Fixed Abstention [expert_functions.py:fixed_abstention_decision()] ++++++++++++++++++++
[2026-04-10 16:33:54,797] [INFO] [ABSTENTION RESPONSE]: False

[2026-04-10 16:33:54,797] [INFO] ++++++++++++++++++++ Start of Multiple Chocie Decision [expert_basics.py:expert_response_choice()] ++++++++++++++++++++
[2026-04-10 16:33:54,797] [INFO] [<CHOICE PROMPT>] [len(messages)=2] (messages[-1]):
A patient comes into the clinic presenting with a symptom as described in the conversation log below:
    
PATIENT INFORMATION: A 53-year-old man comes to the physician because of a 1-day history of fever and chills, severe malaise, and cough with yellow-green sputum. He works as a commercial fisherman on Lake Superior. Current medications include metoprolol and warfarin. His temperature is 38.5°C (101.3°F), pulse is 96/min, respirations are 26/min, and blood pressure is 98/62 mm Hg. Examination shows increased fremitus and bronchial breath sounds over the right middle lung field. An x-ray of the chest shows consolidation of the right upper lobe.
CONVERSATION LOG:
None
QUESTION: Which of the following is the most likely causal pathogen?
OPTIONS: A: Pseudomonas aeruginosa, B: Streptococcus pyogenes, C: Haemophilus influenzae, D: Streptococcus pneumoniae
YOUR TASK: Assume that you already have enough information from the above question-answer pairs to answer the patient inquiry, use the above information to produce a factual conclusion. Respond with the correct letter choice (A, B, C, or D) and NOTHING ELSE.
LETTER CHOICE: 
[2026-04-10 16:33:59,116] [INFO] [<CHOICE LM RES>]: D
[2026-04-10 16:33:59,116] [INFO] [<CHOICE PARSED>]: D
[2026-04-10 16:33:59,116] [INFO] [FIXED ABSTAIN RETURN]: abstain: False, confidence: 0, letter_choice: D, usage: {'input_tokens': 375, 'output_tokens': 2}

[2026-04-10 16:33:59,116] [INFO] [Expert System]: {'type': 'choice', 'letter_choice': 'D', 'confidence': 0, 'usage': {'input_tokens': 375, 'output_tokens': 2}}
[2026-04-10 16:33:59,116] [INFO] |||||||||||||||||||| Interaction ended for patient #56 ||||||||||||||||||||



[2026-04-10 16:33:59,117] [INFO] |||||||||||||||||||| PATIENT #57 ||||||||||||||||||||
[2026-04-10 16:33:59,117] [INFO] ==================== Max Interaction Length (0 turns) Reached --> Force Final Answer ====================
[2026-04-10 16:33:59,117] [INFO] ++++++++++++++++++++ Start of Fixed Abstention [expert_functions.py:fixed_abstention_decision()] ++++++++++++++++++++
[2026-04-10 16:33:59,117] [INFO] [ABSTENTION RESPONSE]: False

[2026-04-10 16:33:59,117] [INFO] ++++++++++++++++++++ Start of Multiple Chocie Decision [expert_basics.py:expert_response_choice()] ++++++++++++++++++++
[2026-04-10 16:33:59,117] [INFO] [<CHOICE PROMPT>] [len(messages)=2] (messages[-1]):
A patient comes into the clinic presenting with a symptom as described in the conversation log below:
    
PATIENT INFORMATION: A 46-year-old man presents to his physician because of persistent pelvic and scrotal pain for the past month. He also has had occasional fevers, chills, dysuria, and increased urinary frequency over the last few months. He was prescribed trimethoprim and sulfamethoxazole for the urinary symptoms, but he is still having symptoms currently. He is sexually active with multiple male and female partners and uses condoms inconsistently. The patient has hypertension and takes lisinopril.  He also takes PrEP (Truvada, which contains tenofovir and emtricitabine). On physical exam, his temperature is 36.7℃ (98.1℉), the blood pressure is 115/70 mm Hg, the pulse is 74/min, and the respirations are 14/min. A digital rectal exam reveals a mildly tender and mildly enlarged prostate. Urine specimens are sent for culture and sensitivity testing. A urine sample taken after prostate massage shows a 10-fold increase in bacteria counts. The test results for antimicrobial sensitivity include ampicillin, cefepime, gentamicin, levofloxacin, and meropenem. The patient is prescribed tamsulosin.
CONVERSATION LOG:
None
QUESTION: Which of the following is the most appropriate antibiotic to pair with the tamsulosin?
OPTIONS: A: Cefepime, B: Gentamicin, C: Levofloxacin, D: Trimethoprim and sulfamethoxazole
YOUR TASK: Assume that you already have enough information from the above question-answer pairs to answer the patient inquiry, use the above information to produce a factual conclusion. Respond with the correct letter choice (A, B, C, or D) and NOTHING ELSE.
LETTER CHOICE: 
[2026-04-10 16:34:03,665] [INFO] [<CHOICE LM RES>]: C
[2026-04-10 16:34:03,665] [INFO] [<CHOICE PARSED>]: C
[2026-04-10 16:34:03,665] [INFO] [FIXED ABSTAIN RETURN]: abstain: False, confidence: 0, letter_choice: C, usage: {'input_tokens': 498, 'output_tokens': 2}

[2026-04-10 16:34:03,665] [INFO] [Expert System]: {'type': 'choice', 'letter_choice': 'C', 'confidence': 0, 'usage': {'input_tokens': 498, 'output_tokens': 2}}
[2026-04-10 16:34:03,665] [INFO] |||||||||||||||||||| Interaction ended for patient #57 ||||||||||||||||||||



[2026-04-10 16:34:03,666] [INFO] |||||||||||||||||||| PATIENT #58 ||||||||||||||||||||
[2026-04-10 16:34:03,666] [INFO] ==================== Max Interaction Length (0 turns) Reached --> Force Final Answer ====================
[2026-04-10 16:34:03,666] [INFO] ++++++++++++++++++++ Start of Fixed Abstention [expert_functions.py:fixed_abstention_decision()] ++++++++++++++++++++
[2026-04-10 16:34:03,666] [INFO] [ABSTENTION RESPONSE]: False

[2026-04-10 16:34:03,666] [INFO] ++++++++++++++++++++ Start of Multiple Chocie Decision [expert_basics.py:expert_response_choice()] ++++++++++++++++++++
[2026-04-10 16:34:03,666] [INFO] [<CHOICE PROMPT>] [len(messages)=2] (messages[-1]):
A patient comes into the clinic presenting with a symptom as described in the conversation log below:
    
PATIENT INFORMATION: A 29-year-old woman comes to the emergency department because of progressive numbness and weakness in her right arm and right leg for 1 day. Two months ago, she had blurry vision and headache for a week, which resolved without treatment. She does not smoke or drink alcohol. Her temperature is 37°C (98.6°F), pulse is 78/min, respirations are 14/min, and blood pressure is 115/71 mm Hg. Muscle strength is 3/5 in the right arm and leg and 5/5 on the left side. MRI of the brain shows gadolinium-enhancing lesions in the left central sulcus, cervical spinal cord, and optic nerve. Intravenous methylprednisolone therapy is started.
CONVERSATION LOG:
None
QUESTION: This drug is most likely to result in which of the following laboratory changes?
OPTIONS: A: Monocytosis, B: Lymphocytosis, C: Eosinopenia, D: Granulocytopenia
YOUR TASK: Assume that you already have enough information from the above question-answer pairs to answer the patient inquiry, use the above information to produce a factual conclusion. Respond with the correct letter choice (A, B, C, or D) and NOTHING ELSE.
LETTER CHOICE: 
[2026-04-10 16:34:07,530] [INFO] [<CHOICE LM RES>]: C
[2026-04-10 16:34:07,530] [INFO] [<CHOICE PARSED>]: C
[2026-04-10 16:34:07,530] [INFO] [FIXED ABSTAIN RETURN]: abstain: False, confidence: 0, letter_choice: C, usage: {'input_tokens': 394, 'output_tokens': 2}

[2026-04-10 16:34:07,530] [INFO] [Expert System]: {'type': 'choice', 'letter_choice': 'C', 'confidence': 0, 'usage': {'input_tokens': 394, 'output_tokens': 2}}
[2026-04-10 16:34:07,530] [INFO] |||||||||||||||||||| Interaction ended for patient #58 ||||||||||||||||||||



[2026-04-10 16:34:07,531] [INFO] |||||||||||||||||||| PATIENT #59 ||||||||||||||||||||
[2026-04-10 16:34:07,531] [INFO] ==================== Max Interaction Length (0 turns) Reached --> Force Final Answer ====================
[2026-04-10 16:34:07,531] [INFO] ++++++++++++++++++++ Start of Fixed Abstention [expert_functions.py:fixed_abstention_decision()] ++++++++++++++++++++
[2026-04-10 16:34:07,531] [INFO] [ABSTENTION RESPONSE]: False

[2026-04-10 16:34:07,531] [INFO] ++++++++++++++++++++ Start of Multiple Chocie Decision [expert_basics.py:expert_response_choice()] ++++++++++++++++++++
[2026-04-10 16:34:07,531] [INFO] [<CHOICE PROMPT>] [len(messages)=2] (messages[-1]):
A patient comes into the clinic presenting with a symptom as described in the conversation log below:
    
PATIENT INFORMATION: A 30-year-old male biology graduate student was dismissed from his PhD program after 8 years because he was not able to produce a thesis, claiming that his data was never exactly how he wanted it. He would spend weeks planning out a simple experiment, since everything had to be just right. For many experiments, he would start over because he felt he went out of order in adding the reagents to his media for his cells. He has had similar problems in his undergraduate courses, often failing to complete his assignments on time because he had to revise them until they were perfect.
CONVERSATION LOG:
None
QUESTION: Which of the following disorders does this patient potentially suffer from?
OPTIONS: A: Schizoid personality disorder, B: Narcissistic personality disorder, C: Obsessive compulsive personality disorder, D: Paranoid personality disorder
YOUR TASK: Assume that you already have enough information from the above question-answer pairs to answer the patient inquiry, use the above information to produce a factual conclusion. Respond with the correct letter choice (A, B, C, or D) and NOTHING ELSE.
LETTER CHOICE: 
[2026-04-10 16:34:11,863] [INFO] [<CHOICE LM RES>]: C
[2026-04-10 16:34:11,863] [INFO] [<CHOICE PARSED>]: C
[2026-04-10 16:34:11,863] [INFO] [FIXED ABSTAIN RETURN]: abstain: False, confidence: 0, letter_choice: C, usage: {'input_tokens': 354, 'output_tokens': 2}

[2026-04-10 16:34:11,863] [INFO] [Expert System]: {'type': 'choice', 'letter_choice': 'C', 'confidence': 0, 'usage': {'input_tokens': 354, 'output_tokens': 2}}
[2026-04-10 16:34:11,863] [INFO] |||||||||||||||||||| Interaction ended for patient #59 ||||||||||||||||||||



[2026-04-10 16:34:11,863] [INFO] |||||||||||||||||||| PATIENT #60 ||||||||||||||||||||
[2026-04-10 16:34:11,863] [INFO] ==================== Max Interaction Length (0 turns) Reached --> Force Final Answer ====================
[2026-04-10 16:34:11,863] [INFO] ++++++++++++++++++++ Start of Fixed Abstention [expert_functions.py:fixed_abstention_decision()] ++++++++++++++++++++
[2026-04-10 16:34:11,863] [INFO] [ABSTENTION RESPONSE]: False

[2026-04-10 16:34:11,863] [INFO] ++++++++++++++++++++ Start of Multiple Chocie Decision [expert_basics.py:expert_response_choice()] ++++++++++++++++++++
[2026-04-10 16:34:11,863] [INFO] [<CHOICE PROMPT>] [len(messages)=2] (messages[-1]):
A patient comes into the clinic presenting with a symptom as described in the conversation log below:
    
PATIENT INFORMATION: A 62-year-old male presents to his primary care physician complaining of an unintended 10-pound weight loss over the last 4 months. He also reports vague abdominal discomfort, weakness, and occasional yellowing of his skin and eyes. He has a history of cirrhosis secondary to alcohol abuse and hepatitis C infection. Physical exam demonstrates hepatomegaly and abdominal distention.
CONVERSATION LOG:
None
QUESTION: Which of the following serum markers is most strongly associated with this patient’s condition?
OPTIONS: A: Carcinoembryonic antigen (CEA), B: Cancer antigen 19-9 (CA 19-9), C: Alpha-fetoprotein (AFP), D: Beta-human chorionic gonadotropin (ß-HCG)
YOUR TASK: Assume that you already have enough information from the above question-answer pairs to answer the patient inquiry, use the above information to produce a factual conclusion. Respond with the correct letter choice (A, B, C, or D) and NOTHING ELSE.
LETTER CHOICE: 
[2026-04-10 16:34:15,996] [INFO] [<CHOICE LM RES>]: C
[2026-04-10 16:34:15,996] [INFO] [<CHOICE PARSED>]: C
[2026-04-10 16:34:15,996] [INFO] [FIXED ABSTAIN RETURN]: abstain: False, confidence: 0, letter_choice: C, usage: {'input_tokens': 339, 'output_tokens': 2}

[2026-04-10 16:34:15,996] [INFO] [Expert System]: {'type': 'choice', 'letter_choice': 'C', 'confidence': 0, 'usage': {'input_tokens': 339, 'output_tokens': 2}}
[2026-04-10 16:34:15,996] [INFO] |||||||||||||||||||| Interaction ended for patient #60 ||||||||||||||||||||



[2026-04-10 16:34:15,997] [INFO] |||||||||||||||||||| PATIENT #61 ||||||||||||||||||||
[2026-04-10 16:34:15,997] [INFO] ==================== Max Interaction Length (0 turns) Reached --> Force Final Answer ====================
[2026-04-10 16:34:15,997] [INFO] ++++++++++++++++++++ Start of Fixed Abstention [expert_functions.py:fixed_abstention_decision()] ++++++++++++++++++++
[2026-04-10 16:34:15,997] [INFO] [ABSTENTION RESPONSE]: False

[2026-04-10 16:34:15,997] [INFO] ++++++++++++++++++++ Start of Multiple Chocie Decision [expert_basics.py:expert_response_choice()] ++++++++++++++++++++
[2026-04-10 16:34:15,997] [INFO] [<CHOICE PROMPT>] [len(messages)=2] (messages[-1]):
A patient comes into the clinic presenting with a symptom as described in the conversation log below:
    
PATIENT INFORMATION: A research group designed a study to investigate the epidemiology of syphilis in the United States. The investigators examined the total number of cases of syphilis and genitourinary chlamydia in the United States using a national health survey of a nationally representative sample of US citizens conducted in 2012. The investigators ultimately found that a history of genitourinary chlamydia infection is associated with syphilis.
CONVERSATION LOG:
None
QUESTION: This study is best described as which of the following?
OPTIONS: A: Single-blind clinical trial, B: Double-blind clinical trial, C: Cross-sectional study, D: Case-control study
YOUR TASK: Assume that you already have enough information from the above question-answer pairs to answer the patient inquiry, use the above information to produce a factual conclusion. Respond with the correct letter choice (A, B, C, or D) and NOTHING ELSE.
LETTER CHOICE: 
[2026-04-10 16:34:20,015] [INFO] [<CHOICE LM RES>]: C
[2026-04-10 16:34:20,015] [INFO] [<CHOICE PARSED>]: C
[2026-04-10 16:34:20,015] [INFO] [FIXED ABSTAIN RETURN]: abstain: False, confidence: 0, letter_choice: C, usage: {'input_tokens': 318, 'output_tokens': 2}

[2026-04-10 16:34:20,015] [INFO] [Expert System]: {'type': 'choice', 'letter_choice': 'C', 'confidence': 0, 'usage': {'input_tokens': 318, 'output_tokens': 2}}
[2026-04-10 16:34:20,015] [INFO] |||||||||||||||||||| Interaction ended for patient #61 ||||||||||||||||||||



[2026-04-10 16:34:20,015] [INFO] |||||||||||||||||||| PATIENT #62 ||||||||||||||||||||
[2026-04-10 16:34:20,015] [INFO] ==================== Max Interaction Length (0 turns) Reached --> Force Final Answer ====================
[2026-04-10 16:34:20,015] [INFO] ++++++++++++++++++++ Start of Fixed Abstention [expert_functions.py:fixed_abstention_decision()] ++++++++++++++++++++
[2026-04-10 16:34:20,015] [INFO] [ABSTENTION RESPONSE]: False

[2026-04-10 16:34:20,015] [INFO] ++++++++++++++++++++ Start of Multiple Chocie Decision [expert_basics.py:expert_response_choice()] ++++++++++++++++++++
[2026-04-10 16:34:20,015] [INFO] [<CHOICE PROMPT>] [len(messages)=2] (messages[-1]):
A patient comes into the clinic presenting with a symptom as described in the conversation log below:
    
PATIENT INFORMATION: A 56-year-old African American male presents with altered mental status, abdominal pain, and a fever of 100.4F. His past medical history is significant for alcohol use and cirrhosis of the liver. Shifting dullness is noted on physical exam. Paracentesis demonstrates serum ascites albumen gradient of 1.3 g/dL, and the ascitic fluid polymorphonuclear cell count is 280 cells/mm^3.
CONVERSATION LOG:
None
QUESTION: Which of the following is the best treatment for this patient’s condition while waiting for the ascitic fluid culture results?
OPTIONS: A: Nadolol, B: Cefotaxime, C: Penicillin, D: Gentamicin
YOUR TASK: Assume that you already have enough information from the above question-answer pairs to answer the patient inquiry, use the above information to produce a factual conclusion. Respond with the correct letter choice (A, B, C, or D) and NOTHING ELSE.
LETTER CHOICE: 
[2026-04-10 16:34:24,152] [INFO] [<CHOICE LM RES>]: B
[2026-04-10 16:34:24,152] [INFO] [<CHOICE PARSED>]: B
[2026-04-10 16:34:24,152] [INFO] [FIXED ABSTAIN RETURN]: abstain: False, confidence: 0, letter_choice: B, usage: {'input_tokens': 334, 'output_tokens': 2}

[2026-04-10 16:34:24,152] [INFO] [Expert System]: {'type': 'choice', 'letter_choice': 'B', 'confidence': 0, 'usage': {'input_tokens': 334, 'output_tokens': 2}}
[2026-04-10 16:34:24,152] [INFO] |||||||||||||||||||| Interaction ended for patient #62 ||||||||||||||||||||



[2026-04-10 16:34:24,153] [INFO] |||||||||||||||||||| PATIENT #63 ||||||||||||||||||||
[2026-04-10 16:34:24,153] [INFO] ==================== Max Interaction Length (0 turns) Reached --> Force Final Answer ====================
[2026-04-10 16:34:24,153] [INFO] ++++++++++++++++++++ Start of Fixed Abstention [expert_functions.py:fixed_abstention_decision()] ++++++++++++++++++++
[2026-04-10 16:34:24,153] [INFO] [ABSTENTION RESPONSE]: False

[2026-04-10 16:34:24,153] [INFO] ++++++++++++++++++++ Start of Multiple Chocie Decision [expert_basics.py:expert_response_choice()] ++++++++++++++++++++
[2026-04-10 16:34:24,153] [INFO] [<CHOICE PROMPT>] [len(messages)=2] (messages[-1]):
A patient comes into the clinic presenting with a symptom as described in the conversation log below:
    
PATIENT INFORMATION: A 4-year-old boy who recently emigrated from Ghana is brought to the physician because of a 5-day history of pain and swelling in his hands. He has had similar episodes in the past. The patient appears distressed. His temperature is 38.1°C (100.5°F). Physical examination shows pallor. The dorsum of his hands and fingers are swollen, warm, and tender to palpation.
CONVERSATION LOG:
None
QUESTION: Which of the following additional findings is most likely in this patient?
OPTIONS: A: Coronary artery aneurysm, B: Hyperuricemia, C: Thickened heart valves, D: Microhematuria
YOUR TASK: Assume that you already have enough information from the above question-answer pairs to answer the patient inquiry, use the above information to produce a factual conclusion. Respond with the correct letter choice (A, B, C, or D) and NOTHING ELSE.
LETTER CHOICE: 
[2026-04-10 16:34:28,259] [INFO] [<CHOICE LM RES>]: B
[2026-04-10 16:34:28,260] [INFO] [<CHOICE PARSED>]: B
[2026-04-10 16:34:28,260] [INFO] [FIXED ABSTAIN RETURN]: abstain: False, confidence: 0, letter_choice: B, usage: {'input_tokens': 322, 'output_tokens': 2}

[2026-04-10 16:34:28,260] [INFO] [Expert System]: {'type': 'choice', 'letter_choice': 'B', 'confidence': 0, 'usage': {'input_tokens': 322, 'output_tokens': 2}}
[2026-04-10 16:34:28,260] [INFO] |||||||||||||||||||| Interaction ended for patient #63 ||||||||||||||||||||



[2026-04-10 16:34:28,260] [INFO] |||||||||||||||||||| PATIENT #64 ||||||||||||||||||||
[2026-04-10 16:34:28,260] [INFO] ==================== Max Interaction Length (0 turns) Reached --> Force Final Answer ====================
[2026-04-10 16:34:28,260] [INFO] ++++++++++++++++++++ Start of Fixed Abstention [expert_functions.py:fixed_abstention_decision()] ++++++++++++++++++++
[2026-04-10 16:34:28,260] [INFO] [ABSTENTION RESPONSE]: False

[2026-04-10 16:34:28,260] [INFO] ++++++++++++++++++++ Start of Multiple Chocie Decision [expert_basics.py:expert_response_choice()] ++++++++++++++++++++
[2026-04-10 16:34:28,260] [INFO] [<CHOICE PROMPT>] [len(messages)=2] (messages[-1]):
A patient comes into the clinic presenting with a symptom as described in the conversation log below:
    
PATIENT INFORMATION: A 47-year-old woman is admitted to the hospital because of a 2-week history of low-grade fever, fatigue, and a 3-kg (6.6-lb) weight loss. Her temperature is 38°C (100.4°F). Physical examination shows pallor and a cardiac murmur. Her serum creatinine is 1.8 mg/dL. Urinalysis shows red cell casts and 2+ protein. A CT scan of the abdomen with contrast shows no abnormalities. Despite appropriate medical therapy, the patient dies. A photograph of the heart taken during autopsy is shown.
CONVERSATION LOG:
None
QUESTION: Which of the following is the most likely explanation for the laboratory findings in this patient?
OPTIONS: A: Occlusion of renal arteries by cholesterol crystals, B: Deposition of antigen-antibody complexes, C: Intravascular fragmentation of red blood cells, D: Hypersensitivity to penicillin haptens
YOUR TASK: Assume that you already have enough information from the above question-answer pairs to answer the patient inquiry, use the above information to produce a factual conclusion. Respond with the correct letter choice (A, B, C, or D) and NOTHING ELSE.
LETTER CHOICE: 
[2026-04-10 16:34:32,703] [INFO] [<CHOICE LM RES>]: B
[2026-04-10 16:34:32,703] [INFO] [<CHOICE PARSED>]: B
[2026-04-10 16:34:32,703] [INFO] [FIXED ABSTAIN RETURN]: abstain: False, confidence: 0, letter_choice: B, usage: {'input_tokens': 379, 'output_tokens': 2}

[2026-04-10 16:34:32,703] [INFO] [Expert System]: {'type': 'choice', 'letter_choice': 'B', 'confidence': 0, 'usage': {'input_tokens': 379, 'output_tokens': 2}}
[2026-04-10 16:34:32,703] [INFO] |||||||||||||||||||| Interaction ended for patient #64 ||||||||||||||||||||



[2026-04-10 16:34:32,704] [INFO] |||||||||||||||||||| PATIENT #65 ||||||||||||||||||||
[2026-04-10 16:34:32,704] [INFO] ==================== Max Interaction Length (0 turns) Reached --> Force Final Answer ====================
[2026-04-10 16:34:32,704] [INFO] ++++++++++++++++++++ Start of Fixed Abstention [expert_functions.py:fixed_abstention_decision()] ++++++++++++++++++++
[2026-04-10 16:34:32,704] [INFO] [ABSTENTION RESPONSE]: False

[2026-04-10 16:34:32,704] [INFO] ++++++++++++++++++++ Start of Multiple Chocie Decision [expert_basics.py:expert_response_choice()] ++++++++++++++++++++
[2026-04-10 16:34:32,704] [INFO] [<CHOICE PROMPT>] [len(messages)=2] (messages[-1]):
A patient comes into the clinic presenting with a symptom as described in the conversation log below:
    
PATIENT INFORMATION: A 36-year-old woman comes to the physician because of a 2-month history of progressively worsening lower back pain and weakness in the lower extremities. The pain is worse with movement and improves with lying down on a flat surface. She was diagnosed with pulmonary tuberculosis 6 months ago and is currently taking isoniazid and rifampin. Physical examination shows sensory loss over the lateral aspect of the mid-thigh, patella, and medial aspect of the right lower leg. Strength is 2/5 with right-sided dorsiflexion and the patellar reflex is absent. An x-ray of the spine shows a paravertebral opacity with anterior wedging of the vertebral body.
CONVERSATION LOG:
None
QUESTION: Which of the following nerve roots is most likely to be affected in this patient?
OPTIONS: A: S2, B: S1, C: L3, D: L4
YOUR TASK: Assume that you already have enough information from the above question-answer pairs to answer the patient inquiry, use the above information to produce a factual conclusion. Respond with the correct letter choice (A, B, C, or D) and NOTHING ELSE.
LETTER CHOICE: 
[2026-04-10 16:34:37,085] [INFO] [<CHOICE LM RES>]: B
[2026-04-10 16:34:37,086] [INFO] [<CHOICE PARSED>]: B
[2026-04-10 16:34:37,086] [INFO] [FIXED ABSTAIN RETURN]: abstain: False, confidence: 0, letter_choice: B, usage: {'input_tokens': 370, 'output_tokens': 2}

[2026-04-10 16:34:37,086] [INFO] [Expert System]: {'type': 'choice', 'letter_choice': 'B', 'confidence': 0, 'usage': {'input_tokens': 370, 'output_tokens': 2}}
[2026-04-10 16:34:37,086] [INFO] |||||||||||||||||||| Interaction ended for patient #65 ||||||||||||||||||||



[2026-04-10 16:34:37,086] [INFO] |||||||||||||||||||| PATIENT #66 ||||||||||||||||||||
[2026-04-10 16:34:37,086] [INFO] ==================== Max Interaction Length (0 turns) Reached --> Force Final Answer ====================
[2026-04-10 16:34:37,086] [INFO] ++++++++++++++++++++ Start of Fixed Abstention [expert_functions.py:fixed_abstention_decision()] ++++++++++++++++++++
[2026-04-10 16:34:37,086] [INFO] [ABSTENTION RESPONSE]: False

[2026-04-10 16:34:37,086] [INFO] ++++++++++++++++++++ Start of Multiple Chocie Decision [expert_basics.py:expert_response_choice()] ++++++++++++++++++++
[2026-04-10 16:34:37,086] [INFO] [<CHOICE PROMPT>] [len(messages)=2] (messages[-1]):
A patient comes into the clinic presenting with a symptom as described in the conversation log below:
    
PATIENT INFORMATION: A 24-year-old primigravid woman at 8 weeks' gestation is brought to the emergency department because of a 5-day history of nausea and vomiting. She has not been able to tolerate much food or drink. Her symptoms are worse in the morning. She has tried multiple oral antiemetics with limited relief. She has not had fevers, chills, abdominal pain, urinary symptoms, or diarrhea. She appears tired. Her temperature is 37°C (98.6°F), pulse is 105/min, and blood pressure is 108/60 mm Hg. Examination shows dry mucous membranes and cool extremities, with delayed capillary refill time.
CONVERSATION LOG:
None
QUESTION: Arterial blood gas analysis on room air shows: | pH 7.56 | PCO2 40 mm Hg | PO2 94 mm Hg | HCO3- 30 mEq/L | Measurement of which of the following is the most appropriate next step in diagnosis?"
OPTIONS: A: Serum osmolal gap, B: Serum anion gap, C: Urine albumin to urine creatinine ratio, D: Urine chloride concentration
YOUR TASK: Assume that you already have enough information from the above question-answer pairs to answer the patient inquiry, use the above information to produce a factual conclusion. Respond with the correct letter choice (A, B, C, or D) and NOTHING ELSE.
LETTER CHOICE: 
[2026-04-10 16:34:41,304] [INFO] [<CHOICE LM RES>]: D
[2026-04-10 16:34:41,304] [INFO] [<CHOICE PARSED>]: D
[2026-04-10 16:34:41,304] [INFO] [FIXED ABSTAIN RETURN]: abstain: False, confidence: 0, letter_choice: D, usage: {'input_tokens': 424, 'output_tokens': 2}

[2026-04-10 16:34:41,304] [INFO] [Expert System]: {'type': 'choice', 'letter_choice': 'D', 'confidence': 0, 'usage': {'input_tokens': 424, 'output_tokens': 2}}
[2026-04-10 16:34:41,304] [INFO] |||||||||||||||||||| Interaction ended for patient #66 ||||||||||||||||||||



[2026-04-10 16:34:41,305] [INFO] |||||||||||||||||||| PATIENT #67 ||||||||||||||||||||
[2026-04-10 16:34:41,305] [INFO] ==================== Max Interaction Length (0 turns) Reached --> Force Final Answer ====================
[2026-04-10 16:34:41,305] [INFO] ++++++++++++++++++++ Start of Fixed Abstention [expert_functions.py:fixed_abstention_decision()] ++++++++++++++++++++
[2026-04-10 16:34:41,305] [INFO] [ABSTENTION RESPONSE]: False

[2026-04-10 16:34:41,305] [INFO] ++++++++++++++++++++ Start of Multiple Chocie Decision [expert_basics.py:expert_response_choice()] ++++++++++++++++++++
[2026-04-10 16:34:41,305] [INFO] [<CHOICE PROMPT>] [len(messages)=2] (messages[-1]):
A patient comes into the clinic presenting with a symptom as described in the conversation log below:
    
PATIENT INFORMATION: A 34-year-old pregnant woman, gravida 2, para 0, at 28 weeks of gestation presents to the physician for a prenatal visit. She has not had regular prenatal care. Her most recent abdominal ultrasound was at 20 weeks of gestation, and it confirmed accurate fetal dates and appropriate fetal development. She takes levothyroxine for hypothyroidism. She used to work as a nurse before she emigrated from Brazil 13 years ago. She lost her immunization records during the move and cannot recall all of her vaccinations. She appears well. Her vital signs are within normal limits. The physical examination reveals a fundal height of 26 cm. No abnormalities are found during the physical exam. An ELISA test conducted for HIV is negative. Serology test results for hepatitis B surface antibody and hepatitis C antibody are positive for both. The laboratory test results for hepatitis B core antibody, hepatitis B surface antigen, and hepatitis A antibody are negative. The polymerase chain reaction analysis of hepatitis C RNA is positive for genotype 1.
CONVERSATION LOG:
None
QUESTION: Which of the following is the most appropriate recommendation at this time?
OPTIONS: A: Hepatitis A vaccination, B: Plan to formula feed the newborn, C: Start combination therapy with interferon α and ribavirin, D: Undergo liver biopsy
YOUR TASK: Assume that you already have enough information from the above question-answer pairs to answer the patient inquiry, use the above information to produce a factual conclusion. Respond with the correct letter choice (A, B, C, or D) and NOTHING ELSE.
LETTER CHOICE: 
[2026-04-10 16:34:45,616] [INFO] [<CHOICE LM RES>]: A
[2026-04-10 16:34:45,616] [INFO] [<CHOICE PARSED>]: A
[2026-04-10 16:34:45,616] [INFO] [FIXED ABSTAIN RETURN]: abstain: False, confidence: 0, letter_choice: A, usage: {'input_tokens': 458, 'output_tokens': 2}

[2026-04-10 16:34:45,616] [INFO] [Expert System]: {'type': 'choice', 'letter_choice': 'A', 'confidence': 0, 'usage': {'input_tokens': 458, 'output_tokens': 2}}
[2026-04-10 16:34:45,616] [INFO] |||||||||||||||||||| Interaction ended for patient #67 ||||||||||||||||||||



[2026-04-10 16:34:45,616] [INFO] |||||||||||||||||||| PATIENT #68 ||||||||||||||||||||
[2026-04-10 16:34:45,616] [INFO] ==================== Max Interaction Length (0 turns) Reached --> Force Final Answer ====================
[2026-04-10 16:34:45,616] [INFO] ++++++++++++++++++++ Start of Fixed Abstention [expert_functions.py:fixed_abstention_decision()] ++++++++++++++++++++
[2026-04-10 16:34:45,617] [INFO] [ABSTENTION RESPONSE]: False

[2026-04-10 16:34:45,617] [INFO] ++++++++++++++++++++ Start of Multiple Chocie Decision [expert_basics.py:expert_response_choice()] ++++++++++++++++++++
[2026-04-10 16:34:45,617] [INFO] [<CHOICE PROMPT>] [len(messages)=2] (messages[-1]):
A patient comes into the clinic presenting with a symptom as described in the conversation log below:
    
PATIENT INFORMATION: A 36-year-old man presents with a 3-week history of fever, enlarged lymph nodes, fatigue, and a dry cough. The patient’s wife says she has noticed that he lost a lot of weight over the last 6 months and seems very pale. Over the last week, he has noticed a worsening non-productive cough and night sweats. His blood count shows anemia and low lymphocyte count. He tells the physician that he had multiple unprotected sexual relationships with women other than his wife about 6 years ago and is fearful this may be related to his current health concerns. A test is performed which screens for the cause of this patient's immunodeficiency.
CONVERSATION LOG:
None
QUESTION: Which of the following does this screening test detect?
OPTIONS: A: Anti-HCV antigen, B: Lactic dehydrogenase, C: p24 antigen, D: CCR5 mutation
YOUR TASK: Assume that you already have enough information from the above question-answer pairs to answer the patient inquiry, use the above information to produce a factual conclusion. Respond with the correct letter choice (A, B, C, or D) and NOTHING ELSE.
LETTER CHOICE: 
[2026-04-10 16:34:49,928] [INFO] [<CHOICE LM RES>]: C
[2026-04-10 16:34:49,928] [INFO] [<CHOICE PARSED>]: C
[2026-04-10 16:34:49,928] [INFO] [FIXED ABSTAIN RETURN]: abstain: False, confidence: 0, letter_choice: C, usage: {'input_tokens': 368, 'output_tokens': 2}

[2026-04-10 16:34:49,928] [INFO] [Expert System]: {'type': 'choice', 'letter_choice': 'C', 'confidence': 0, 'usage': {'input_tokens': 368, 'output_tokens': 2}}
[2026-04-10 16:34:49,928] [INFO] |||||||||||||||||||| Interaction ended for patient #68 ||||||||||||||||||||



[2026-04-10 16:34:49,929] [INFO] |||||||||||||||||||| PATIENT #69 ||||||||||||||||||||
[2026-04-10 16:34:49,929] [INFO] ==================== Max Interaction Length (0 turns) Reached --> Force Final Answer ====================
[2026-04-10 16:34:49,929] [INFO] ++++++++++++++++++++ Start of Fixed Abstention [expert_functions.py:fixed_abstention_decision()] ++++++++++++++++++++
[2026-04-10 16:34:49,929] [INFO] [ABSTENTION RESPONSE]: False

[2026-04-10 16:34:49,929] [INFO] ++++++++++++++++++++ Start of Multiple Chocie Decision [expert_basics.py:expert_response_choice()] ++++++++++++++++++++
[2026-04-10 16:34:49,929] [INFO] [<CHOICE PROMPT>] [len(messages)=2] (messages[-1]):
A patient comes into the clinic presenting with a symptom as described in the conversation log below:
    
PATIENT INFORMATION: Seven days after initiation of induction chemotherapy for acute myeloid leukemia, a 56-year-old man develops leukopenia. He feels well. He has no history of serious cardiopulmonary disease. His temperature is 36.7°C (98.1°F), blood pressure is 110/65 mm Hg, pulse is 72/min, and respiratory rate is 14/min. Examination of the skin, head and neck, heart, lungs, abdomen, and perirectal area reveals no abnormalities.
CONVERSATION LOG:
None
QUESTION: Laboratory studies show: | Hemoglobin 9 g/dL | Leukocyte count 1,500/mm3 | Percent segmented neutrophils 50% | Platelet count 85,000/mm3 | To reduce the likelihood of complications, it is most appropriate to administer which of the following?
OPTIONS: A: Ciprofloxacin, B: Granulocyte colony-stimulating factor, C: Vancomycin, D: No pharmaco-prophylaxis at this time
YOUR TASK: Assume that you already have enough information from the above question-answer pairs to answer the patient inquiry, use the above information to produce a factual conclusion. Respond with the correct letter choice (A, B, C, or D) and NOTHING ELSE.
LETTER CHOICE: 
[2026-04-10 16:34:53,786] [INFO] [<CHOICE LM RES>]: B
[2026-04-10 16:34:53,786] [INFO] [<CHOICE PARSED>]: B
[2026-04-10 16:34:53,786] [INFO] [FIXED ABSTAIN RETURN]: abstain: False, confidence: 0, letter_choice: B, usage: {'input_tokens': 395, 'output_tokens': 2}

[2026-04-10 16:34:53,786] [INFO] [Expert System]: {'type': 'choice', 'letter_choice': 'B', 'confidence': 0, 'usage': {'input_tokens': 395, 'output_tokens': 2}}
[2026-04-10 16:34:53,786] [INFO] |||||||||||||||||||| Interaction ended for patient #69 ||||||||||||||||||||



[2026-04-10 16:34:53,787] [INFO] |||||||||||||||||||| PATIENT #70 ||||||||||||||||||||
[2026-04-10 16:34:53,787] [INFO] ==================== Max Interaction Length (0 turns) Reached --> Force Final Answer ====================
[2026-04-10 16:34:53,787] [INFO] ++++++++++++++++++++ Start of Fixed Abstention [expert_functions.py:fixed_abstention_decision()] ++++++++++++++++++++
[2026-04-10 16:34:53,787] [INFO] [ABSTENTION RESPONSE]: False

[2026-04-10 16:34:53,787] [INFO] ++++++++++++++++++++ Start of Multiple Chocie Decision [expert_basics.py:expert_response_choice()] ++++++++++++++++++++
[2026-04-10 16:34:53,787] [INFO] [<CHOICE PROMPT>] [len(messages)=2] (messages[-1]):
A patient comes into the clinic presenting with a symptom as described in the conversation log below:
    
PATIENT INFORMATION: A 40-year-old man undergoes an elective cholecystectomy for repeated attacks of cholelithiasis over the last 5 years. In the operating room, rapid sequence intubation is performed using a certain muscle relaxant to prevent aspiration of gastric contents. During the procedure, atracurium is administered to maintain muscle relaxation and, 1.5 hours after the operation, the anesthesiologist administers neostigmine to reverse the paralysis. The patient, however, continues to remain paralyzed and cannot be extubated.
CONVERSATION LOG:
None
QUESTION: Which of the following drugs most likely caused prolonged muscle paralysis in this patient?
OPTIONS: A: Midazolam, B: Pancuronium, C: Succinylcholine, D: Tubocurarine
YOUR TASK: Assume that you already have enough information from the above question-answer pairs to answer the patient inquiry, use the above information to produce a factual conclusion. Respond with the correct letter choice (A, B, C, or D) and NOTHING ELSE.
LETTER CHOICE: 
[2026-04-10 16:34:57,928] [INFO] [<CHOICE LM RES>]: C
[2026-04-10 16:34:57,928] [INFO] [<CHOICE PARSED>]: C
[2026-04-10 16:34:57,928] [INFO] [FIXED ABSTAIN RETURN]: abstain: False, confidence: 0, letter_choice: C, usage: {'input_tokens': 349, 'output_tokens': 2}

[2026-04-10 16:34:57,928] [INFO] [Expert System]: {'type': 'choice', 'letter_choice': 'C', 'confidence': 0, 'usage': {'input_tokens': 349, 'output_tokens': 2}}
[2026-04-10 16:34:57,928] [INFO] |||||||||||||||||||| Interaction ended for patient #70 ||||||||||||||||||||



[2026-04-10 16:34:57,928] [INFO] |||||||||||||||||||| PATIENT #71 ||||||||||||||||||||
[2026-04-10 16:34:57,929] [INFO] ==================== Max Interaction Length (0 turns) Reached --> Force Final Answer ====================
[2026-04-10 16:34:57,929] [INFO] ++++++++++++++++++++ Start of Fixed Abstention [expert_functions.py:fixed_abstention_decision()] ++++++++++++++++++++
[2026-04-10 16:34:57,929] [INFO] [ABSTENTION RESPONSE]: False

[2026-04-10 16:34:57,929] [INFO] ++++++++++++++++++++ Start of Multiple Chocie Decision [expert_basics.py:expert_response_choice()] ++++++++++++++++++++
[2026-04-10 16:34:57,929] [INFO] [<CHOICE PROMPT>] [len(messages)=2] (messages[-1]):
A patient comes into the clinic presenting with a symptom as described in the conversation log below:
    
PATIENT INFORMATION: A 12-year-old boy is brought to the emergency department by ambulance after he was struck by a car while crossing the road. He is found to have a femur fracture and multiple bruises on presentation, but he is alert and hemodynamically stable. He says that the car "came out of nowhere" and that he has had multiple similar near misses in recent months. He has no past medical history but says that he has been having headaches that he describes as dull and continuous. He has also noticed that he has been waking up at night several times to go to the restroom. Otherwise, he has been healthy with no major concerns. A basic metabolic panel shows mild hypernatremia.
CONVERSATION LOG:
None
QUESTION: The most likely pathology underlying this patient's symptoms is derived from which of the following embryonic layers?
OPTIONS: A: Mesoderm, B: Neural crest, C: Neuroectoderm, D: Surface ectoderm
YOUR TASK: Assume that you already have enough information from the above question-answer pairs to answer the patient inquiry, use the above information to produce a factual conclusion. Respond with the correct letter choice (A, B, C, or D) and NOTHING ELSE.
LETTER CHOICE: 
[2026-04-10 16:35:02,302] [INFO] [<CHOICE LM RES>]: A
[2026-04-10 16:35:02,302] [INFO] [<CHOICE PARSED>]: A
[2026-04-10 16:35:02,302] [INFO] [FIXED ABSTAIN RETURN]: abstain: False, confidence: 0, letter_choice: A, usage: {'input_tokens': 377, 'output_tokens': 2}

[2026-04-10 16:35:02,303] [INFO] [Expert System]: {'type': 'choice', 'letter_choice': 'A', 'confidence': 0, 'usage': {'input_tokens': 377, 'output_tokens': 2}}
[2026-04-10 16:35:02,303] [INFO] |||||||||||||||||||| Interaction ended for patient #71 ||||||||||||||||||||



[2026-04-10 16:35:02,303] [INFO] |||||||||||||||||||| PATIENT #72 ||||||||||||||||||||
[2026-04-10 16:35:02,303] [INFO] ==================== Max Interaction Length (0 turns) Reached --> Force Final Answer ====================
[2026-04-10 16:35:02,303] [INFO] ++++++++++++++++++++ Start of Fixed Abstention [expert_functions.py:fixed_abstention_decision()] ++++++++++++++++++++
[2026-04-10 16:35:02,303] [INFO] [ABSTENTION RESPONSE]: False

[2026-04-10 16:35:02,303] [INFO] ++++++++++++++++++++ Start of Multiple Chocie Decision [expert_basics.py:expert_response_choice()] ++++++++++++++++++++
[2026-04-10 16:35:02,303] [INFO] [<CHOICE PROMPT>] [len(messages)=2] (messages[-1]):
A patient comes into the clinic presenting with a symptom as described in the conversation log below:
    
PATIENT INFORMATION: A 40-year-old man presents with left hip pain. He says that symptoms started a month ago and have progressively worsened. He says the pain has rendered him unable to report to work for the last 2 weeks. The pain was initially 4/10 in intensity, dull with no radiation and was aggravated to 5/10 in intensity upon weight-bearing. Initially, it improved with rest and Tylenol. He initially attributed it to heavy work and took a few days off work, but he did not seek medical attention. However, it worsened over time to its present 8/10 intensity and does not respond to Tylenol anymore. The patient denies any history of injury, weight loss, change in appetite, or recent travel. His past medical history is significant for Crohn's disease, managed with a combination of prednisone and mesalamine and presently in remission. On physical examination, there is limited flexion and extension at the left hip. The rest of the examination, including a complete neurological examination, is unremarkable. On abdominal imaging of the left hip joint, a transcervical fracture is noted in the left hip with surrounding bony sclerosis. A DEXA scan shows a T-score of  -2.5 at the hips and -1.5 at the lumbar spine (normal T-score ≥ -1.0).
CONVERSATION LOG:
None
QUESTION: Which of the following is most likely to be the underlying cause for the fracture in this patient?
OPTIONS: A: Trauma, B: Chronic steroid use, C: Metastatic lesion, D: Sciatica
YOUR TASK: Assume that you already have enough information from the above question-answer pairs to answer the patient inquiry, use the above information to produce a factual conclusion. Respond with the correct letter choice (A, B, C, or D) and NOTHING ELSE.
LETTER CHOICE: 
[2026-04-10 16:35:06,883] [INFO] [<CHOICE LM RES>]: B
[2026-04-10 16:35:06,883] [INFO] [<CHOICE PARSED>]: B
[2026-04-10 16:35:06,883] [INFO] [FIXED ABSTAIN RETURN]: abstain: False, confidence: 0, letter_choice: B, usage: {'input_tokens': 514, 'output_tokens': 2}

[2026-04-10 16:35:06,883] [INFO] [Expert System]: {'type': 'choice', 'letter_choice': 'B', 'confidence': 0, 'usage': {'input_tokens': 514, 'output_tokens': 2}}
[2026-04-10 16:35:06,883] [INFO] |||||||||||||||||||| Interaction ended for patient #72 ||||||||||||||||||||



[2026-04-10 16:35:06,883] [INFO] |||||||||||||||||||| PATIENT #73 ||||||||||||||||||||
[2026-04-10 16:35:06,883] [INFO] ==================== Max Interaction Length (0 turns) Reached --> Force Final Answer ====================
[2026-04-10 16:35:06,883] [INFO] ++++++++++++++++++++ Start of Fixed Abstention [expert_functions.py:fixed_abstention_decision()] ++++++++++++++++++++
[2026-04-10 16:35:06,883] [INFO] [ABSTENTION RESPONSE]: False

[2026-04-10 16:35:06,883] [INFO] ++++++++++++++++++++ Start of Multiple Chocie Decision [expert_basics.py:expert_response_choice()] ++++++++++++++++++++
[2026-04-10 16:35:06,883] [INFO] [<CHOICE PROMPT>] [len(messages)=2] (messages[-1]):
A patient comes into the clinic presenting with a symptom as described in the conversation log below:
    
PATIENT INFORMATION: A 78-year-old woman with a history of breast cancer, status-post bilateral mastectomy, presents to the emergency department with progressive difficulty breathing, worsening fatigue, and 5 pounds of unintended weight loss over the past month. A portable chest x-ray reveals a massive right pleural effusion. The ED resident performs thoracentesis with chest tube placement and admits her to the floor. Overnight, the patient requests multiple pain medications for right upper abdominal pain and is found to have increasingly sanguinous drainage.
CONVERSATION LOG:
None
QUESTION: Where was the thoracentesis needle most likely placed?
OPTIONS: A: Lower border of the 10th rib at the right midaxillary line, B: Lower border of the 9th rib at the right midaxillary line, C: Upper border of the 7th rib at the right midclavicular line, D: Upper border of the 10th rib at the right midaxillary line
YOUR TASK: Assume that you already have enough information from the above question-answer pairs to answer the patient inquiry, use the above information to produce a factual conclusion. Respond with the correct letter choice (A, B, C, or D) and NOTHING ELSE.
LETTER CHOICE: 
[2026-04-10 16:35:11,226] [INFO] [<CHOICE LM RES>]: B
[2026-04-10 16:35:11,226] [INFO] [<CHOICE PARSED>]: B
[2026-04-10 16:35:11,226] [INFO] [FIXED ABSTAIN RETURN]: abstain: False, confidence: 0, letter_choice: B, usage: {'input_tokens': 378, 'output_tokens': 2}

[2026-04-10 16:35:11,226] [INFO] [Expert System]: {'type': 'choice', 'letter_choice': 'B', 'confidence': 0, 'usage': {'input_tokens': 378, 'output_tokens': 2}}
[2026-04-10 16:35:11,226] [INFO] |||||||||||||||||||| Interaction ended for patient #73 ||||||||||||||||||||



[2026-04-10 16:35:11,227] [INFO] |||||||||||||||||||| PATIENT #74 ||||||||||||||||||||
[2026-04-10 16:35:11,227] [INFO] ==================== Max Interaction Length (0 turns) Reached --> Force Final Answer ====================
[2026-04-10 16:35:11,227] [INFO] ++++++++++++++++++++ Start of Fixed Abstention [expert_functions.py:fixed_abstention_decision()] ++++++++++++++++++++
[2026-04-10 16:35:11,227] [INFO] [ABSTENTION RESPONSE]: False

[2026-04-10 16:35:11,227] [INFO] ++++++++++++++++++++ Start of Multiple Chocie Decision [expert_basics.py:expert_response_choice()] ++++++++++++++++++++
[2026-04-10 16:35:11,227] [INFO] [<CHOICE PROMPT>] [len(messages)=2] (messages[-1]):
A patient comes into the clinic presenting with a symptom as described in the conversation log below:
    
PATIENT INFORMATION: While studying the metabolism of a novel drug, the researcher identifies a molecule that inhibits its metabolism by binding with enzyme E. Molecule A inhibits the enzyme E by reversibly binding at the same active site on the enzyme where the drug binds.
CONVERSATION LOG:
None
QUESTION: Which of the following statements best describes the effects of molecule A on Vmax and Km on the metabolic reactions of the novel drug?
OPTIONS: A: Value of Vmax is unchanged but value of Km is increased, B: Value of Vmax is decreased but value of Km is unchanged, C: Values of both Vmax and Km are unchanged, D: Value of Vmax is unchanged but value of Km is decreased
YOUR TASK: Assume that you already have enough information from the above question-answer pairs to answer the patient inquiry, use the above information to produce a factual conclusion. Respond with the correct letter choice (A, B, C, or D) and NOTHING ELSE.
LETTER CHOICE: 
[2026-04-10 16:35:15,280] [INFO] [<CHOICE LM RES>]: A
[2026-04-10 16:35:15,280] [INFO] [<CHOICE PARSED>]: A
[2026-04-10 16:35:15,280] [INFO] [FIXED ABSTAIN RETURN]: abstain: False, confidence: 0, letter_choice: A, usage: {'input_tokens': 326, 'output_tokens': 2}

[2026-04-10 16:35:15,280] [INFO] [Expert System]: {'type': 'choice', 'letter_choice': 'A', 'confidence': 0, 'usage': {'input_tokens': 326, 'output_tokens': 2}}
[2026-04-10 16:35:15,280] [INFO] |||||||||||||||||||| Interaction ended for patient #74 ||||||||||||||||||||



[2026-04-10 16:35:15,281] [INFO] |||||||||||||||||||| PATIENT #75 ||||||||||||||||||||
[2026-04-10 16:35:15,281] [INFO] ==================== Max Interaction Length (0 turns) Reached --> Force Final Answer ====================
[2026-04-10 16:35:15,281] [INFO] ++++++++++++++++++++ Start of Fixed Abstention [expert_functions.py:fixed_abstention_decision()] ++++++++++++++++++++
[2026-04-10 16:35:15,281] [INFO] [ABSTENTION RESPONSE]: False

[2026-04-10 16:35:15,281] [INFO] ++++++++++++++++++++ Start of Multiple Chocie Decision [expert_basics.py:expert_response_choice()] ++++++++++++++++++++
[2026-04-10 16:35:15,281] [INFO] [<CHOICE PROMPT>] [len(messages)=2] (messages[-1]):
A patient comes into the clinic presenting with a symptom as described in the conversation log below:
    
PATIENT INFORMATION: A 70-year-old man presents to a physician’s office with shortness of breath for 1 month. He is “easily winded” and is unable to keep up with his grandchildren when playing in the park. Over the last few weeks, he had to increase the number of pillows under his head to sleep comfortably. He denies a cough and fever. The medical history includes hypercholesterolemia and hypertension. His current medications are aspirin, carvedilol, and rosuvastatin. The vital signs are as follows: blood pressure 150/90 mm Hg, pulse 90/min, and respiratory rate 14/min. The physical examination reveals distended jugular veins, bilateral pitting edema of the lower limbs, and fine crackles at the base of the lungs. An echocardiogram reveals an ejection fraction of 40%.
CONVERSATION LOG:
None
QUESTION: Inhibition of which of the following hormones would be most beneficial for this patient?
OPTIONS: A: Angiotensin II, B: Prostaglandin E1, C: Aldosterone, D: Epinephrine
YOUR TASK: Assume that you already have enough information from the above question-answer pairs to answer the patient inquiry, use the above information to produce a factual conclusion. Respond with the correct letter choice (A, B, C, or D) and NOTHING ELSE.
LETTER CHOICE: 
[2026-04-10 16:35:19,528] [INFO] [<CHOICE LM RES>]: C
[2026-04-10 16:35:19,528] [INFO] [<CHOICE PARSED>]: C
[2026-04-10 16:35:19,528] [INFO] [FIXED ABSTAIN RETURN]: abstain: False, confidence: 0, letter_choice: C, usage: {'input_tokens': 415, 'output_tokens': 2}

[2026-04-10 16:35:19,528] [INFO] [Expert System]: {'type': 'choice', 'letter_choice': 'C', 'confidence': 0, 'usage': {'input_tokens': 415, 'output_tokens': 2}}
[2026-04-10 16:35:19,528] [INFO] |||||||||||||||||||| Interaction ended for patient #75 ||||||||||||||||||||



[2026-04-10 16:35:19,528] [INFO] |||||||||||||||||||| PATIENT #76 ||||||||||||||||||||
[2026-04-10 16:35:19,528] [INFO] ==================== Max Interaction Length (0 turns) Reached --> Force Final Answer ====================
[2026-04-10 16:35:19,528] [INFO] ++++++++++++++++++++ Start of Fixed Abstention [expert_functions.py:fixed_abstention_decision()] ++++++++++++++++++++
[2026-04-10 16:35:19,528] [INFO] [ABSTENTION RESPONSE]: False

[2026-04-10 16:35:19,529] [INFO] ++++++++++++++++++++ Start of Multiple Chocie Decision [expert_basics.py:expert_response_choice()] ++++++++++++++++++++
[2026-04-10 16:35:19,529] [INFO] [<CHOICE PROMPT>] [len(messages)=2] (messages[-1]):
A patient comes into the clinic presenting with a symptom as described in the conversation log below:
    
PATIENT INFORMATION: A 51-year-old man comes to the physician because of severe pain while urinating for 4 days. He has also had to urinate more often than usual. Three weeks ago, he underwent surgery for an incarcerated hernia. While recovering, he developed septic shock and was treated in the intensive care unit. He was discharged 6 days ago. He has a history of hypertension. Current medications include amlodipine and oxycodone. He appears anxious. His temperature is 37.8°C (100°F), pulse is 96/min, and blood pressure is 122/80 mm Hg. Examination shows tenderness to palpation in the suprapubic area; no guarding is present. There is a well-healed surgical scar in the right inguinal region. There is no costovertebral angle tenderness. Urinalysis shows: | Blood 1+ | Protein 1+ | Nitrite positive | Leukocyte esterase positive | RBC 1–2/hpf | .
CONVERSATION LOG:
None
QUESTION: WBC 20–25/hpf | Which of the following would have most likely prevented this complication?"
OPTIONS: A: Intermittent catheterization, B: Prophylactic oral ciprofloxacin, C: Topical mupirocin application, D: Screening for bacteriuria
YOUR TASK: Assume that you already have enough information from the above question-answer pairs to answer the patient inquiry, use the above information to produce a factual conclusion. Respond with the correct letter choice (A, B, C, or D) and NOTHING ELSE.
LETTER CHOICE: 
[2026-04-10 16:35:24,012] [INFO] [<CHOICE LM RES>]: B
[2026-04-10 16:35:24,013] [INFO] [<CHOICE PARSED>]: B
[2026-04-10 16:35:24,013] [INFO] [FIXED ABSTAIN RETURN]: abstain: False, confidence: 0, letter_choice: B, usage: {'input_tokens': 464, 'output_tokens': 2}

[2026-04-10 16:35:24,013] [INFO] [Expert System]: {'type': 'choice', 'letter_choice': 'B', 'confidence': 0, 'usage': {'input_tokens': 464, 'output_tokens': 2}}
[2026-04-10 16:35:24,013] [INFO] |||||||||||||||||||| Interaction ended for patient #76 ||||||||||||||||||||



[2026-04-10 16:35:24,013] [INFO] |||||||||||||||||||| PATIENT #77 ||||||||||||||||||||
[2026-04-10 16:35:24,013] [INFO] ==================== Max Interaction Length (0 turns) Reached --> Force Final Answer ====================
[2026-04-10 16:35:24,013] [INFO] ++++++++++++++++++++ Start of Fixed Abstention [expert_functions.py:fixed_abstention_decision()] ++++++++++++++++++++
[2026-04-10 16:35:24,013] [INFO] [ABSTENTION RESPONSE]: False

[2026-04-10 16:35:24,013] [INFO] ++++++++++++++++++++ Start of Multiple Chocie Decision [expert_basics.py:expert_response_choice()] ++++++++++++++++++++
[2026-04-10 16:35:24,013] [INFO] [<CHOICE PROMPT>] [len(messages)=2] (messages[-1]):
A patient comes into the clinic presenting with a symptom as described in the conversation log below:
    
PATIENT INFORMATION: A 40-year-old woman with HIV infection comes to the emergency department because of a 4-week history of progressively worsening fatigue and headache. On mental status examination, the patient is somnolent and oriented only to person. Her CD4+ lymphocyte count is 80/mm3 (N ≥ 500). Analysis of this patient's cerebrospinal fluid (CSF) shows a leukocyte count of 30/mm3 (60% lymphocytes), a protein concentration of 52 mg/dL, and a glucose concentration of 37 mg/dL. An India ink stain of the CSF is shown.
CONVERSATION LOG:
None
QUESTION: Which of the following is the most appropriate pharmacotherapy for this patient's neurological symptoms?
OPTIONS: A: Pyrimethamine, sulfadiazine, and folinic acid, B: Isoniazid, rifampin, pyrazinamide, and ethambutol, C: Amphotericin B and flucytosine, D: Fluconazole
YOUR TASK: Assume that you already have enough information from the above question-answer pairs to answer the patient inquiry, use the above information to produce a factual conclusion. Respond with the correct letter choice (A, B, C, or D) and NOTHING ELSE.
LETTER CHOICE: 
[2026-04-10 16:35:28,107] [INFO] [<CHOICE LM RES>]: C
[2026-04-10 16:35:28,107] [INFO] [<CHOICE PARSED>]: C
[2026-04-10 16:35:28,107] [INFO] [FIXED ABSTAIN RETURN]: abstain: False, confidence: 0, letter_choice: C, usage: {'input_tokens': 395, 'output_tokens': 2}

[2026-04-10 16:35:28,107] [INFO] [Expert System]: {'type': 'choice', 'letter_choice': 'C', 'confidence': 0, 'usage': {'input_tokens': 395, 'output_tokens': 2}}
[2026-04-10 16:35:28,107] [INFO] |||||||||||||||||||| Interaction ended for patient #77 ||||||||||||||||||||



[2026-04-10 16:35:28,107] [INFO] |||||||||||||||||||| PATIENT #78 ||||||||||||||||||||
[2026-04-10 16:35:28,107] [INFO] ==================== Max Interaction Length (0 turns) Reached --> Force Final Answer ====================
[2026-04-10 16:35:28,107] [INFO] ++++++++++++++++++++ Start of Fixed Abstention [expert_functions.py:fixed_abstention_decision()] ++++++++++++++++++++
[2026-04-10 16:35:28,107] [INFO] [ABSTENTION RESPONSE]: False

[2026-04-10 16:35:28,107] [INFO] ++++++++++++++++++++ Start of Multiple Chocie Decision [expert_basics.py:expert_response_choice()] ++++++++++++++++++++
[2026-04-10 16:35:28,107] [INFO] [<CHOICE PROMPT>] [len(messages)=2] (messages[-1]):
A patient comes into the clinic presenting with a symptom as described in the conversation log below:
    
PATIENT INFORMATION: A 64-year-old man comes to the physician because of a 2-week history of intermittent epigastric discomfort. He reports that his urine has been very dark, and his stools have been pale for the past week. His appetite has decreased, and he has had a 4.5-kg (10-lb) weight loss during this period. He has smoked 1 pack of cigarettes daily for 30 years. He drinks a few shots of vodka daily. He has no history of severe illness. He has chronic left knee pain, for which he takes acetaminophen. Vital signs are within normal limits. Examination shows jaundice of the skin and scleral icterus. There are scratch marks on the extremities. Abdominal examination shows a nontender, palpable mass in the right upper quadrant. The remainder of the examination is normal. Laboratory studies show: | Hemoglobin 11.6 g/dL | Leukocyte count 8,700/mm3 | Platelet count 172,000/mm3 | Serum | Urea nitrogen 17 mg/dL | Creatinine 1.1 mg/dL | Bilirubin | Total 6 mg/dL | Direct 5.2 mg/dL | Alkaline phosphatase 220 IU/L | Ultrasonography shows dilated extrahepatic and pancreatic ducts and a distended gall bladder.
CONVERSATION LOG:
None
QUESTION: Which of the following is the most likely cause of these findings?"
OPTIONS: A: Malignant biliary tract obstruction, B: Acetaminophen-induced liver injury, C: Hemolysis, D: Chronic pancreatitis
YOUR TASK: Assume that you already have enough information from the above question-answer pairs to answer the patient inquiry, use the above information to produce a factual conclusion. Respond with the correct letter choice (A, B, C, or D) and NOTHING ELSE.
LETTER CHOICE: 
[2026-04-10 16:35:32,902] [INFO] [<CHOICE LM RES>]: D
[2026-04-10 16:35:32,903] [INFO] [<CHOICE PARSED>]: D
[2026-04-10 16:35:32,903] [INFO] [FIXED ABSTAIN RETURN]: abstain: False, confidence: 0, letter_choice: D, usage: {'input_tokens': 527, 'output_tokens': 2}

[2026-04-10 16:35:32,903] [INFO] [Expert System]: {'type': 'choice', 'letter_choice': 'D', 'confidence': 0, 'usage': {'input_tokens': 527, 'output_tokens': 2}}
[2026-04-10 16:35:32,903] [INFO] |||||||||||||||||||| Interaction ended for patient #78 ||||||||||||||||||||



[2026-04-10 16:35:32,903] [INFO] |||||||||||||||||||| PATIENT #79 ||||||||||||||||||||
[2026-04-10 16:35:32,903] [INFO] ==================== Max Interaction Length (0 turns) Reached --> Force Final Answer ====================
[2026-04-10 16:35:32,903] [INFO] ++++++++++++++++++++ Start of Fixed Abstention [expert_functions.py:fixed_abstention_decision()] ++++++++++++++++++++
[2026-04-10 16:35:32,903] [INFO] [ABSTENTION RESPONSE]: False

[2026-04-10 16:35:32,903] [INFO] ++++++++++++++++++++ Start of Multiple Chocie Decision [expert_basics.py:expert_response_choice()] ++++++++++++++++++++
[2026-04-10 16:35:32,903] [INFO] [<CHOICE PROMPT>] [len(messages)=2] (messages[-1]):
A patient comes into the clinic presenting with a symptom as described in the conversation log below:
    
PATIENT INFORMATION: A 27-year-old woman is brought to the physician after passing out at home. Her husband reports that she suddenly lost consciousness for approximately 30 seconds while shoveling snow in the driveway. Immediately before the episode, she felt light-headed and short of breath. Two months ago, she experienced a similar episode while running in her yard with her children. She has no history of serious illness. Her father died of sudden cardiac death at the age of 44 years. Vital signs are within normal limits. Cardiac examination shows a systolic ejection murmur best heard along the left sternal border that decreases with hand grip. The remainder of the examination shows no abnormalities.
CONVERSATION LOG:
None
QUESTION: Which of the following is the most appropriate treatment for this patient?
OPTIONS: A: Septal myectomy, B: Amlodipine, C: Cardiac pacemaker, D: Metoprolol
YOUR TASK: Assume that you already have enough information from the above question-answer pairs to answer the patient inquiry, use the above information to produce a factual conclusion. Respond with the correct letter choice (A, B, C, or D) and NOTHING ELSE.
LETTER CHOICE: 
[2026-04-10 16:35:37,338] [INFO] [<CHOICE LM RES>]: B
[2026-04-10 16:35:37,338] [INFO] [<CHOICE PARSED>]: B
[2026-04-10 16:35:37,338] [INFO] [FIXED ABSTAIN RETURN]: abstain: False, confidence: 0, letter_choice: B, usage: {'input_tokens': 370, 'output_tokens': 2}

[2026-04-10 16:35:37,338] [INFO] [Expert System]: {'type': 'choice', 'letter_choice': 'B', 'confidence': 0, 'usage': {'input_tokens': 370, 'output_tokens': 2}}
[2026-04-10 16:35:37,338] [INFO] |||||||||||||||||||| Interaction ended for patient #79 ||||||||||||||||||||



[2026-04-10 16:35:37,339] [INFO] |||||||||||||||||||| PATIENT #80 ||||||||||||||||||||
[2026-04-10 16:35:37,339] [INFO] ==================== Max Interaction Length (0 turns) Reached --> Force Final Answer ====================
[2026-04-10 16:35:37,339] [INFO] ++++++++++++++++++++ Start of Fixed Abstention [expert_functions.py:fixed_abstention_decision()] ++++++++++++++++++++
[2026-04-10 16:35:37,339] [INFO] [ABSTENTION RESPONSE]: False

[2026-04-10 16:35:37,339] [INFO] ++++++++++++++++++++ Start of Multiple Chocie Decision [expert_basics.py:expert_response_choice()] ++++++++++++++++++++
[2026-04-10 16:35:37,339] [INFO] [<CHOICE PROMPT>] [len(messages)=2] (messages[-1]):
A patient comes into the clinic presenting with a symptom as described in the conversation log below:
    
PATIENT INFORMATION: A 7-month-old male infant is brought to the physician because of a 2-month history of fatigue and weakness. His mother reports that he has difficulty feeding. He is at the 20th percentile for height and 3rd percentile for weight. Physical examination shows an enlarged tongue. Crackles are heard at both lung bases. The liver is palpated 1 cm below the right costal margin. Neurologic examination shows decreased muscle tone in the extremities. Serum glucose is 105 mg/dL. An x-ray of the chest shows cardiomegaly.
CONVERSATION LOG:
None
QUESTION: The patient most likely has a deficiency of which of the following enzymes?
OPTIONS: A: Acid maltase, B: Iduronate sulfatase, C: Glucose-6-phosphatase, D: Alpha-galactosidase
YOUR TASK: Assume that you already have enough information from the above question-answer pairs to answer the patient inquiry, use the above information to produce a factual conclusion. Respond with the correct letter choice (A, B, C, or D) and NOTHING ELSE.
LETTER CHOICE: 
[2026-04-10 16:35:41,690] [INFO] [<CHOICE LM RES>]: A
[2026-04-10 16:35:41,690] [INFO] [<CHOICE PARSED>]: A
[2026-04-10 16:35:41,690] [INFO] [FIXED ABSTAIN RETURN]: abstain: False, confidence: 0, letter_choice: A, usage: {'input_tokens': 358, 'output_tokens': 2}

[2026-04-10 16:35:41,690] [INFO] [Expert System]: {'type': 'choice', 'letter_choice': 'A', 'confidence': 0, 'usage': {'input_tokens': 358, 'output_tokens': 2}}
[2026-04-10 16:35:41,690] [INFO] |||||||||||||||||||| Interaction ended for patient #80 ||||||||||||||||||||



[2026-04-10 16:35:41,690] [INFO] |||||||||||||||||||| PATIENT #81 ||||||||||||||||||||
[2026-04-10 16:35:41,690] [INFO] ==================== Max Interaction Length (0 turns) Reached --> Force Final Answer ====================
[2026-04-10 16:35:41,690] [INFO] ++++++++++++++++++++ Start of Fixed Abstention [expert_functions.py:fixed_abstention_decision()] ++++++++++++++++++++
[2026-04-10 16:35:41,690] [INFO] [ABSTENTION RESPONSE]: False

[2026-04-10 16:35:41,690] [INFO] ++++++++++++++++++++ Start of Multiple Chocie Decision [expert_basics.py:expert_response_choice()] ++++++++++++++++++++
[2026-04-10 16:35:41,690] [INFO] [<CHOICE PROMPT>] [len(messages)=2] (messages[-1]):
A patient comes into the clinic presenting with a symptom as described in the conversation log below:
    
PATIENT INFORMATION: A 43-year-old man presents to a medical office for follow-up of hypertension. He was recently diagnosed and has been managing his condition with diet modification and moderate-intensity exercise. Today, he brings a list of his recent at-home morning blood pressure readings. The systolic blood pressure readings over the last 5 days are as follows: | Day 1: 130 mm Hg | Day 2: 132 mm Hg | Day 3: 128 mm Hg | Day 4: 132 mm Hg | Day 5: 128 mm Hg | .
CONVERSATION LOG:
None
QUESTION: What is the standard deviation for the systolic blood pressure readings?
OPTIONS: A: 1 mm Hg, B: 1.5 mm Hg, C: 2 mm Hg, D: 2.5 mm Hg
YOUR TASK: Assume that you already have enough information from the above question-answer pairs to answer the patient inquiry, use the above information to produce a factual conclusion. Respond with the correct letter choice (A, B, C, or D) and NOTHING ELSE.
LETTER CHOICE: 
[2026-04-10 16:35:46,031] [INFO] [<CHOICE LM RES>]: C
[2026-04-10 16:35:46,031] [INFO] [<CHOICE PARSED>]: C
[2026-04-10 16:35:46,031] [INFO] [FIXED ABSTAIN RETURN]: abstain: False, confidence: 0, letter_choice: C, usage: {'input_tokens': 362, 'output_tokens': 2}

[2026-04-10 16:35:46,031] [INFO] [Expert System]: {'type': 'choice', 'letter_choice': 'C', 'confidence': 0, 'usage': {'input_tokens': 362, 'output_tokens': 2}}
[2026-04-10 16:35:46,031] [INFO] |||||||||||||||||||| Interaction ended for patient #81 ||||||||||||||||||||



[2026-04-10 16:35:46,031] [INFO] |||||||||||||||||||| PATIENT #82 ||||||||||||||||||||
[2026-04-10 16:35:46,031] [INFO] ==================== Max Interaction Length (0 turns) Reached --> Force Final Answer ====================
[2026-04-10 16:35:46,031] [INFO] ++++++++++++++++++++ Start of Fixed Abstention [expert_functions.py:fixed_abstention_decision()] ++++++++++++++++++++
[2026-04-10 16:35:46,031] [INFO] [ABSTENTION RESPONSE]: False

[2026-04-10 16:35:46,031] [INFO] ++++++++++++++++++++ Start of Multiple Chocie Decision [expert_basics.py:expert_response_choice()] ++++++++++++++++++++
[2026-04-10 16:35:46,031] [INFO] [<CHOICE PROMPT>] [len(messages)=2] (messages[-1]):
A patient comes into the clinic presenting with a symptom as described in the conversation log below:
    
PATIENT INFORMATION: An 11-year-old boy is brought to the physician by his mother because of worsening fatigue. His mother reports that he seems to have trouble keeping up with his older brothers when playing outside. Physical examination shows conjunctival pallor. A hemoglobin electrophoresis is performed. This patient's results are shown in comparison to those of a patient with known sickle cell anemia and a child with normal hemoglobin.
CONVERSATION LOG:
None
QUESTION: Based on this electrophoresis, which of the following types of hemoglobin are dominant in this patient's blood?
OPTIONS: A: HbA and HbC, B: HbS only, C: HbA only, D: HbS and HbC
YOUR TASK: Assume that you already have enough information from the above question-answer pairs to answer the patient inquiry, use the above information to produce a factual conclusion. Respond with the correct letter choice (A, B, C, or D) and NOTHING ELSE.
LETTER CHOICE: 
[2026-04-10 16:35:50,259] [INFO] [<CHOICE LM RES>]: D
[2026-04-10 16:35:50,259] [INFO] [<CHOICE PARSED>]: D
[2026-04-10 16:35:50,259] [INFO] [FIXED ABSTAIN RETURN]: abstain: False, confidence: 0, letter_choice: D, usage: {'input_tokens': 336, 'output_tokens': 2}

[2026-04-10 16:35:50,259] [INFO] [Expert System]: {'type': 'choice', 'letter_choice': 'D', 'confidence': 0, 'usage': {'input_tokens': 336, 'output_tokens': 2}}
[2026-04-10 16:35:50,259] [INFO] |||||||||||||||||||| Interaction ended for patient #82 ||||||||||||||||||||



[2026-04-10 16:35:50,260] [INFO] |||||||||||||||||||| PATIENT #83 ||||||||||||||||||||
[2026-04-10 16:35:50,260] [INFO] ==================== Max Interaction Length (0 turns) Reached --> Force Final Answer ====================
[2026-04-10 16:35:50,260] [INFO] ++++++++++++++++++++ Start of Fixed Abstention [expert_functions.py:fixed_abstention_decision()] ++++++++++++++++++++
[2026-04-10 16:35:50,260] [INFO] [ABSTENTION RESPONSE]: False

[2026-04-10 16:35:50,260] [INFO] ++++++++++++++++++++ Start of Multiple Chocie Decision [expert_basics.py:expert_response_choice()] ++++++++++++++++++++
[2026-04-10 16:35:50,260] [INFO] [<CHOICE PROMPT>] [len(messages)=2] (messages[-1]):
A patient comes into the clinic presenting with a symptom as described in the conversation log below:
    
PATIENT INFORMATION: A 55-year-old African American man presents to the emergency department with central chest pressure. His symptoms started 1 day before. The pain was initially intermittent in nature but has become constant and radiates to his jaw and left shoulder. He also complains of some difficulty breathing. The patient was diagnosed with essential hypertension 1 year ago, but he is not taking any medications for it. The patient denies smoking, alcohol, or drug use. Family history is unremarkable. His blood pressure is 230/130 mm Hg in both arms, the temperature is 36.9°C (98.4°F), and the pulse is 90/min. ECG shows diffuse T wave inversion and ST depression in lateral leads. Laboratory testing is significant for elevated troponin.
CONVERSATION LOG:
None
QUESTION: Which of the following is the most likely diagnosis?
OPTIONS: A: Hypertensive urgency, B: Hypertensive emergency, C: Aortic aneurysm, D: Malignant hypertension
YOUR TASK: Assume that you already have enough information from the above question-answer pairs to answer the patient inquiry, use the above information to produce a factual conclusion. Respond with the correct letter choice (A, B, C, or D) and NOTHING ELSE.
LETTER CHOICE: 
[2026-04-10 16:35:54,198] [INFO] [<CHOICE LM RES>]: B
[2026-04-10 16:35:54,198] [INFO] [<CHOICE PARSED>]: B
[2026-04-10 16:35:54,198] [INFO] [FIXED ABSTAIN RETURN]: abstain: False, confidence: 0, letter_choice: B, usage: {'input_tokens': 389, 'output_tokens': 2}

[2026-04-10 16:35:54,198] [INFO] [Expert System]: {'type': 'choice', 'letter_choice': 'B', 'confidence': 0, 'usage': {'input_tokens': 389, 'output_tokens': 2}}
[2026-04-10 16:35:54,198] [INFO] |||||||||||||||||||| Interaction ended for patient #83 ||||||||||||||||||||



[2026-04-10 16:35:54,198] [INFO] |||||||||||||||||||| PATIENT #84 ||||||||||||||||||||
[2026-04-10 16:35:54,198] [INFO] ==================== Max Interaction Length (0 turns) Reached --> Force Final Answer ====================
[2026-04-10 16:35:54,198] [INFO] ++++++++++++++++++++ Start of Fixed Abstention [expert_functions.py:fixed_abstention_decision()] ++++++++++++++++++++
[2026-04-10 16:35:54,198] [INFO] [ABSTENTION RESPONSE]: False

[2026-04-10 16:35:54,198] [INFO] ++++++++++++++++++++ Start of Multiple Chocie Decision [expert_basics.py:expert_response_choice()] ++++++++++++++++++++
[2026-04-10 16:35:54,198] [INFO] [<CHOICE PROMPT>] [len(messages)=2] (messages[-1]):
A patient comes into the clinic presenting with a symptom as described in the conversation log below:
    
PATIENT INFORMATION: A 38-year-old woman comes to the physician for the evaluation of progressive weakness and numbness for 3 months. The symptoms started in her lower legs and gradually moved to her upper legs and arms. During the last 5 days, she has also had bilateral facial weakness with headaches. She has hepatitis B and Graves' disease. She is sexually active with one male partner and they use condoms inconsistently. Her current medications include methimazole and a multivitamin. Vital signs are within normal limits. She is alert and fully oriented. She has bilateral upper and lower facial paralysis. There is generalized weakness of the muscles. Sensation to light touch is decreased throughout and is absent in her fingertips and toes. Deep tendon reflexes are 1+ bilaterally.
CONVERSATION LOG:
None
QUESTION: Further evaluation of this patient is most likely to show which of the following findings?
OPTIONS: A: Positive GM1 ganglioside autoantibodies, B: Positive Lyme ELISA test, C: Low vitamin B12 level, D: Elevated TSH and decreased FT4 levels
YOUR TASK: Assume that you already have enough information from the above question-answer pairs to answer the patient inquiry, use the above information to produce a factual conclusion. Respond with the correct letter choice (A, B, C, or D) and NOTHING ELSE.
LETTER CHOICE: 
[2026-04-10 16:35:58,283] [INFO] [<CHOICE LM RES>]: C
[2026-04-10 16:35:58,283] [INFO] [<CHOICE PARSED>]: C
[2026-04-10 16:35:58,283] [INFO] [FIXED ABSTAIN RETURN]: abstain: False, confidence: 0, letter_choice: C, usage: {'input_tokens': 405, 'output_tokens': 2}

[2026-04-10 16:35:58,283] [INFO] [Expert System]: {'type': 'choice', 'letter_choice': 'C', 'confidence': 0, 'usage': {'input_tokens': 405, 'output_tokens': 2}}
[2026-04-10 16:35:58,283] [INFO] |||||||||||||||||||| Interaction ended for patient #84 ||||||||||||||||||||



[2026-04-10 16:35:58,284] [INFO] |||||||||||||||||||| PATIENT #85 ||||||||||||||||||||
[2026-04-10 16:35:58,284] [INFO] ==================== Max Interaction Length (0 turns) Reached --> Force Final Answer ====================
[2026-04-10 16:35:58,284] [INFO] ++++++++++++++++++++ Start of Fixed Abstention [expert_functions.py:fixed_abstention_decision()] ++++++++++++++++++++
[2026-04-10 16:35:58,284] [INFO] [ABSTENTION RESPONSE]: False

[2026-04-10 16:35:58,284] [INFO] ++++++++++++++++++++ Start of Multiple Chocie Decision [expert_basics.py:expert_response_choice()] ++++++++++++++++++++
[2026-04-10 16:35:58,284] [INFO] [<CHOICE PROMPT>] [len(messages)=2] (messages[-1]):
A patient comes into the clinic presenting with a symptom as described in the conversation log below:
    
PATIENT INFORMATION: A 32-year-old G2P1 at 32 weeks gestation presents to the emergency department with complaints of severe abdominal pain, fatigue, and nausea. Physical examination is significant for profound jaundice and tenderness to palpation of the right upper quadrant of the abdomen. The patient returned 2 weeks ago from a 1 month-long trip to India. She received sporadic pre-natal care while traveling and reports no known complications in her current pregnancy to date. She denies any past medical problems and states that her prior pregnancy proceeded as a normal vaginal birth without any complications.
CONVERSATION LOG:
None
QUESTION: Infection with which of the following organisms would portend the worst prognosis with the highest mortality rate for this patient?
OPTIONS: A: Hepatitis A, B: Hepatitis B, C: Hepatitis D, D: Hepatitis E
YOUR TASK: Assume that you already have enough information from the above question-answer pairs to answer the patient inquiry, use the above information to produce a factual conclusion. Respond with the correct letter choice (A, B, C, or D) and NOTHING ELSE.
LETTER CHOICE: 
[2026-04-10 16:36:02,534] [INFO] [<CHOICE LM RES>]: D
[2026-04-10 16:36:02,534] [INFO] [<CHOICE PARSED>]: D
[2026-04-10 16:36:02,534] [INFO] [FIXED ABSTAIN RETURN]: abstain: False, confidence: 0, letter_choice: D, usage: {'input_tokens': 357, 'output_tokens': 2}

[2026-04-10 16:36:02,534] [INFO] [Expert System]: {'type': 'choice', 'letter_choice': 'D', 'confidence': 0, 'usage': {'input_tokens': 357, 'output_tokens': 2}}
[2026-04-10 16:36:02,535] [INFO] |||||||||||||||||||| Interaction ended for patient #85 ||||||||||||||||||||



[2026-04-10 16:36:02,535] [INFO] |||||||||||||||||||| PATIENT #86 ||||||||||||||||||||
[2026-04-10 16:36:02,535] [INFO] ==================== Max Interaction Length (0 turns) Reached --> Force Final Answer ====================
[2026-04-10 16:36:02,535] [INFO] ++++++++++++++++++++ Start of Fixed Abstention [expert_functions.py:fixed_abstention_decision()] ++++++++++++++++++++
[2026-04-10 16:36:02,535] [INFO] [ABSTENTION RESPONSE]: False

[2026-04-10 16:36:02,535] [INFO] ++++++++++++++++++++ Start of Multiple Chocie Decision [expert_basics.py:expert_response_choice()] ++++++++++++++++++++
[2026-04-10 16:36:02,535] [INFO] [<CHOICE PROMPT>] [len(messages)=2] (messages[-1]):
A patient comes into the clinic presenting with a symptom as described in the conversation log below:
    
PATIENT INFORMATION: A 42-year-old woman comes to the physician because of an episode of coughing with bloody sputum. Over the past 5 months, she has had a persistent nonproductive cough, excessive fatigue, and a 5.6-kg (12.3-lb) weight loss. She does not smoke. Physical examination shows no abnormalities. An x-ray of the chest shows a 2.0-cm nodule with irregular borders at the upper lobe of the left lung. A CT-guided biopsy of the lung nodule is performed.
CONVERSATION LOG:
None
QUESTION: Pathologic examination of the biopsy specimen is most likely to show which of the following?
OPTIONS: A: Small cell lung carcinoma, B: Large cell lung carcinoma, C: Bronchial carcinoid tumor, D: Adenocarcinoma
YOUR TASK: Assume that you already have enough information from the above question-answer pairs to answer the patient inquiry, use the above information to produce a factual conclusion. Respond with the correct letter choice (A, B, C, or D) and NOTHING ELSE.
LETTER CHOICE: 
[2026-04-10 16:36:07,026] [INFO] [<CHOICE LM RES>]: D
[2026-04-10 16:36:07,027] [INFO] [<CHOICE PARSED>]: D
[2026-04-10 16:36:07,027] [INFO] [FIXED ABSTAIN RETURN]: abstain: False, confidence: 0, letter_choice: D, usage: {'input_tokens': 355, 'output_tokens': 2}

[2026-04-10 16:36:07,027] [INFO] [Expert System]: {'type': 'choice', 'letter_choice': 'D', 'confidence': 0, 'usage': {'input_tokens': 355, 'output_tokens': 2}}
[2026-04-10 16:36:07,027] [INFO] |||||||||||||||||||| Interaction ended for patient #86 ||||||||||||||||||||



[2026-04-10 16:36:07,027] [INFO] |||||||||||||||||||| PATIENT #87 ||||||||||||||||||||
[2026-04-10 16:36:07,027] [INFO] ==================== Max Interaction Length (0 turns) Reached --> Force Final Answer ====================
[2026-04-10 16:36:07,027] [INFO] ++++++++++++++++++++ Start of Fixed Abstention [expert_functions.py:fixed_abstention_decision()] ++++++++++++++++++++
[2026-04-10 16:36:07,027] [INFO] [ABSTENTION RESPONSE]: False

[2026-04-10 16:36:07,027] [INFO] ++++++++++++++++++++ Start of Multiple Chocie Decision [expert_basics.py:expert_response_choice()] ++++++++++++++++++++
[2026-04-10 16:36:07,027] [INFO] [<CHOICE PROMPT>] [len(messages)=2] (messages[-1]):
A patient comes into the clinic presenting with a symptom as described in the conversation log below:
    
PATIENT INFORMATION: A group of researchers is conducting a prospective study to examine if dietary fiber intake is protective against coronary heart disease. Specifically, they are looking at the frequency of coronary heart incidents in a group of middle-aged men taking various daily amounts of water-insoluble fiber. The Pearson correlation coefficient that was obtained regarding the relationship between the amount of daily water-insoluble fiber intake and the frequency of coronary heart incidents in their study was 0.11 with a p-value of 0.006.
CONVERSATION LOG:
None
QUESTION: Which of the following statements is correct regarding this study result?
OPTIONS: A: There is a significant correlation between the daily fiber intake and the frequency of coronary heart incidents because the correlation coefficient is significant., B: There is a significant correlation between fiber intake and the frequency of coronary heart incidents because the correlation coefficient is not significant., C: There is a significant correlation between fiber intake and the frequency of coronary heart incidents because the value of the correlation coefficient shows a very good and robust correlation., D: There is no correlation between fiber intake and the frequency of coronary heart incidents because the correlation coefficient is significant.
YOUR TASK: Assume that you already have enough information from the above question-answer pairs to answer the patient inquiry, use the above information to produce a factual conclusion. Respond with the correct letter choice (A, B, C, or D) and NOTHING ELSE.
LETTER CHOICE: 
[2026-04-10 16:36:11,118] [INFO] [<CHOICE LM RES>]: A
[2026-04-10 16:36:11,118] [INFO] [<CHOICE PARSED>]: A
[2026-04-10 16:36:11,118] [INFO] [FIXED ABSTAIN RETURN]: abstain: False, confidence: 0, letter_choice: A, usage: {'input_tokens': 409, 'output_tokens': 2}

[2026-04-10 16:36:11,118] [INFO] [Expert System]: {'type': 'choice', 'letter_choice': 'A', 'confidence': 0, 'usage': {'input_tokens': 409, 'output_tokens': 2}}
[2026-04-10 16:36:11,118] [INFO] |||||||||||||||||||| Interaction ended for patient #87 ||||||||||||||||||||



[2026-04-10 16:36:11,118] [INFO] |||||||||||||||||||| PATIENT #88 ||||||||||||||||||||
[2026-04-10 16:36:11,118] [INFO] ==================== Max Interaction Length (0 turns) Reached --> Force Final Answer ====================
[2026-04-10 16:36:11,118] [INFO] ++++++++++++++++++++ Start of Fixed Abstention [expert_functions.py:fixed_abstention_decision()] ++++++++++++++++++++
[2026-04-10 16:36:11,118] [INFO] [ABSTENTION RESPONSE]: False

[2026-04-10 16:36:11,118] [INFO] ++++++++++++++++++++ Start of Multiple Chocie Decision [expert_basics.py:expert_response_choice()] ++++++++++++++++++++
[2026-04-10 16:36:11,118] [INFO] [<CHOICE PROMPT>] [len(messages)=2] (messages[-1]):
A patient comes into the clinic presenting with a symptom as described in the conversation log below:
    
PATIENT INFORMATION: A 24-year-old man comes to the physician because of a painful swelling above his buttocks for 1 week. He is unable to sit for extended periods because of the pain. He has obstructive sleep apnea and type 2 diabetes mellitus. His only medication is metformin. He appears anxious. He is 175 cm (5 ft 9 in) tall and weighs 114 kg (251 lb); BMI is 37 kg/m2. His temperature is 38.1°C (100.6°F), pulse is 96/min and blood pressure is 124/86 mm Hg. Examination shows facial acne. A cyst is seen above the natal cleft. There is tenderness to palpation at the cyst and surrounding tissue. The skin around the cyst is warm and erythematous.
CONVERSATION LOG:
None
QUESTION: Which of the following is the most appropriate next step in management?
OPTIONS: A: Coccygectomy, B: Incision and drainage, C: Retinoid therapy, D: Surgical resection and primary wound closure
YOUR TASK: Assume that you already have enough information from the above question-answer pairs to answer the patient inquiry, use the above information to produce a factual conclusion. Respond with the correct letter choice (A, B, C, or D) and NOTHING ELSE.
LETTER CHOICE: 
[2026-04-10 16:36:15,255] [INFO] [<CHOICE LM RES>]: B
[2026-04-10 16:36:15,255] [INFO] [<CHOICE PARSED>]: B
[2026-04-10 16:36:15,255] [INFO] [FIXED ABSTAIN RETURN]: abstain: False, confidence: 0, letter_choice: B, usage: {'input_tokens': 405, 'output_tokens': 2}

[2026-04-10 16:36:15,255] [INFO] [Expert System]: {'type': 'choice', 'letter_choice': 'B', 'confidence': 0, 'usage': {'input_tokens': 405, 'output_tokens': 2}}
[2026-04-10 16:36:15,255] [INFO] |||||||||||||||||||| Interaction ended for patient #88 ||||||||||||||||||||



[2026-04-10 16:36:15,255] [INFO] |||||||||||||||||||| PATIENT #89 ||||||||||||||||||||
[2026-04-10 16:36:15,255] [INFO] ==================== Max Interaction Length (0 turns) Reached --> Force Final Answer ====================
[2026-04-10 16:36:15,255] [INFO] ++++++++++++++++++++ Start of Fixed Abstention [expert_functions.py:fixed_abstention_decision()] ++++++++++++++++++++
[2026-04-10 16:36:15,255] [INFO] [ABSTENTION RESPONSE]: False

[2026-04-10 16:36:15,255] [INFO] ++++++++++++++++++++ Start of Multiple Chocie Decision [expert_basics.py:expert_response_choice()] ++++++++++++++++++++
[2026-04-10 16:36:15,255] [INFO] [<CHOICE PROMPT>] [len(messages)=2] (messages[-1]):
A patient comes into the clinic presenting with a symptom as described in the conversation log below:
    
PATIENT INFORMATION: A 17-year-old girl comes to the physician because of a 3-year history of acne on her face and chest. She has no itching or scaling. She is concerned about the possibility of facial scarring and has never sought treatment. She has no history of serious illness. She takes no medications. She is 160 cm (5 ft 3 in) tall and weighs 58 kg (130 lb); BMI is 23 kg/m2. Her vital signs are within normal limits. Examination shows several open comedones on the face and chest.
CONVERSATION LOG:
None
QUESTION: Which of the following is the most appropriate initial treatment?
OPTIONS: A: Oral antibiotics, B: Topical benzoyl peroxide, C: Topical antibiotic, D: Oral isotretinoin
YOUR TASK: Assume that you already have enough information from the above question-answer pairs to answer the patient inquiry, use the above information to produce a factual conclusion. Respond with the correct letter choice (A, B, C, or D) and NOTHING ELSE.
LETTER CHOICE: 
[2026-04-10 16:36:19,427] [INFO] [<CHOICE LM RES>]: B
[2026-04-10 16:36:19,427] [INFO] [<CHOICE PARSED>]: B
[2026-04-10 16:36:19,427] [INFO] [FIXED ABSTAIN RETURN]: abstain: False, confidence: 0, letter_choice: B, usage: {'input_tokens': 344, 'output_tokens': 2}

[2026-04-10 16:36:19,427] [INFO] [Expert System]: {'type': 'choice', 'letter_choice': 'B', 'confidence': 0, 'usage': {'input_tokens': 344, 'output_tokens': 2}}
[2026-04-10 16:36:19,427] [INFO] |||||||||||||||||||| Interaction ended for patient #89 ||||||||||||||||||||



[2026-04-10 16:36:19,427] [INFO] |||||||||||||||||||| PATIENT #90 ||||||||||||||||||||
[2026-04-10 16:36:19,427] [INFO] ==================== Max Interaction Length (0 turns) Reached --> Force Final Answer ====================
[2026-04-10 16:36:19,427] [INFO] ++++++++++++++++++++ Start of Fixed Abstention [expert_functions.py:fixed_abstention_decision()] ++++++++++++++++++++
[2026-04-10 16:36:19,427] [INFO] [ABSTENTION RESPONSE]: False

[2026-04-10 16:36:19,427] [INFO] ++++++++++++++++++++ Start of Multiple Chocie Decision [expert_basics.py:expert_response_choice()] ++++++++++++++++++++
[2026-04-10 16:36:19,427] [INFO] [<CHOICE PROMPT>] [len(messages)=2] (messages[-1]):
A patient comes into the clinic presenting with a symptom as described in the conversation log below:
    
PATIENT INFORMATION: A 12-year-old boy is brought to the emergency department by his mother because he has been having difficulty breathing. He started having symptoms about 3 days ago when he started experiencing persistent coughing, runny nose, and a low grade fever. Since then he has been experiencing dyspnea that grew worse until he felt that he could no longer breathe. His mom says that this has happened many times before. On presentation, physical exam reveals an anxious, thin boy who is using his accessory muscles to breathe. Prolonged expiratory wheezes are heard on auscultation of his lungs bilaterally. During stabilization, he is prescribed a drug for treatment of his condition. The patient's mother recognizes the drug since her father, a 40-pack-year smoker, also takes the medication and she is told that the drug is able to beneficially inhibit a receptor on smooth muscle in both cases.
CONVERSATION LOG:
None
QUESTION: Which of the following drugs most likely has a similar mechanism of action as the drug prescribed to this patient?
OPTIONS: A: Cortisol, B: Glycopyrrolate, C: Theophylline, D: Zileuton
YOUR TASK: Assume that you already have enough information from the above question-answer pairs to answer the patient inquiry, use the above information to produce a factual conclusion. Respond with the correct letter choice (A, B, C, or D) and NOTHING ELSE.
LETTER CHOICE: 
[2026-04-10 16:36:23,721] [INFO] [<CHOICE LM RES>]: C
[2026-04-10 16:36:23,721] [INFO] [<CHOICE PARSED>]: C
[2026-04-10 16:36:23,721] [INFO] [FIXED ABSTAIN RETURN]: abstain: False, confidence: 0, letter_choice: C, usage: {'input_tokens': 425, 'output_tokens': 2}

[2026-04-10 16:36:23,721] [INFO] [Expert System]: {'type': 'choice', 'letter_choice': 'C', 'confidence': 0, 'usage': {'input_tokens': 425, 'output_tokens': 2}}
[2026-04-10 16:36:23,721] [INFO] |||||||||||||||||||| Interaction ended for patient #90 ||||||||||||||||||||



[2026-04-10 16:36:23,721] [INFO] |||||||||||||||||||| PATIENT #91 ||||||||||||||||||||
[2026-04-10 16:36:23,721] [INFO] ==================== Max Interaction Length (0 turns) Reached --> Force Final Answer ====================
[2026-04-10 16:36:23,721] [INFO] ++++++++++++++++++++ Start of Fixed Abstention [expert_functions.py:fixed_abstention_decision()] ++++++++++++++++++++
[2026-04-10 16:36:23,721] [INFO] [ABSTENTION RESPONSE]: False

[2026-04-10 16:36:23,721] [INFO] ++++++++++++++++++++ Start of Multiple Chocie Decision [expert_basics.py:expert_response_choice()] ++++++++++++++++++++
[2026-04-10 16:36:23,721] [INFO] [<CHOICE PROMPT>] [len(messages)=2] (messages[-1]):
A patient comes into the clinic presenting with a symptom as described in the conversation log below:
    
PATIENT INFORMATION: A 35-year-old taxi driver presents to his physician with complaints of itchy, watery eyes and excessive sneezing that have become more severe with the change of the seasons. He has previously taken an over-the-counter medication in the past with moderate relief of his symptoms, but it made him very drowsy. He asks to switch to a medication that will not cause drowsiness that may impair his driving.
CONVERSATION LOG:
None
QUESTION: Which of the following medications would you prescribe for this patient?
OPTIONS: A: Cetirizine, B: Chlorpheniramine, C: Diphenhydramine, D: Hydroxyzine
YOUR TASK: Assume that you already have enough information from the above question-answer pairs to answer the patient inquiry, use the above information to produce a factual conclusion. Respond with the correct letter choice (A, B, C, or D) and NOTHING ELSE.
LETTER CHOICE: 
[2026-04-10 16:36:27,807] [INFO] [<CHOICE LM RES>]: A
[2026-04-10 16:36:27,807] [INFO] [<CHOICE PARSED>]: A
[2026-04-10 16:36:27,807] [INFO] [FIXED ABSTAIN RETURN]: abstain: False, confidence: 0, letter_choice: A, usage: {'input_tokens': 320, 'output_tokens': 2}

[2026-04-10 16:36:27,808] [INFO] [Expert System]: {'type': 'choice', 'letter_choice': 'A', 'confidence': 0, 'usage': {'input_tokens': 320, 'output_tokens': 2}}
[2026-04-10 16:36:27,808] [INFO] |||||||||||||||||||| Interaction ended for patient #91 ||||||||||||||||||||



[2026-04-10 16:36:27,808] [INFO] |||||||||||||||||||| PATIENT #92 ||||||||||||||||||||
[2026-04-10 16:36:27,808] [INFO] ==================== Max Interaction Length (0 turns) Reached --> Force Final Answer ====================
[2026-04-10 16:36:27,808] [INFO] ++++++++++++++++++++ Start of Fixed Abstention [expert_functions.py:fixed_abstention_decision()] ++++++++++++++++++++
[2026-04-10 16:36:27,808] [INFO] [ABSTENTION RESPONSE]: False

[2026-04-10 16:36:27,808] [INFO] ++++++++++++++++++++ Start of Multiple Chocie Decision [expert_basics.py:expert_response_choice()] ++++++++++++++++++++
[2026-04-10 16:36:27,808] [INFO] [<CHOICE PROMPT>] [len(messages)=2] (messages[-1]):
A patient comes into the clinic presenting with a symptom as described in the conversation log below:
    
PATIENT INFORMATION: A 19-year-old female college student comes to the physician for a sudden loss of visual acuity of her right eye. She noticed that she was unable to read the time on the alarm clock when she woke up in the morning. When she closes her right eye, she is able to see sharply. When she closes her left eye, she has blurry double vision. She does not recall trauma to her eye but has been working long nights on her honors thesis. She has a history of occasional shoulder luxation. She is 180 cm (5 ft 11 in) tall, and weighs 62 kg (136 lbs); her BMI is 19.1 kg/m2. Her vital signs are within normal limits. On physical examination, slender and long fingers are noted. She has several flat, demarcated brownish nevi on her left cheek. Ocular examination shows upward temporal subluxation of her right lens.
CONVERSATION LOG:
None
QUESTION: Which of the following is the most likely diagnosis in this patient?
OPTIONS: A: Joint hypermobility syndrome, B: Sturge-Weber syndrome, C: Ehlers-Danlos syndrome, D: Marfan syndrome
YOUR TASK: Assume that you already have enough information from the above question-answer pairs to answer the patient inquiry, use the above information to produce a factual conclusion. Respond with the correct letter choice (A, B, C, or D) and NOTHING ELSE.
LETTER CHOICE: 
[2026-04-10 16:36:31,960] [INFO] [<CHOICE LM RES>]: D
[2026-04-10 16:36:31,960] [INFO] [<CHOICE PARSED>]: D
[2026-04-10 16:36:31,960] [INFO] [FIXED ABSTAIN RETURN]: abstain: False, confidence: 0, letter_choice: D, usage: {'input_tokens': 425, 'output_tokens': 2}

[2026-04-10 16:36:31,960] [INFO] [Expert System]: {'type': 'choice', 'letter_choice': 'D', 'confidence': 0, 'usage': {'input_tokens': 425, 'output_tokens': 2}}
[2026-04-10 16:36:31,960] [INFO] |||||||||||||||||||| Interaction ended for patient #92 ||||||||||||||||||||



[2026-04-10 16:36:31,960] [INFO] |||||||||||||||||||| PATIENT #93 ||||||||||||||||||||
[2026-04-10 16:36:31,960] [INFO] ==================== Max Interaction Length (0 turns) Reached --> Force Final Answer ====================
[2026-04-10 16:36:31,960] [INFO] ++++++++++++++++++++ Start of Fixed Abstention [expert_functions.py:fixed_abstention_decision()] ++++++++++++++++++++
[2026-04-10 16:36:31,960] [INFO] [ABSTENTION RESPONSE]: False

[2026-04-10 16:36:31,960] [INFO] ++++++++++++++++++++ Start of Multiple Chocie Decision [expert_basics.py:expert_response_choice()] ++++++++++++++++++++
[2026-04-10 16:36:31,960] [INFO] [<CHOICE PROMPT>] [len(messages)=2] (messages[-1]):
A patient comes into the clinic presenting with a symptom as described in the conversation log below:
    
PATIENT INFORMATION: A 62-year-old man presents to his primary care provider complaining of abdominal pain. He reports a 6-month history of gradually progressive epigastric pain and 10 pounds of unexpected weight loss. He has also noticed that his skin feels itchier than usual. His past medical history is notable for gout, hypertension, and diabetes mellitus. He takes allopurinol, enalapril, and glyburide. He has a 10-pack-year smoking history and a distant history of cocaine abuse. His temperature is 100.1°F (37.8°C), blood pressure is 135/85 mmHg, pulse is 100/min, and respirations are 20/min. On exam, he has notable hepatomegaly and a palpable gallbladder. A right upper quadrant ultrasound reveals an irregular extrahepatic mass originating from the gallbladder wall.
CONVERSATION LOG:
None
QUESTION: Which of the following serum markers is most likely elevated in this patient?
OPTIONS: A: Bombesin, B: CA-125, C: CA 19-9, D: S-100
YOUR TASK: Assume that you already have enough information from the above question-answer pairs to answer the patient inquiry, use the above information to produce a factual conclusion. Respond with the correct letter choice (A, B, C, or D) and NOTHING ELSE.
LETTER CHOICE: 
[2026-04-10 16:36:36,042] [INFO] [<CHOICE LM RES>]: C
[2026-04-10 16:36:36,042] [INFO] [<CHOICE PARSED>]: C
[2026-04-10 16:36:36,042] [INFO] [FIXED ABSTAIN RETURN]: abstain: False, confidence: 0, letter_choice: C, usage: {'input_tokens': 416, 'output_tokens': 2}

[2026-04-10 16:36:36,042] [INFO] [Expert System]: {'type': 'choice', 'letter_choice': 'C', 'confidence': 0, 'usage': {'input_tokens': 416, 'output_tokens': 2}}
[2026-04-10 16:36:36,042] [INFO] |||||||||||||||||||| Interaction ended for patient #93 ||||||||||||||||||||



[2026-04-10 16:36:36,042] [INFO] |||||||||||||||||||| PATIENT #94 ||||||||||||||||||||
[2026-04-10 16:36:36,042] [INFO] ==================== Max Interaction Length (0 turns) Reached --> Force Final Answer ====================
[2026-04-10 16:36:36,042] [INFO] ++++++++++++++++++++ Start of Fixed Abstention [expert_functions.py:fixed_abstention_decision()] ++++++++++++++++++++
[2026-04-10 16:36:36,042] [INFO] [ABSTENTION RESPONSE]: False

[2026-04-10 16:36:36,042] [INFO] ++++++++++++++++++++ Start of Multiple Chocie Decision [expert_basics.py:expert_response_choice()] ++++++++++++++++++++
[2026-04-10 16:36:36,042] [INFO] [<CHOICE PROMPT>] [len(messages)=2] (messages[-1]):
A patient comes into the clinic presenting with a symptom as described in the conversation log below:
    
PATIENT INFORMATION: A 4-year-old girl from a recently immigrated family presents to the emergency department with episodes of severe coughing lasting up to several minutes followed by vomiting. She had a low grade fever and runny nose over the last 2 weeks but these coughing episodes just began one day prior to presentation. A complete blood count shows a lymphocytic infiltrate and Gram stain reveals a gram-negative coccobacillus. The emergency department physician explains that this organism causes disease by toxin-mediated inactivation of an inhibitory signaling molecule.
CONVERSATION LOG:
None
QUESTION: Which of the following could be used to culture the most likely cause of this disorder?
OPTIONS: A: Charcoal yeast with iron and cysteine, B: Eaton agar, C: Loffler medium, D: Regan-Lowe medium
YOUR TASK: Assume that you already have enough information from the above question-answer pairs to answer the patient inquiry, use the above information to produce a factual conclusion. Respond with the correct letter choice (A, B, C, or D) and NOTHING ELSE.
LETTER CHOICE: 
[2026-04-10 16:36:40,160] [INFO] [<CHOICE LM RES>]: D
[2026-04-10 16:36:40,161] [INFO] [<CHOICE PARSED>]: D
[2026-04-10 16:36:40,161] [INFO] [FIXED ABSTAIN RETURN]: abstain: False, confidence: 0, letter_choice: D, usage: {'input_tokens': 349, 'output_tokens': 2}

[2026-04-10 16:36:40,161] [INFO] [Expert System]: {'type': 'choice', 'letter_choice': 'D', 'confidence': 0, 'usage': {'input_tokens': 349, 'output_tokens': 2}}
[2026-04-10 16:36:40,161] [INFO] |||||||||||||||||||| Interaction ended for patient #94 ||||||||||||||||||||



[2026-04-10 16:36:40,161] [INFO] |||||||||||||||||||| PATIENT #95 ||||||||||||||||||||
[2026-04-10 16:36:40,161] [INFO] ==================== Max Interaction Length (0 turns) Reached --> Force Final Answer ====================
[2026-04-10 16:36:40,161] [INFO] ++++++++++++++++++++ Start of Fixed Abstention [expert_functions.py:fixed_abstention_decision()] ++++++++++++++++++++
[2026-04-10 16:36:40,161] [INFO] [ABSTENTION RESPONSE]: False

[2026-04-10 16:36:40,161] [INFO] ++++++++++++++++++++ Start of Multiple Chocie Decision [expert_basics.py:expert_response_choice()] ++++++++++++++++++++
[2026-04-10 16:36:40,161] [INFO] [<CHOICE PROMPT>] [len(messages)=2] (messages[-1]):
A patient comes into the clinic presenting with a symptom as described in the conversation log below:
    
PATIENT INFORMATION: A 28-year-old man presents with episodic abdominal pain and bloody diarrhea for the past week. He says that the abdominal pain is diffusely localized to the periumbilical region and is dull and cramping in character. He also reports episodes of painful, bloody diarrhea up to 7 times per day. A colonoscopy is performed and shows continuous erythema, superficial ulcers, and pseudopolyps in the rectum and sigmoid colon. A biopsy is taken and sent for histological evaluation. One of the slides from the biopsy is shown in the image below.
CONVERSATION LOG:
None
QUESTION: Which of the following histopathologic findings characteristic of this patient’s most likely diagnosis is marked by the yellow circle?
OPTIONS: A: Goblet cell hyperplasia, B: Paneth cells metaplasia, C: Crypt abscess, D: Enterocyte dysplasia
YOUR TASK: Assume that you already have enough information from the above question-answer pairs to answer the patient inquiry, use the above information to produce a factual conclusion. Respond with the correct letter choice (A, B, C, or D) and NOTHING ELSE.
LETTER CHOICE: 
[2026-04-10 16:36:44,414] [INFO] [<CHOICE LM RES>]: C
[2026-04-10 16:36:44,414] [INFO] [<CHOICE PARSED>]: C
[2026-04-10 16:36:44,414] [INFO] [FIXED ABSTAIN RETURN]: abstain: False, confidence: 0, letter_choice: C, usage: {'input_tokens': 368, 'output_tokens': 2}

[2026-04-10 16:36:44,414] [INFO] [Expert System]: {'type': 'choice', 'letter_choice': 'C', 'confidence': 0, 'usage': {'input_tokens': 368, 'output_tokens': 2}}
[2026-04-10 16:36:44,414] [INFO] |||||||||||||||||||| Interaction ended for patient #95 ||||||||||||||||||||



[2026-04-10 16:36:44,415] [INFO] |||||||||||||||||||| PATIENT #96 ||||||||||||||||||||
[2026-04-10 16:36:44,415] [INFO] ==================== Max Interaction Length (0 turns) Reached --> Force Final Answer ====================
[2026-04-10 16:36:44,415] [INFO] ++++++++++++++++++++ Start of Fixed Abstention [expert_functions.py:fixed_abstention_decision()] ++++++++++++++++++++
[2026-04-10 16:36:44,415] [INFO] [ABSTENTION RESPONSE]: False

[2026-04-10 16:36:44,415] [INFO] ++++++++++++++++++++ Start of Multiple Chocie Decision [expert_basics.py:expert_response_choice()] ++++++++++++++++++++
[2026-04-10 16:36:44,415] [INFO] [<CHOICE PROMPT>] [len(messages)=2] (messages[-1]):
A patient comes into the clinic presenting with a symptom as described in the conversation log below:
    
PATIENT INFORMATION: A 14-year-old boy is brought to the emergency department because of a 2-day history of fatigue. He reports that during this time he has had occasional palpitations and shortness of breath. He has sickle cell disease. Current medications include hydroxyurea and folic acid. He appears fatigued. His temperature is 38.3°C (100.9°F), pulse is 120/min, respirations are 24/min, and blood pressure is 112/74 mm Hg. Examination shows pale conjunctivae. Cardiac examination shows a midsystolic ejection murmur. Laboratory studies show: | Hemoglobin 6.4 g/dl | Leukocyte count 6,000/mm3 | Platelet count 168,000/mm3 | Mean corpuscular volume 84 μm3 | Reticulocyte count 0.1% | .
CONVERSATION LOG:
None
QUESTION: Which of the following is the most likely underlying cause of these findings?"
OPTIONS: A: Parvovirus B19, B: Medication-induced hemolysis, C: Defect in erythrocyte membrane proteins, D: Hemolytic crisis
YOUR TASK: Assume that you already have enough information from the above question-answer pairs to answer the patient inquiry, use the above information to produce a factual conclusion. Respond with the correct letter choice (A, B, C, or D) and NOTHING ELSE.
LETTER CHOICE: 
[2026-04-10 16:36:48,668] [INFO] [<CHOICE LM RES>]: D
[2026-04-10 16:36:48,668] [INFO] [<CHOICE PARSED>]: D
[2026-04-10 16:36:48,668] [INFO] [FIXED ABSTAIN RETURN]: abstain: False, confidence: 0, letter_choice: D, usage: {'input_tokens': 428, 'output_tokens': 2}

[2026-04-10 16:36:48,668] [INFO] [Expert System]: {'type': 'choice', 'letter_choice': 'D', 'confidence': 0, 'usage': {'input_tokens': 428, 'output_tokens': 2}}
[2026-04-10 16:36:48,668] [INFO] |||||||||||||||||||| Interaction ended for patient #96 ||||||||||||||||||||



[2026-04-10 16:36:48,669] [INFO] |||||||||||||||||||| PATIENT #97 ||||||||||||||||||||
[2026-04-10 16:36:48,669] [INFO] ==================== Max Interaction Length (0 turns) Reached --> Force Final Answer ====================
[2026-04-10 16:36:48,669] [INFO] ++++++++++++++++++++ Start of Fixed Abstention [expert_functions.py:fixed_abstention_decision()] ++++++++++++++++++++
[2026-04-10 16:36:48,669] [INFO] [ABSTENTION RESPONSE]: False

[2026-04-10 16:36:48,669] [INFO] ++++++++++++++++++++ Start of Multiple Chocie Decision [expert_basics.py:expert_response_choice()] ++++++++++++++++++++
[2026-04-10 16:36:48,669] [INFO] [<CHOICE PROMPT>] [len(messages)=2] (messages[-1]):
A patient comes into the clinic presenting with a symptom as described in the conversation log below:
    
PATIENT INFORMATION: A 44-year-old woman comes to the office because of 4 episodes of loss of consciousness over the past 2 weeks. She recovered immediately and was not confused following the episodes. For the past 6 months, she has also had increased shortness of breath, palpitations, and chest tightness that resolves with rest. She immigrated with her family from India 10 years ago. Pulse is 115/min and irregular and blood pressure is 108/70 mm Hg. Cardiac examination shows an accentuated and split S2. There is an opening snap followed by a low-pitched diastolic murmur in the fifth left intercostal space at the midclavicular line. An ECG shows atrial fibrillation and right axis deviation.
CONVERSATION LOG:
None
QUESTION: Which of the following is the most likely underlying mechanism of these findings?
OPTIONS: A: Increased pulmonary capillary wedge pressure, B: Increased central venous pressure, C: Increased oxygenated blood in the right ventricle, D: Increased mean arterial pressure
YOUR TASK: Assume that you already have enough information from the above question-answer pairs to answer the patient inquiry, use the above information to produce a factual conclusion. Respond with the correct letter choice (A, B, C, or D) and NOTHING ELSE.
LETTER CHOICE: 
[2026-04-10 16:36:52,940] [INFO] [<CHOICE LM RES>]: A
[2026-04-10 16:36:52,940] [INFO] [<CHOICE PARSED>]: A
[2026-04-10 16:36:52,940] [INFO] [FIXED ABSTAIN RETURN]: abstain: False, confidence: 0, letter_choice: A, usage: {'input_tokens': 399, 'output_tokens': 2}

[2026-04-10 16:36:52,940] [INFO] [Expert System]: {'type': 'choice', 'letter_choice': 'A', 'confidence': 0, 'usage': {'input_tokens': 399, 'output_tokens': 2}}
[2026-04-10 16:36:52,940] [INFO] |||||||||||||||||||| Interaction ended for patient #97 ||||||||||||||||||||



[2026-04-10 16:36:52,940] [INFO] |||||||||||||||||||| PATIENT #98 ||||||||||||||||||||
[2026-04-10 16:36:52,940] [INFO] ==================== Max Interaction Length (0 turns) Reached --> Force Final Answer ====================
[2026-04-10 16:36:52,940] [INFO] ++++++++++++++++++++ Start of Fixed Abstention [expert_functions.py:fixed_abstention_decision()] ++++++++++++++++++++
[2026-04-10 16:36:52,940] [INFO] [ABSTENTION RESPONSE]: False

[2026-04-10 16:36:52,940] [INFO] ++++++++++++++++++++ Start of Multiple Chocie Decision [expert_basics.py:expert_response_choice()] ++++++++++++++++++++
[2026-04-10 16:36:52,940] [INFO] [<CHOICE PROMPT>] [len(messages)=2] (messages[-1]):
A patient comes into the clinic presenting with a symptom as described in the conversation log below:
    
PATIENT INFORMATION: A 43-year-old woman is brought to the emergency department because of severe central chest pain, mild shortness of breath, and one episode of coughing up blood since waking up that morning. The pain worsens on inspiration, and she describes it as 8 out of 10 in intensity. Three months ago, she underwent a left modified radical mastectomy for invasive ductal carcinoma. Her temperature is 37.8°C (100°F), pulse is 103/min, respirations are 20/min, and blood pressure is 102/74 mm Hg. Pulse oximetry on room air shows an oxygen saturation of 93%. The lungs are clear to auscultation. Cardiac examination shows no abnormalities. The left lower extremity is swollen and erythematous. Laboratory studies show a normal complete blood count, creatinine of 1.0 mg/dL, and a creatinine clearance of 81 mL/min (N = 75–115). Arterial blood gas analysis on room air shows: | pH 7.49 | PCO2 29 mm Hg | PO2 69 mm Hg | HCO3- 22 mEq/L | An x-ray of the chest shows no abnormalities.
CONVERSATION LOG:
None
QUESTION: Which of the following is the most appropriate next step in management?"
OPTIONS: A: CT pulmonary angiography, B: D-dimer levels, C: Catheter embolectomy, D: Low molecular weight heparin therapy
YOUR TASK: Assume that you already have enough information from the above question-answer pairs to answer the patient inquiry, use the above information to produce a factual conclusion. Respond with the correct letter choice (A, B, C, or D) and NOTHING ELSE.
LETTER CHOICE: 
[2026-04-10 16:36:57,421] [INFO] [<CHOICE LM RES>]: A
[2026-04-10 16:36:57,422] [INFO] [<CHOICE PARSED>]: A
[2026-04-10 16:36:57,422] [INFO] [FIXED ABSTAIN RETURN]: abstain: False, confidence: 0, letter_choice: A, usage: {'input_tokens': 491, 'output_tokens': 2}

[2026-04-10 16:36:57,422] [INFO] [Expert System]: {'type': 'choice', 'letter_choice': 'A', 'confidence': 0, 'usage': {'input_tokens': 491, 'output_tokens': 2}}
[2026-04-10 16:36:57,422] [INFO] |||||||||||||||||||| Interaction ended for patient #98 ||||||||||||||||||||



[2026-04-10 16:36:57,422] [INFO] |||||||||||||||||||| PATIENT #99 ||||||||||||||||||||
[2026-04-10 16:36:57,422] [INFO] ==================== Max Interaction Length (0 turns) Reached --> Force Final Answer ====================
[2026-04-10 16:36:57,422] [INFO] ++++++++++++++++++++ Start of Fixed Abstention [expert_functions.py:fixed_abstention_decision()] ++++++++++++++++++++
[2026-04-10 16:36:57,422] [INFO] [ABSTENTION RESPONSE]: False

[2026-04-10 16:36:57,422] [INFO] ++++++++++++++++++++ Start of Multiple Chocie Decision [expert_basics.py:expert_response_choice()] ++++++++++++++++++++
[2026-04-10 16:36:57,422] [INFO] [<CHOICE PROMPT>] [len(messages)=2] (messages[-1]):
A patient comes into the clinic presenting with a symptom as described in the conversation log below:
    
PATIENT INFORMATION: A 58-year-old Caucasian male with a history of peripheral vascular disease is admitted to the hospital with a painful, pulseless foot. He is prescribed antiplatelet and anticoagulant drugs.
CONVERSATION LOG:
None
QUESTION: Which of the following matches a drug with its correct characteristic?
OPTIONS: A: Warfarin: directly inhibits thrombin, B: Heparin: activates antithrombin 3, C: Aspirin: reversibly inhibits COX-1, D: Prasugrel: reduced risk of bleeding compared to other drugs in its class
YOUR TASK: Assume that you already have enough information from the above question-answer pairs to answer the patient inquiry, use the above information to produce a factual conclusion. Respond with the correct letter choice (A, B, C, or D) and NOTHING ELSE.
LETTER CHOICE: 
[2026-04-10 16:37:01,267] [INFO] [<CHOICE LM RES>]: B
[2026-04-10 16:37:01,268] [INFO] [<CHOICE PARSED>]: B
[2026-04-10 16:37:01,268] [INFO] [FIXED ABSTAIN RETURN]: abstain: False, confidence: 0, letter_choice: B, usage: {'input_tokens': 305, 'output_tokens': 2}

[2026-04-10 16:37:01,268] [INFO] [Expert System]: {'type': 'choice', 'letter_choice': 'B', 'confidence': 0, 'usage': {'input_tokens': 305, 'output_tokens': 2}}
[2026-04-10 16:37:01,268] [INFO] |||||||||||||||||||| Interaction ended for patient #99 ||||||||||||||||||||



